1	1.0	1.0	0.5	['G2', 'D3']	['P5']	[0, 5]	[2, 7]
1	2.0	0.5	1.0	['G2', 'D3', 'B-3', 'G4']	['P5', 'm10', 'P15', 'm6', 'P11', 'M6']	[0, 3, 7]	[7, 10, 2]
2	1.0	1.0	0.5	['G2', 'D3']	['P5']	[0, 5]	[2, 7]
2	2.0	0.5	1.0	['G2', 'D3', 'B-3', 'G4']	['P5', 'm10', 'P15', 'm6', 'P11', 'M6']	[0, 3, 7]	[7, 10, 2]
3	1.0	1.0	0.5	['G2', 'D3', 'D5']	['P5', 'P19', 'P15']	[0, 5]	[2, 7]
3	2.0	0.5	0.25	['G2', 'D3', 'B-3', 'G4', 'D5']	['P5', 'm10', 'P15', 'P19', 'm6', 'P11', 'M6', 'M10']	[0, 3, 7]	[7, 10, 2]
3	2.5	0.25	0.25	['G2', 'D3', 'B-3', 'G4', 'D5']	['P5', 'm10', 'P15', 'P19', 'm6', 'P11', 'M6', 'M10']	[0, 3, 7]	[7, 10, 2]
3	3.0	0.5	0.25	['G2', 'D3', 'B-3', 'G4', 'C5']	['P5', 'm10', 'P15', 'P18', 'm6', 'P11', 'm14', 'M6', 'M9', 'P4']	[0, 2, 4, 7]	[7, 10, 0, 2]
3	3.5	0.25	0.25	['G2', 'D3', 'B-3', 'G4', 'B-4']	['P5', 'm10', 'P15', 'm17', 'm6', 'P11', 'm13', 'M6', 'P8', 'm3']	[0, 3, 7]	[7, 10, 2]
4	1.0	1.0	0.25	['G2', 'D3', 'A4']	['P5', 'M16', 'P12']	[0, 2, 7]	[7, 9, 2]
4	1.5	0.25	0.25	['G2', 'D3', 'D5']	['P5', 'P19', 'P15']	[0, 5]	[2, 7]
4	2.0	0.5	0.75	['G2', 'D3', 'A3', 'F#4', 'A4']	['P5', 'M9', 'M14', 'M16', 'M10', 'P12', 'M6', 'P8', 'm3']	[0, 2, 3, 7]	[2, 6, 7, 9]
4	3.5	0.25	0.25	['G2', 'D3', 'A3', 'F#4', 'D5']	['P5', 'M9', 'M14', 'P19', 'M10', 'P15', 'M6', 'P11', 'm6']	[0, 2, 3, 7]	[2, 6, 7, 9]
5	1.0	1.0	0.5	['G2', 'E-3', 'F#5']	['m6', 'M21', 'A16']	[0, 1, 4]	[3, 6, 7]
5	2.0	0.5	0.25	['G2', 'D3', 'A3', 'F#4', 'F#5']	['P5', 'M9', 'M14', 'M21', 'M10', 'M17', 'M6', 'M13', 'P8']	[0, 2, 3, 7]	[2, 6, 7, 9]
5	2.5	0.25	0.25	['G2', 'D3', 'A3', 'F#4', 'D5']	['P5', 'M9', 'M14', 'P19', 'M10', 'P15', 'M6', 'P11', 'm6']	[0, 2, 3, 7]	[2, 6, 7, 9]
5	3.0	0.5	0.25	['G2', 'D3', 'A3', 'F#4', 'C5']	['P5', 'M9', 'M14', 'P18', 'M10', 'm14', 'M6', 'm10', 'd5']	[0, 1, 3, 6, 8]	[6, 7, 9, 0, 2]
5	3.5	0.25	0.25	['G2', 'D3', 'A3', 'F#4', 'A4']	['P5', 'M9', 'M14', 'M16', 'M10', 'P12', 'M6', 'P8', 'm3']	[0, 2, 3, 7]	[2, 6, 7, 9]
6	1.0	1.0	0.5	['G2', 'D3', 'B-4']	['P5', 'm17', 'm13']	[0, 3, 7]	[7, 10, 2]
6	2.0	0.5	0.5	['G2', 'D3', 'B-3', 'G4', 'B-4']	['P5', 'm10', 'P15', 'm17', 'm6', 'P11', 'm13', 'M6', 'P8', 'm3']	[0, 3, 7]	[7, 10, 2]
6	3.0	0.5	0.25	['G2', 'D3', 'B-3', 'G4']	['P5', 'm10', 'P15', 'm6', 'P11', 'M6']	[0, 3, 7]	[7, 10, 2]
6	3.5	0.25	0.25	['G2', 'D3', 'B-3', 'G4', 'B-4']	['P5', 'm10', 'P15', 'm17', 'm6', 'P11', 'm13', 'M6', 'P8', 'm3']	[0, 3, 7]	[7, 10, 2]
7	1.0	1.0	0.5	['G2', 'D3', 'D5']	['P5', 'P19', 'P15']	[0, 5]	[2, 7]
7	2.0	0.5	0.5	['G2', 'D3', 'B-3', 'G4', 'D5']	['P5', 'm10', 'P15', 'P19', 'm6', 'P11', 'M6', 'M10']	[0, 3, 7]	[7, 10, 2]
7	3.0	0.5	0.25	['G2', 'D3', 'B-3', 'G4', 'C5']	['P5', 'm10', 'P15', 'P18', 'm6', 'P11', 'm14', 'M6', 'M9', 'P4']	[0, 2, 4, 7]	[7, 10, 0, 2]
7	3.5	0.25	0.25	['G2', 'D3', 'B-3', 'G4', 'B-4']	['P5', 'm10', 'P15', 'm17', 'm6', 'P11', 'm13', 'M6', 'P8', 'm3']	[0, 3, 7]	[7, 10, 2]
8	1.0	1.0	0.25	['C2', 'C3', 'A-4']	['P8', 'm20', 'm13']	[0, 4]	[8, 0]
8	1.5	0.25	0.25	['C2', 'C3', 'E-5']	['P8', 'm24', 'm17']	[0, 3]	[0, 3]
8	2.0	0.5	0.75	['C2', 'C3', 'A-3', 'E-4', 'A-4']	['P8', 'm13', 'm17', 'm20', 'm6', 'm10', 'P5', 'P4']	[0, 3, 7]	[8, 0, 3]
8	3.5	0.25	0.25	['C2', 'C3', 'A-3', 'E-4', 'G4', 'A-4']	['P8', 'm13', 'm17', 'P19', 'm20', 'm6', 'm10', 'P12', 'P5', 'M7', 'M3', 'P4', 'm2']	[0, 1, 5, 8]	[7, 8, 0, 3]
9	1.0	1.0	0.25	['D2', 'D3', 'F#4']	['P8', 'M17', 'M10']	[0, 4]	[2, 6]
9	1.5	0.25	0.25	['D2', 'D3', 'A4']	['P8', 'P19', 'P12']	[0, 5]	[9, 2]
9	2.0	0.5	0.25	['D2', 'D3', 'A3', 'F#4', 'D5']	['P8', 'P12', 'M17', 'P22', 'P5', 'M10', 'P15', 'M6', 'P11', 'm6']	[0, 3, 7]	[2, 6, 9]
9	2.5	0.25	0.25	['D2', 'D3', 'A3', 'F#4', 'C5']	['P8', 'P12', 'M17', 'm21', 'P5', 'M10', 'm14', 'M6', 'm10', 'd5']	[0, 2, 5, 8]	[6, 9, 0, 2]
9	3.0	0.5	0.25	['D2', 'D3', 'A3', 'F#4', 'B-4']	['P8', 'P12', 'M17', 'm20', 'P5', 'M10', 'm13', 'M6', 'm9', 'd4']	[0, 1, 4, 8]	[2, 6, 9, 10]
9	3.5	0.25	0.25	['D2', 'D3', 'A3', 'F#4', 'A4']	['P8', 'P12', 'M17', 'P19', 'P5', 'M10', 'M6', 'm3']	[0, 3, 7]	[2, 6, 9]
10	1.0	1.0	0.5	['G2', 'D3', 'G4']	['P5', 'P15', 'P11']	[0, 5]	[2, 7]
10	2.0	0.5	0.5	['G2', 'D3', 'B-3', 'G4']	['P5', 'm10', 'P15', 'm6', 'P11', 'M6']	[0, 3, 7]	[7, 10, 2]
10	3.0	0.5	0.25	['G2', 'D3', 'B-3', 'G4']	['P5', 'm10', 'P15', 'm6', 'P11', 'M6']	[0, 3, 7]	[7, 10, 2]
10	3.5	0.25	0.25	['G2', 'D3', 'B-3', 'G4', 'D5']	['P5', 'm10', 'P15', 'P19', 'm6', 'P11', 'M6', 'M10']	[0, 3, 7]	[7, 10, 2]
11	1.0	1.0	0.5	['G2', 'D3', 'D5']	['P5', 'P19', 'P15']	[0, 5]	[2, 7]
11	2.0	0.5	0.5	['G2', 'D3', 'B3', 'F4', 'G4', 'D5']	['P5', 'M10', 'm14', 'P15', 'P19', 'M6', 'm10', 'P11', 'd5', 'm6', 'M2']	[0, 2, 5, 8]	[11, 2, 5, 7]
11	3.0	0.5	0.25	['G2', 'D3', 'B3', 'F4', 'G4', 'E-5']	['P5', 'M10', 'm14', 'P15', 'm20', 'M6', 'm10', 'P11', 'm16', 'd5', 'm6', 'd11', 'M2', 'm7']	[0, 2, 4, 5, 8]	[11, 2, 3, 5, 7]
11	3.5	0.25	0.25	['G2', 'D3', 'B3', 'F4', 'G4', 'F5']	['P5', 'M10', 'm14', 'P15', 'm21', 'M6', 'm10', 'P11', 'm17', 'd5', 'm6', 'd12', 'M2', 'P8', 'm7']	[0, 2, 5, 8]	[11, 2, 5, 7]
12	1.0	1.0	0.25	['C2', 'C3', 'E-5']	['P8', 'm24', 'm17']	[0, 3]	[0, 3]
12	1.5	0.25	0.25	['C2', 'C3', 'D5']	['P8', 'M23', 'M16']	[0, 2]	[0, 2]
12	2.0	0.5	0.75	['C2', 'C3', 'C4', 'E-4', 'G4', 'C5']	['P8', 'P15', 'm17', 'P19', 'P22', 'm10', 'P12', 'm3', 'P5', 'M3', 'M6', 'P4']	[0, 3, 7]	[0, 3, 7]
12	3.5	0.25	0.25	['C2', 'C3', 'C4', 'E-4', 'G4', 'B-4']	['P8', 'P15', 'm17', 'P19', 'm21', 'm10', 'P12', 'm14', 'm3', 'P5', 'm7', 'M3']	[0, 3, 5, 8]	[7, 10, 0, 3]
13	1.0	1.0	0.5	['F2', 'A4']	['M17']	[0, 4]	[5, 9]
13	2.0	0.5	0.25	['F2', 'A3', 'E-4', 'F4', 'A4']	['M10', 'm14', 'P15', 'M17', 'd5', 'm6', 'P8', 'M2', 'A4', 'M3']	[0, 2, 6]	[3, 5, 9]
13	2.5	0.25	0.25	['F2', 'A3', 'E-4', 'F4', 'E-5']	['M10', 'm14', 'P15', 'm21', 'd5', 'm6', 'd12', 'M2', 'P8', 'm7']	[0, 2, 6]	[3, 5, 9]
13	3.0	0.5	0.25	['F2', 'A3', 'E-4', 'F4', 'D5']	['M10', 'm14', 'P15', 'M20', 'd5', 'm6', 'P11', 'M2', 'M7', 'M6']	[0, 1, 3, 7]	[2, 3, 5, 9]
13	3.5	0.25	0.25	['F2', 'A3', 'E-4', 'F4', 'C#5']	['M10', 'm14', 'P15', 'A19', 'd5', 'm6', 'M2', 'A6', 'A5']	[0, 2, 4, 8]	[1, 3, 5, 9]
14	1.0	1.0	0.5	['B-2', 'D5']	['M17']	[0, 4]	[10, 2]
14	2.0	0.5	0.5	['B-2', 'B-3', 'D4', 'F4', 'D5']	['P8', 'M10', 'P12', 'M17', 'M3', 'P5', 'm3', 'M6']	[0, 3, 7]	[10, 2, 5]
14	3.0	0.5	0.25	['B-2', 'B-3', 'D4', 'F4']	['P8', 'M10', 'P12', 'M3', 'P5', 'm3']	[0, 3, 7]	[10, 2, 5]
14	3.5	0.25	0.25	['B-2', 'B-3', 'D4', 'F4', 'D5']	['P8', 'M10', 'P12', 'M17', 'M3', 'P5', 'm3', 'M6']	[0, 3, 7]	[10, 2, 5]
15	1.0	1.0	0.5	['G2', 'D3', 'D5']	['P5', 'P19', 'P15']	[0, 5]	[2, 7]
15	2.0	0.5	0.5	['G2', 'D3', 'B-3', 'G4', 'D5']	['P5', 'm10', 'P15', 'P19', 'm6', 'P11', 'M6', 'M10']	[0, 3, 7]	[7, 10, 2]
15	3.0	0.5	0.25	['G2', 'D3', 'B-3', 'G4', 'C5']	['P5', 'm10', 'P15', 'P18', 'm6', 'P11', 'm14', 'M6', 'M9', 'P4']	[0, 2, 4, 7]	[7, 10, 0, 2]
15	3.5	0.25	0.25	['G2', 'D3', 'B-3', 'G4', 'B-4']	['P5', 'm10', 'P15', 'm17', 'm6', 'P11', 'm13', 'M6', 'P8', 'm3']	[0, 3, 7]	[7, 10, 2]
16	1.0	1.0	0.25	['C2', 'C3', 'E-5']	['P8', 'm24', 'm17']	[0, 3]	[0, 3]
16	1.5	0.25	0.25	['C2', 'C3', 'C5']	['P8', 'P22', 'P15']	[0]	[0]
16	2.0	0.5	0.75	['C2', 'C3', 'C4', 'E-4', 'A-4']	['P8', 'P15', 'm17', 'm20', 'm10', 'm13', 'm3', 'm6', 'P4']	[0, 3, 7]	[8, 0, 3]
16	3.5	0.25	0.25	['C2', 'C3', 'C4', 'E-4', 'A-4']	['P8', 'P15', 'm17', 'm20', 'm10', 'm13', 'm3', 'm6', 'P4']	[0, 3, 7]	[8, 0, 3]
17	1.0	1.0	0.25	['C#2', 'C#3', 'G4']	['P8', 'd19', 'd12']	[0, 6]	[1, 7]
17	1.5	0.25	0.25	['C#2', 'C#3', 'A4']	['P8', 'm20', 'm13']	[0, 4]	[9, 1]
17	2.0	0.5	0.25	['C#2', 'C#3', 'B-3', 'E4', 'G4', 'B-4']	['P8', 'd14', 'm17', 'd19', 'd21', 'd7', 'm10', 'd12', 'A4', 'M6', 'm3', 'd5']	[0, 3, 6, 9]	[1, 4, 7, 10]
17	2.5	0.25	0.25	['C#2', 'C#3', 'B-3', 'E4', 'G4', 'A4']	['P8', 'd14', 'm17', 'd19', 'm20', 'd7', 'm10', 'd12', 'm13', 'A4', 'M6', 'M7', 'm3', 'P4', 'M2']	[0, 1, 3, 6, 9]	[1, 4, 7, 9, 10]
17	3.0	0.5	0.25	['C#2', 'C#3', 'B-3', 'E4', 'G4', 'B-4']	['P8', 'd14', 'm17', 'd19', 'd21', 'd7', 'm10', 'd12', 'A4', 'M6', 'm3', 'd5']	[0, 3, 6, 9]	[1, 4, 7, 10]
17	3.5	0.25	0.25	['C#2', 'C#3', 'B-3', 'E4', 'G4']	['P8', 'd14', 'm17', 'd19', 'd7', 'm10', 'd12', 'A4', 'M6', 'm3']	[0, 3, 6, 9]	[1, 4, 7, 10]
18	1.0	1.0	0.5	['D2', 'D3', 'D5']	['P8', 'P22', 'P15']	[0]	[2]
18	2.0	0.5	1.0	['D2', 'D3', 'A3', 'F#4', 'D5']	['P8', 'P12', 'M17', 'P22', 'P5', 'M10', 'P15', 'M6', 'P11', 'm6']	[0, 3, 7]	[2, 6, 9]
18	1.0	1.0	0.5	['D5']	[]	[0]	[2]
19	1.0	1.0	0.5	['D2', 'D3']	['P8']	[0]	[2]
19	2.0	0.5	0.75	['D2', 'D3', 'A3', 'F#4']	['P8', 'P12', 'M17', 'P5', 'M10', 'M6']	[0, 3, 7]	[2, 6, 9]
19	3.5	0.25	0.25	['D2', 'D3', 'A3', 'F#4', 'D5']	['P8', 'P12', 'M17', 'P22', 'P5', 'M10', 'P15', 'M6', 'P11', 'm6']	[0, 3, 7]	[2, 6, 9]
20	1.0	1.0	0.5	['G2', 'D3', 'D5']	['P5', 'P19', 'P15']	[0, 5]	[2, 7]
20	2.0	0.5	0.5	['G2', 'D3', 'B-3', 'G4', 'D5']	['P5', 'm10', 'P15', 'P19', 'm6', 'P11', 'M6', 'M10']	[0, 3, 7]	[7, 10, 2]
20	3.0	0.5	0.25	['G2', 'D3', 'B-3', 'G4', 'C5']	['P5', 'm10', 'P15', 'P18', 'm6', 'P11', 'm14', 'M6', 'M9', 'P4']	[0, 2, 4, 7]	[7, 10, 0, 2]
20	3.5	0.25	0.25	['G2', 'D3', 'B-3', 'G4', 'B-4']	['P5', 'm10', 'P15', 'm17', 'm6', 'P11', 'm13', 'M6', 'P8', 'm3']	[0, 3, 7]	[7, 10, 2]
21	1.0	1.0	0.25	['G2', 'D3', 'A4']	['P5', 'M16', 'P12']	[0, 2, 7]	[7, 9, 2]
21	1.5	0.25	0.25	['G2', 'D3', 'D5']	['P5', 'P19', 'P15']	[0, 5]	[2, 7]
21	2.0	0.5	0.75	['G2', 'D3', 'A3', 'F#4', 'A4']	['P5', 'M9', 'M14', 'M16', 'M10', 'P12', 'M6', 'P8', 'm3']	[0, 2, 3, 7]	[2, 6, 7, 9]
21	3.5	0.25	0.25	['G2', 'D3', 'A3', 'F#4', 'D5']	['P5', 'M9', 'M14', 'P19', 'M10', 'P15', 'M6', 'P11', 'm6']	[0, 2, 3, 7]	[2, 6, 7, 9]
22	1.0	1.0	0.5	['G2', 'E-3', 'F#5']	['m6', 'M21', 'A16']	[0, 1, 4]	[3, 6, 7]
22	2.0	0.5	0.25	['G2', 'D3', 'A3', 'F#4', 'F#5']	['P5', 'M9', 'M14', 'M21', 'M10', 'M17', 'M6', 'M13', 'P8']	[0, 2, 3, 7]	[2, 6, 7, 9]
22	2.5	0.25	0.25	['G2', 'D3', 'A3', 'F#4', 'D5']	['P5', 'M9', 'M14', 'P19', 'M10', 'P15', 'M6', 'P11', 'm6']	[0, 2, 3, 7]	[2, 6, 7, 9]
22	3.0	0.5	0.25	['G2', 'D3', 'A3', 'F#4', 'C5']	['P5', 'M9', 'M14', 'P18', 'M10', 'm14', 'M6', 'm10', 'd5']	[0, 1, 3, 6, 8]	[6, 7, 9, 0, 2]
22	3.5	0.25	0.25	['G2', 'D3', 'A3', 'F#4', 'A4']	['P5', 'M9', 'M14', 'M16', 'M10', 'P12', 'M6', 'P8', 'm3']	[0, 2, 3, 7]	[2, 6, 7, 9]
23	1.0	1.0	0.5	['G2', 'D3', 'B-4']	['P5', 'm17', 'm13']	[0, 3, 7]	[7, 10, 2]
23	2.0	0.5	0.5	['G2', 'D3', 'B-3', 'G4', 'B-4']	['P5', 'm10', 'P15', 'm17', 'm6', 'P11', 'm13', 'M6', 'P8', 'm3']	[0, 3, 7]	[7, 10, 2]
23	3.0	0.5	0.25	['G2', 'D3', 'B-3', 'G4']	['P5', 'm10', 'P15', 'm6', 'P11', 'M6']	[0, 3, 7]	[7, 10, 2]
23	3.5	0.25	0.25	['G2', 'D3', 'B-3', 'G4', 'D5']	['P5', 'm10', 'P15', 'P19', 'm6', 'P11', 'M6', 'M10']	[0, 3, 7]	[7, 10, 2]
24	1.0	1.0	0.5	['G2', 'D3', 'D5']	['P5', 'P19', 'P15']	[0, 5]	[2, 7]
24	2.0	0.5	0.5	['G2', 'D3', 'B-3', 'G4', 'D5']	['P5', 'm10', 'P15', 'P19', 'm6', 'P11', 'M6', 'M10']	[0, 3, 7]	[7, 10, 2]
24	3.0	0.5	0.25	['G2', 'D3', 'B-3', 'G4', 'C5']	['P5', 'm10', 'P15', 'P18', 'm6', 'P11', 'm14', 'M6', 'M9', 'P4']	[0, 2, 4, 7]	[7, 10, 0, 2]
24	3.5	0.25	0.25	['G2', 'D3', 'B-3', 'G4', 'B-4']	['P5', 'm10', 'P15', 'm17', 'm6', 'P11', 'm13', 'M6', 'P8', 'm3']	[0, 3, 7]	[7, 10, 2]
25	1.0	1.0	0.25	['C2', 'C3', 'A-4']	['P8', 'm20', 'm13']	[0, 4]	[8, 0]
25	1.5	0.25	0.25	['C2', 'C3', 'E-5']	['P8', 'm24', 'm17']	[0, 3]	[0, 3]
25	2.0	0.5	0.75	['C2', 'C3', 'C4', 'E-4', 'A-4']	['P8', 'P15', 'm17', 'm20', 'm10', 'm13', 'm3', 'm6', 'P4']	[0, 3, 7]	[8, 0, 3]
25	3.5	0.25	0.25	['C2', 'C3', 'C4', 'E-4', 'G4', 'A-4']	['P8', 'P15', 'm17', 'P19', 'm20', 'm10', 'P12', 'm13', 'm3', 'P5', 'm6', 'M3', 'P4', 'm2']	[0, 1, 5, 8]	[7, 8, 0, 3]
26	1.0	1.0	0.25	['D2', 'D3', 'F#4']	['P8', 'M17', 'M10']	[0, 4]	[2, 6]
26	1.5	0.25	0.25	['D2', 'D3', 'A4']	['P8', 'P19', 'P12']	[0, 5]	[9, 2]
26	2.0	0.5	0.25	['D2', 'D3', 'A3', 'F#4', 'D5']	['P8', 'P12', 'M17', 'P22', 'P5', 'M10', 'P15', 'M6', 'P11', 'm6']	[0, 3, 7]	[2, 6, 9]
26	2.5	0.25	0.25	['D2', 'D3', 'A3', 'F#4', 'C5']	['P8', 'P12', 'M17', 'm21', 'P5', 'M10', 'm14', 'M6', 'm10', 'd5']	[0, 2, 5, 8]	[6, 9, 0, 2]
26	3.0	0.5	0.25	['D2', 'D3', 'A3', 'F#4', 'B-4']	['P8', 'P12', 'M17', 'm20', 'P5', 'M10', 'm13', 'M6', 'm9', 'd4']	[0, 1, 4, 8]	[2, 6, 9, 10]
26	3.5	0.25	0.25	['D2', 'D3', 'A3', 'F#4', 'A4']	['P8', 'P12', 'M17', 'P19', 'P5', 'M10', 'M6', 'm3']	[0, 3, 7]	[2, 6, 9]
27	1.0	1.0	0.5	['G2', 'D3', 'G4']	['P5', 'P15', 'P11']	[0, 5]	[2, 7]
27	2.0	0.5	0.5	['G2', 'D3', 'B-3', 'G4']	['P5', 'm10', 'P15', 'm6', 'P11', 'M6']	[0, 3, 7]	[7, 10, 2]
27	3.0	0.5	0.5	['G2', 'D3', 'B-3', 'G4']	['P5', 'm10', 'P15', 'm6', 'P11', 'M6']	[0, 3, 7]	[7, 10, 2]
28	1.0	1.0	0.5	['G2', 'D3']	['P5']	[0, 5]	[2, 7]
28	2.0	0.5	0.5	['G2', 'D3', 'B-3', 'G4']	['P5', 'm10', 'P15', 'm6', 'P11', 'M6']	[0, 3, 7]	[7, 10, 2]
28	3.0	0.5	0.25	['G2', 'D3', 'B-3', 'G4']	['P5', 'm10', 'P15', 'm6', 'P11', 'M6']	[0, 3, 7]	[7, 10, 2]
28	3.5	0.25	0.25	['G2', 'D3', 'B-3', 'G4', 'B4']	['P5', 'm10', 'P15', 'M17', 'm6', 'P11', 'M13', 'M6', 'A8', 'M3']	[0, 3, 4, 7]	[7, 10, 11, 2]
29	1.0	1.0	0.25	['D3', 'F3', 'G3', 'B3', 'B4']	['m3', 'P4', 'M6', 'M13', 'M2', 'A4', 'A11', 'M3', 'M10', 'P8']	[0, 2, 5, 8]	[11, 2, 5, 7]
29	1.5	0.25	0.25	['D3', 'F3', 'G3', 'D4', 'B4']	['m3', 'P4', 'P8', 'M13', 'M2', 'M6', 'A11', 'P5', 'M10']	[0, 2, 5, 8]	[11, 2, 5, 7]
29	2.0	0.5	0.25	['G2', 'F3', 'G3', 'G4', 'B4']	['m7', 'P8', 'P15', 'M17', 'M2', 'M9', 'A11', 'M10', 'M3']	[0, 2, 6]	[5, 7, 11]
29	2.5	0.25	0.25	['G2', 'F3', 'G3', 'D4', 'B4']	['m7', 'P8', 'P12', 'M17', 'M2', 'M6', 'A11', 'P5', 'M10']	[0, 2, 5, 8]	[11, 2, 5, 7]
29	3.0	0.5	0.25	['G2', 'F3', 'G3', 'B3', 'A4']	['m7', 'P8', 'M10', 'M16', 'M2', 'A4', 'M3', 'M9']	[0, 2, 4, 6]	[5, 7, 9, 11]
29	3.5	0.25	0.25	['G2', 'F3', 'G3', 'D4', 'G4']	['m7', 'P8', 'P12', 'P15', 'M2', 'M6', 'M9', 'P5', 'P4']	[0, 2, 5]	[2, 5, 7]
30	1.0	1.0	0.25	['G2', 'E3', 'G3', 'C4', 'G4']	['M6', 'P8', 'P11', 'P15', 'm3', 'm6', 'm10', 'P4', 'P5']	[0, 3, 7]	[0, 4, 7]
30	1.5	0.25	0.25	['G2', 'E3', 'G3', 'E4', 'E5']	['M6', 'P8', 'M13', 'M20', 'm3', 'P15']	[0, 3]	[4, 7]
30	2.0	0.5	0.25	['C3', 'E3', 'G3', 'G4', 'E5']	['M3', 'P5', 'P12', 'M17', 'm3', 'm10', 'P15', 'P8', 'M13', 'M6']	[0, 3, 7]	[0, 4, 7]
30	2.5	0.25	0.25	['C3', 'E3', 'G3', 'E4', 'E5']	['M3', 'P5', 'M10', 'M17', 'm3', 'P8', 'P15', 'M6', 'M13']	[0, 3, 7]	[0, 4, 7]
30	3.0	0.5	0.25	['C3', 'E3', 'G3', 'C4', 'E5']	['M3', 'P5', 'P8', 'M17', 'm3', 'm6', 'P15', 'P4', 'M13', 'M10']	[0, 3, 7]	[0, 4, 7]
30	3.5	0.25	0.25	['C3', 'E3', 'G3', 'E4', 'E5']	['M3', 'P5', 'M10', 'M17', 'm3', 'P8', 'P15', 'M6', 'M13']	[0, 3, 7]	[0, 4, 7]
31	1.0	1.0	0.25	['C#3', 'G3', 'A3', 'E5']	['d5', 'm6', 'm17', 'M2', 'M13', 'P12']	[0, 2, 5, 8]	[1, 4, 7, 9]
31	1.5	0.25	0.25	['C#3', 'G3', 'E4', 'E5']	['d5', 'm10', 'm17', 'M6', 'M13', 'P8']	[0, 3, 6]	[1, 4, 7]
31	2.0	0.5	0.25	['A2', 'G3', 'A4']	['m7', 'P15', 'M9']	[0, 2]	[7, 9]
31	2.5	0.25	0.25	['A2', 'G3', 'E4', 'A4']	['m7', 'P12', 'P15', 'M6', 'M9', 'P4']	[0, 2, 5]	[4, 7, 9]
31	3.0	0.5	0.25	['A2', 'G3', 'A3', 'C#5']	['m7', 'P8', 'M17', 'M2', 'A11', 'M10']	[0, 2, 6]	[7, 9, 1]
31	3.5	0.25	0.25	['A2', 'G3', 'E4', 'B4']	['m7', 'P12', 'M16', 'M6', 'M10', 'P5']	[0, 2, 4, 7]	[4, 7, 9, 11]
32	1.0	1.0	0.25	['A2', 'F#3', 'A3', 'A4']	['M6', 'P8', 'P15', 'm3', 'm10']	[0, 3]	[6, 9]
32	1.5	0.25	0.25	['A2', 'F#3', 'F#4', 'A4']	['M6', 'M13', 'P15', 'P8', 'm10', 'm3']	[0, 3]	[6, 9]
32	2.0	0.5	0.25	['D3', 'F#3', 'A4']	['M3', 'P12', 'm10']	[0, 3, 7]	[2, 6, 9]
32	2.5	0.25	0.25	['D3', 'F#3', 'F#4', 'A4']	['M3', 'M10', 'P12', 'P8', 'm10', 'm3']	[0, 3, 7]	[2, 6, 9]
32	3.0	0.5	0.25	['D3', 'F#3', 'A3']	['M3', 'P5', 'm3']	[0, 3, 7]	[2, 6, 9]
32	3.5	0.25	0.25	['D3', 'F#3', 'F#4', 'D5']	['M3', 'M10', 'P15', 'P8', 'm13', 'm6']	[0, 4]	[2, 6]
33	1.0	1.0	0.25	['F#3', 'C4', 'C5']	['d5', 'd12', 'P8']	[0, 6]	[0, 6]
33	1.5	0.25	0.25	['F#3', 'D4', 'C5']	['m6', 'd12', 'm7']	[0, 2, 6]	[0, 2, 6]
33	2.0	0.5	0.25	['D3', 'A4']	['P12']	[0, 5]	[9, 2]
33	2.5	0.25	0.25	['D3', 'D4', 'A4']	['P8', 'P12', 'P5']	[0, 5]	[9, 2]
33	3.0	0.5	0.25	['D3', 'C4', 'A4']	['m7', 'P12', 'M6']	[0, 2, 5]	[9, 0, 2]
33	3.5	0.25	0.25	['F#3', 'D4', 'D5']	['m6', 'm13', 'P8']	[0, 4]	[2, 6]
34	1.0	1.0	0.25	['G3', 'B3', 'B4']	['M3', 'M10', 'P8']	[0, 4]	[7, 11]
34	1.5	0.25	0.25	['G3', 'D4', 'D5']	['P5', 'P12', 'P8']	[0, 5]	[2, 7]
34	2.0	0.5	0.25	['D3', 'G4', 'G5']	['P11', 'P18', 'P8']	[0, 5]	[2, 7]
34	2.5	0.25	0.25	['D3', 'D4', 'G5']	['P8', 'P18', 'P11']	[0, 5]	[2, 7]
34	3.0	0.5	0.25	['D3', 'B3', 'G5']	['M6', 'P18', 'm13']	[0, 3, 7]	[7, 11, 2]
34	3.5	0.25	0.25	['G3', 'D4', 'E5']	['P5', 'M13', 'M9']	[0, 2, 5]	[2, 4, 7]
35	1.0	1.0	0.25	['A3', 'C4', 'D5']	['m3', 'P11', 'M9']	[0, 2, 5]	[9, 0, 2]
35	1.5	0.25	0.25	['A3', 'D4', 'C#5']	['P4', 'M10', 'M7']	[0, 1, 5]	[9, 1, 2]
35	2.0	0.5	0.25	['D3', 'F#4', 'E5']	['M10', 'M16', 'm7']	[0, 2, 4]	[2, 4, 6]
35	2.5	0.25	0.25	['D3', 'D4', 'D5']	['P8', 'P15']	[0]	[2]
35	3.0	0.5	0.25	['D3', 'C4', 'C#5']	['m7', 'M14', 'A8']	[0, 1, 2]	[0, 1, 2]
35	3.5	0.25	0.25	['A3', 'D4', 'D5']	['P4', 'P11', 'P8']	[0, 5]	[9, 2]
36	1.0	1.0	0.25	['G3', 'B3', 'B4']	['M3', 'M10', 'P8']	[0, 4]	[7, 11]
36	1.5	0.25	0.25	['G3', 'D4', 'B4']	['P5', 'M10', 'M6']	[0, 3, 7]	[7, 11, 2]
36	2.0	0.5	0.25	['D3', 'G4', 'B4']	['P11', 'M13', 'M3']	[0, 3, 7]	[7, 11, 2]
36	2.5	0.25	0.25	['D3', 'D4', 'B4']	['P8', 'M13', 'M6']	[0, 3]	[11, 2]
36	3.0	0.5	0.25	['D3', 'B3']	['M6']	[0, 3]	[11, 2]
36	3.5	0.25	0.25	['G3', 'D4', 'D5']	['P5', 'P12', 'P8']	[0, 5]	[2, 7]
37	1.0	1.0	0.25	['F#3', 'C4', 'C5']	['d5', 'd12', 'P8']	[0, 6]	[0, 6]
37	1.5	0.25	0.25	['F#3', 'D4', 'C5']	['m6', 'd12', 'm7']	[0, 2, 6]	[0, 2, 6]
37	2.0	0.5	0.25	['D3', 'A4']	['P12']	[0, 5]	[9, 2]
37	2.5	0.25	0.25	['D3', 'D4', 'A4']	['P8', 'P12', 'P5']	[0, 5]	[9, 2]
37	3.0	0.5	0.25	['D3', 'C4', 'A4']	['m7', 'P12', 'M6']	[0, 2, 5]	[9, 0, 2]
37	3.5	0.25	0.25	['F#3', 'D4', 'D5']	['m6', 'm13', 'P8']	[0, 4]	[2, 6]
38	1.0	1.0	0.25	['G3', 'B3', 'B4']	['M3', 'M10', 'P8']	[0, 4]	[7, 11]
38	1.5	0.25	0.25	['G3', 'D4', 'D5']	['P5', 'P12', 'P8']	[0, 5]	[2, 7]
38	2.0	0.5	0.25	['G2', 'G4', 'G5']	['P15', 'P22', 'P8']	[0]	[7]
38	2.5	0.25	0.25	['G2', 'G3', 'G5']	['P8', 'P22', 'P15']	[0]	[7]
38	3.0	0.5	0.25	['G2', 'G3', 'B3', 'G5']	['P8', 'M10', 'P22', 'M3', 'P15', 'm13']	[0, 4]	[7, 11]
38	3.5	0.25	0.25	['E2', 'E3', 'G3', 'G4']	['P8', 'm10', 'm17', 'm3']	[0, 3]	[4, 7]
39	1.0	1.0	0.25	['D2', 'D3', 'G3', 'B3', 'G4']	['P8', 'P11', 'M13', 'P18', 'P4', 'M6', 'M3', 'm6']	[0, 3, 7]	[7, 11, 2]
39	1.5	0.25	0.25	['D2', 'D3', 'G3', 'B3', 'G4', 'B4']	['P8', 'P11', 'M13', 'P18', 'M20', 'P4', 'M6', 'M3', 'M10', 'm6']	[0, 3, 7]	[7, 11, 2]
39	2.0	0.5	0.375	['D2', 'D3', 'G3', 'B3', 'G4', 'D5']	['P8', 'P11', 'M13', 'P18', 'P22', 'P4', 'M6', 'P15', 'M3', 'P12', 'm6', 'm10', 'P5']	[0, 3, 7]	[7, 11, 2]
39	2.75	0.125	0.0625	['D2', 'D3', 'G3', 'B3', 'G4', 'E5']	['P8', 'P11', 'M13', 'P18', 'M23', 'P4', 'M6', 'M16', 'M3', 'm6']	[0, 3, 5, 8]	[11, 2, 4, 7]
39	2.875	0.0625	0.0625	['D2', 'D3', 'G3', 'B3', 'G4', 'D5']	['P8', 'P11', 'M13', 'P18', 'P22', 'P4', 'M6', 'P15', 'M3', 'P12', 'm6', 'm10', 'P5']	[0, 3, 7]	[7, 11, 2]
39	3.0	0.5	0.25	['D2', 'D3', 'A3', 'C4', 'F#4', 'C5']	['P8', 'P12', 'm14', 'M17', 'm21', 'P5', 'm7', 'M10', 'm3', 'M6', 'm10', 'A4', 'd5']	[0, 2, 5, 8]	[6, 9, 0, 2]
39	3.5	0.25	0.25	['D2', 'D3', 'A3', 'C4', 'F#4']	['P8', 'P12', 'm14', 'M17', 'P5', 'm7', 'M10', 'm3', 'M6', 'A4']	[0, 2, 5, 8]	[6, 9, 0, 2]
40	1.0	1.0	0.25	['G2', 'D3', 'B3', 'G4']	['P5', 'M10', 'P15', 'M6', 'P11', 'm6']	[0, 3, 7]	[7, 11, 2]
40	1.5	0.25	0.25	['G2', 'D3', 'D4', 'G4']	['P5', 'P12', 'P15', 'P8', 'P11', 'P4']	[0, 5]	[2, 7]
40	2.0	0.5	0.25	['G2', 'D3', 'G4']	['P5', 'P15', 'P11']	[0, 5]	[2, 7]
40	2.5	0.25	0.25	['G2', 'D3', 'D4', 'G4']	['P5', 'P12', 'P15', 'P8', 'P11', 'P4']	[0, 5]	[2, 7]
40	3.0	0.5	0.25	['G2', 'D3', 'B3']	['P5', 'M10', 'M6']	[0, 3, 7]	[7, 11, 2]
40	3.5	0.25	0.25	['G2', 'D3', 'G3', 'D5']	['P5', 'P8', 'P19', 'P4', 'P15', 'P12']	[0, 5]	[2, 7]
41	1.0	1.0	0.25	['C#3', 'G3', 'E5']	['d5', 'm17', 'M13']	[0, 3, 6]	[1, 4, 7]
41	1.5	0.25	0.25	['C#3', 'A3', 'E5']	['m6', 'm17', 'P12']	[0, 3, 7]	[9, 1, 4]
41	2.0	0.5	0.25	['A2', 'E4', 'A4']	['P12', 'P15', 'P4']	[0, 5]	[4, 9]
41	2.5	0.25	0.25	['A2', 'A3', 'A4']	['P8', 'P15']	[0]	[9]
41	3.0	0.5	0.25	['A2', 'G3', 'A4']	['m7', 'P15', 'M9']	[0, 2]	[7, 9]
41	3.5	0.25	0.25	['C#3', 'A3', 'E5']	['m6', 'm17', 'P12']	[0, 3, 7]	[9, 1, 4]
42	1.0	1.0	0.25	['D3', 'F#3', 'E5']	['M3', 'M16', 'm14']	[0, 2, 4]	[2, 4, 6]
42	1.5	0.25	0.25	['D3', 'A3', 'F#5']	['P5', 'M17', 'M13']	[0, 3, 7]	[2, 6, 9]
42	2.0	0.5	0.25	['A2', 'D4', 'D5']	['P11', 'P18', 'P8']	[0, 5]	[9, 2]
42	2.5	0.25	0.25	['A2', 'A3', 'D5']	['P8', 'P18', 'P11']	[0, 5]	[9, 2]
42	3.0	0.5	0.25	['A2', 'F#3', 'D5']	['M6', 'P18', 'm13']	[0, 3, 7]	[2, 6, 9]
42	3.5	0.25	0.25	['D3', 'A3', 'D5']	['P5', 'P15', 'P11']	[0, 5]	[9, 2]
43	1.0	1.0	0.25	['E3', 'G3', 'D5']	['m3', 'm14', 'P12']	[0, 2, 5]	[2, 4, 7]
43	1.5	0.25	0.25	['E3', 'A3', 'C#5']	['P4', 'M13', 'M10']	[0, 3, 7]	[9, 1, 4]
43	2.0	0.5	0.25	['A2', 'C#4', 'B4']	['M10', 'M16', 'm7']	[0, 2, 4]	[9, 11, 1]
43	2.5	0.25	0.25	['A2', 'A3', 'A4']	['P8', 'P15']	[0]	[9]
43	3.0	0.5	0.25	['A2', 'G3', 'B4']	['m7', 'M16', 'M10']	[0, 2, 4]	[7, 9, 11]
43	3.5	0.25	0.25	['E3', 'A3', 'C#5']	['P4', 'M13', 'M10']	[0, 3, 7]	[9, 1, 4]
44	1.0	1.0	0.25	['D3', 'F#3', 'C#5']	['M3', 'M14', 'P12']	[0, 1, 5]	[1, 2, 6]
44	1.5	0.25	0.25	['D3', 'A3', 'C#5']	['P5', 'M14', 'M10']	[0, 1, 5]	[9, 1, 2]
44	2.0	0.5	0.25	['A2', 'D4', 'D5']	['P11', 'P18', 'P8']	[0, 5]	[9, 2]
44	2.5	0.25	0.25	['A2', 'A3', 'D5']	['P8', 'P18', 'P11']	[0, 5]	[9, 2]
44	3.0	0.5	0.25	['A2', 'F#3']	['M6']	[0, 3]	[6, 9]
44	3.5	0.25	0.25	['D3', 'A3', 'D5']	['P5', 'P15', 'P11']	[0, 5]	[9, 2]
45	1.0	1.0	0.25	['C#3', 'G3', 'E5']	['d5', 'm17', 'M13']	[0, 3, 6]	[1, 4, 7]
45	1.5	0.25	0.25	['C#3', 'A3', 'E5']	['m6', 'm17', 'P12']	[0, 3, 7]	[9, 1, 4]
45	2.0	0.5	0.25	['A2', 'E4', 'A4']	['P12', 'P15', 'P4']	[0, 5]	[4, 9]
45	2.5	0.25	0.25	['A2', 'A3', 'A4']	['P8', 'P15']	[0]	[9]
45	3.0	0.5	0.25	['A2', 'G3', 'A4']	['m7', 'P15', 'M9']	[0, 2]	[7, 9]
45	3.5	0.25	0.25	['C#3', 'A3', 'E5']	['m6', 'm17', 'P12']	[0, 3, 7]	[9, 1, 4]
46	1.0	1.0	0.25	['D3', 'F#3', 'G5']	['M3', 'P18', 'm16']	[0, 1, 5]	[2, 6, 7]
46	1.5	0.25	0.25	['D3', 'A3', 'F#5']	['P5', 'M17', 'M13']	[0, 3, 7]	[2, 6, 9]
46	2.0	0.5	0.25	['A2', 'D4', 'D5']	['P11', 'P18', 'P8']	[0, 5]	[9, 2]
46	2.5	0.25	0.25	['A2', 'A3', 'D5']	['P8', 'P18', 'P11']	[0, 5]	[9, 2]
46	3.0	0.5	0.25	['A2', 'F#3', 'D5']	['M6', 'P18', 'm13']	[0, 3, 7]	[2, 6, 9]
46	3.5	0.25	0.25	['D3', 'A3', 'D5']	['P5', 'P15', 'P11']	[0, 5]	[9, 2]
47	1.0	1.0	0.25	['E3', 'G3', 'D5']	['m3', 'm14', 'P12']	[0, 2, 5]	[2, 4, 7]
47	1.5	0.25	0.25	['E3', 'A3', 'C#5']	['P4', 'M13', 'M10']	[0, 3, 7]	[9, 1, 4]
47	2.0	0.5	0.25	['A2', 'C#4', 'E5']	['M10', 'P19', 'm10']	[0, 3, 7]	[9, 1, 4]
47	2.5	0.25	0.25	['A2', 'A3', 'C#5']	['P8', 'M17', 'M10']	[0, 4]	[9, 1]
47	3.0	0.5	0.25	['A2', 'G3', 'B4']	['m7', 'M16', 'M10']	[0, 2, 4]	[7, 9, 11]
47	3.5	0.25	0.25	['E3', 'A3', 'A4']	['P4', 'P11', 'P8']	[0, 5]	[4, 9]
48	1.0	1.0	0.25	['D3', 'F#3', 'D5']	['M3', 'P15', 'm13']	[0, 4]	[2, 6]
48	1.5	0.25	0.25	['D3', 'A3', 'D5']	['P5', 'P15', 'P11']	[0, 5]	[9, 2]
48	2.0	0.5	0.25	['D3', 'D4', 'D5']	['P8', 'P15']	[0]	[2]
48	2.5	0.25	0.25	['D3', 'A3', 'E5']	['P5', 'M16', 'P12']	[0, 2, 7]	[2, 4, 9]
48	3.0	0.5	0.25	['D3', 'F#3', 'D5']	['M3', 'P15', 'm13']	[0, 4]	[2, 6]
48	3.5	0.25	0.25	['D3', 'A3', 'C5']	['P5', 'm14', 'm10']	[0, 2, 5]	[9, 0, 2]
49	1.0	1.0	0.25	['D3', 'F3', 'G3', 'B3', 'B4']	['m3', 'P4', 'M6', 'M13', 'M2', 'A4', 'A11', 'M3', 'M10', 'P8']	[0, 2, 5, 8]	[11, 2, 5, 7]
49	1.5	0.25	0.25	['D3', 'F3', 'G3', 'D4', 'B4']	['m3', 'P4', 'P8', 'M13', 'M2', 'M6', 'A11', 'P5', 'M10']	[0, 2, 5, 8]	[11, 2, 5, 7]
49	2.0	0.5	0.25	['G2', 'F3', 'G3', 'G4', 'B4']	['m7', 'P8', 'P15', 'M17', 'M2', 'M9', 'A11', 'M10', 'M3']	[0, 2, 6]	[5, 7, 11]
49	2.5	0.25	0.25	['G2', 'F3', 'G3', 'D4', 'A4']	['m7', 'P8', 'P12', 'M16', 'M2', 'M6', 'M10', 'P5', 'M9']	[0, 2, 4, 7]	[2, 5, 7, 9]
49	3.0	0.5	0.25	['G2', 'F3', 'G3', 'B3', 'G4']	['m7', 'P8', 'M10', 'P15', 'M2', 'A4', 'M9', 'M3', 'm6']	[0, 2, 6]	[5, 7, 11]
49	3.5	0.25	0.25	['G2', 'F3', 'G3', 'D4', 'G4']	['m7', 'P8', 'P12', 'P15', 'M2', 'M6', 'M9', 'P5', 'P4']	[0, 2, 5]	[2, 5, 7]
50	1.0	1.0	0.25	['G2', 'E3', 'G3', 'C4', 'G4']	['M6', 'P8', 'P11', 'P15', 'm3', 'm6', 'm10', 'P4', 'P5']	[0, 3, 7]	[0, 4, 7]
50	1.5	0.25	0.25	['G2', 'E3', 'G3', 'E4', 'E5']	['M6', 'P8', 'M13', 'M20', 'm3', 'P15']	[0, 3]	[4, 7]
50	2.0	0.5	0.25	['C3', 'E3', 'G3', 'G4', 'E5']	['M3', 'P5', 'P12', 'M17', 'm3', 'm10', 'P15', 'P8', 'M13', 'M6']	[0, 3, 7]	[0, 4, 7]
50	2.5	0.25	0.25	['C3', 'E3', 'G3', 'E4', 'E5']	['M3', 'P5', 'M10', 'M17', 'm3', 'P8', 'P15', 'M6', 'M13']	[0, 3, 7]	[0, 4, 7]
50	3.0	0.5	0.25	['C3', 'E3', 'G3', 'C4', 'E5']	['M3', 'P5', 'P8', 'M17', 'm3', 'm6', 'P15', 'P4', 'M13', 'M10']	[0, 3, 7]	[0, 4, 7]
50	3.5	0.25	0.25	['C3', 'E3', 'G3', 'E4', 'E5']	['M3', 'P5', 'M10', 'M17', 'm3', 'P8', 'P15', 'M6', 'M13']	[0, 3, 7]	[0, 4, 7]
51	1.0	1.0	0.25	['C#3', 'G3', 'A3', 'E5']	['d5', 'm6', 'm17', 'M2', 'M13', 'P12']	[0, 2, 5, 8]	[1, 4, 7, 9]
51	1.5	0.25	0.25	['C#3', 'G3', 'E4', 'A4']	['d5', 'm10', 'm13', 'M6', 'M9', 'P4']	[0, 2, 5, 8]	[1, 4, 7, 9]
51	2.0	0.5	0.25	['A2', 'G3', 'A4']	['m7', 'P15', 'M9']	[0, 2]	[7, 9]
51	2.5	0.25	0.25	['A2', 'G3', 'E4', 'A4']	['m7', 'P12', 'P15', 'M6', 'M9', 'P4']	[0, 2, 5]	[4, 7, 9]
51	3.0	0.5	0.25	['A2', 'G3', 'A3', 'C#5']	['m7', 'P8', 'M17', 'M2', 'A11', 'M10']	[0, 2, 6]	[7, 9, 1]
51	3.5	0.25	0.25	['A2', 'G3', 'E4', 'B4']	['m7', 'P12', 'M16', 'M6', 'M10', 'P5']	[0, 2, 4, 7]	[4, 7, 9, 11]
52	1.0	1.0	0.25	['A2', 'F#3', 'A3', 'A4']	['M6', 'P8', 'P15', 'm3', 'm10']	[0, 3]	[6, 9]
52	1.5	0.25	0.25	['A2', 'F#3', 'F#4', 'A4']	['M6', 'M13', 'P15', 'P8', 'm10', 'm3']	[0, 3]	[6, 9]
52	2.0	0.5	0.25	['D3', 'F#3', 'A4']	['M3', 'P12', 'm10']	[0, 3, 7]	[2, 6, 9]
52	2.5	0.25	0.25	['D3', 'F#3', 'F#4', 'A4']	['M3', 'M10', 'P12', 'P8', 'm10', 'm3']	[0, 3, 7]	[2, 6, 9]
52	3.0	0.5	0.25	['D3', 'F#3', 'A3']	['M3', 'P5', 'm3']	[0, 3, 7]	[2, 6, 9]
52	3.5	0.25	0.25	['D3', 'F#3', 'F#4', 'D5']	['M3', 'M10', 'P15', 'P8', 'm13', 'm6']	[0, 4]	[2, 6]
53	1.0	1.0	0.25	['F#3', 'C4', 'C5']	['d5', 'd12', 'P8']	[0, 6]	[0, 6]
53	1.5	0.25	0.25	['F#3', 'D4', 'C5']	['m6', 'd12', 'm7']	[0, 2, 6]	[0, 2, 6]
53	2.0	0.5	0.25	['D3', 'A4']	['P12']	[0, 5]	[9, 2]
53	2.5	0.25	0.25	['D3', 'D4', 'A4']	['P8', 'P12', 'P5']	[0, 5]	[9, 2]
53	3.0	0.5	0.25	['D3', 'C4', 'A4']	['m7', 'P12', 'M6']	[0, 2, 5]	[9, 0, 2]
53	3.5	0.25	0.25	['F#3', 'D4', 'D5']	['m6', 'm13', 'P8']	[0, 4]	[2, 6]
54	1.0	1.0	0.25	['G3', 'B3', 'B4']	['M3', 'M10', 'P8']	[0, 4]	[7, 11]
54	1.5	0.25	0.25	['G3', 'D4', 'D5']	['P5', 'P12', 'P8']	[0, 5]	[2, 7]
54	2.0	0.5	0.25	['D3', 'G4', 'G5']	['P11', 'P18', 'P8']	[0, 5]	[2, 7]
54	2.5	0.25	0.25	['D3', 'D4', 'G5']	['P8', 'P18', 'P11']	[0, 5]	[2, 7]
54	3.0	0.5	0.25	['D3', 'B3', 'G5']	['M6', 'P18', 'm13']	[0, 3, 7]	[7, 11, 2]
54	3.5	0.25	0.25	['G3', 'D4', 'E5']	['P5', 'M13', 'M9']	[0, 2, 5]	[2, 4, 7]
55	1.0	1.0	0.25	['A3', 'C4', 'D5']	['m3', 'P11', 'M9']	[0, 2, 5]	[9, 0, 2]
55	1.5	0.25	0.25	['A3', 'D4', 'C#5']	['P4', 'M10', 'M7']	[0, 1, 5]	[9, 1, 2]
55	2.0	0.5	0.25	['D3', 'F#4', 'E5']	['M10', 'M16', 'm7']	[0, 2, 4]	[2, 4, 6]
55	2.5	0.25	0.25	['D3', 'D4', 'D5']	['P8', 'P15']	[0]	[2]
55	3.0	0.5	0.25	['D3', 'C4', 'C#5']	['m7', 'M14', 'A8']	[0, 1, 2]	[0, 1, 2]
55	3.5	0.25	0.25	['A3', 'D4', 'D5']	['P4', 'P11', 'P8']	[0, 5]	[9, 2]
56	1.0	1.0	0.25	['G3', 'B3', 'B4']	['M3', 'M10', 'P8']	[0, 4]	[7, 11]
56	1.5	0.25	0.25	['G3', 'D4', 'B4']	['P5', 'M10', 'M6']	[0, 3, 7]	[7, 11, 2]
56	2.0	0.5	0.25	['D3', 'G4', 'B4']	['P11', 'M13', 'M3']	[0, 3, 7]	[7, 11, 2]
56	2.5	0.25	0.25	['D3', 'D4', 'B4']	['P8', 'M13', 'M6']	[0, 3]	[11, 2]
56	3.0	0.5	0.25	['D3', 'B3']	['M6']	[0, 3]	[11, 2]
56	3.5	0.25	0.25	['G3', 'D4', 'D5']	['P5', 'P12', 'P8']	[0, 5]	[2, 7]
57	1.0	1.0	0.25	['F#3', 'C4', 'C5']	['d5', 'd12', 'P8']	[0, 6]	[0, 6]
57	1.5	0.25	0.25	['F#3', 'D4', 'C5']	['m6', 'd12', 'm7']	[0, 2, 6]	[0, 2, 6]
57	2.0	0.5	0.25	['D3', 'A4']	['P12']	[0, 5]	[9, 2]
57	2.5	0.25	0.25	['D3', 'D4', 'A4']	['P8', 'P12', 'P5']	[0, 5]	[9, 2]
57	3.0	0.5	0.25	['D3', 'C4', 'A4']	['m7', 'P12', 'M6']	[0, 2, 5]	[9, 0, 2]
57	3.5	0.25	0.25	['F#3', 'D4', 'D5']	['m6', 'm13', 'P8']	[0, 4]	[2, 6]
58	1.0	1.0	0.25	['G3', 'B3', 'B4']	['M3', 'M10', 'P8']	[0, 4]	[7, 11]
58	1.5	0.25	0.25	['G3', 'D4', 'D5']	['P5', 'P12', 'P8']	[0, 5]	[2, 7]
58	2.0	0.5	0.25	['G2', 'G4', 'G5']	['P15', 'P22', 'P8']	[0]	[7]
58	2.5	0.25	0.25	['G2', 'G3', 'G5']	['P8', 'P22', 'P15']	[0]	[7]
58	3.0	0.5	0.25	['G2', 'G3', 'B3', 'G5']	['P8', 'M10', 'P22', 'M3', 'P15', 'm13']	[0, 4]	[7, 11]
58	3.5	0.25	0.25	['E2', 'E3', 'G3', 'G4']	['P8', 'm10', 'm17', 'm3']	[0, 3]	[4, 7]
59	1.0	1.0	0.25	['D2', 'D3', 'G3', 'B3', 'G4']	['P8', 'P11', 'M13', 'P18', 'P4', 'M6', 'M3', 'm6']	[0, 3, 7]	[7, 11, 2]
59	1.5	0.25	0.25	['D2', 'D3', 'G3', 'B3', 'G4', 'B4']	['P8', 'P11', 'M13', 'P18', 'M20', 'P4', 'M6', 'M3', 'M10', 'm6']	[0, 3, 7]	[7, 11, 2]
59	2.0	0.5	0.375	['D2', 'D3', 'G3', 'B3', 'G4', 'D5']	['P8', 'P11', 'M13', 'P18', 'P22', 'P4', 'M6', 'P15', 'M3', 'P12', 'm6', 'm10', 'P5']	[0, 3, 7]	[7, 11, 2]
59	2.75	0.125	0.0625	['D2', 'D3', 'G3', 'B3', 'G4', 'E5']	['P8', 'P11', 'M13', 'P18', 'M23', 'P4', 'M6', 'M16', 'M3', 'm6']	[0, 3, 5, 8]	[11, 2, 4, 7]
59	2.875	0.0625	0.0625	['D2', 'D3', 'G3', 'B3', 'G4', 'D5']	['P8', 'P11', 'M13', 'P18', 'P22', 'P4', 'M6', 'P15', 'M3', 'P12', 'm6', 'm10', 'P5']	[0, 3, 7]	[7, 11, 2]
59	3.0	0.5	0.25	['D2', 'D3', 'A3', 'C4', 'F#4', 'C5']	['P8', 'P12', 'm14', 'M17', 'm21', 'P5', 'm7', 'M10', 'm3', 'M6', 'm10', 'A4', 'd5']	[0, 2, 5, 8]	[6, 9, 0, 2]
59	3.5	0.25	0.25	['D2', 'D3', 'A3', 'C4', 'F#4']	['P8', 'P12', 'm14', 'M17', 'P5', 'm7', 'M10', 'm3', 'M6', 'A4']	[0, 2, 5, 8]	[6, 9, 0, 2]
60	1.0	1.0	0.25	['G2', 'B3', 'G4']	['M10', 'P15', 'm6']	[0, 4]	[7, 11]
60	1.5	0.25	0.25	['G2', 'D4', 'G4']	['P12', 'P15', 'P4']	[0, 5]	[2, 7]
60	2.0	0.5	0.25	['G2', 'D3', 'G4']	['P5', 'P15', 'P11']	[0, 5]	[2, 7]
60	2.5	0.25	0.25	['G2', 'D3', 'D4', 'G4']	['P5', 'P12', 'P15', 'P8', 'P11', 'P4']	[0, 5]	[2, 7]
60	3.0	0.5	0.25	['G2', 'D3', 'B3']	['P5', 'M10', 'M6']	[0, 3, 7]	[7, 11, 2]
60	3.5	0.25	0.25	['G2', 'D3', 'D4']	['P5', 'P12', 'P8']	[0, 5]	[2, 7]
61	1.0	1.0	0.25	['G2', 'B-3']	['m10']	[0, 3]	[7, 10]
61	1.5	0.25	0.25	['G2', 'D4']	['P12']	[0, 5]	[2, 7]
61	2.0	0.5	0.25	['G2', 'D3', 'G4']	['P5', 'P15', 'P11']	[0, 5]	[2, 7]
61	2.5	0.25	0.25	['G2', 'D3', 'D4']	['P5', 'P12', 'P8']	[0, 5]	[2, 7]
61	3.0	0.5	0.25	['G2', 'D3', 'B-3']	['P5', 'm10', 'm6']	[0, 3, 7]	[7, 10, 2]
61	3.5	0.25	0.25	['G2', 'D3', 'D4', 'D5']	['P5', 'P12', 'P19', 'P8', 'P15']	[0, 5]	[2, 7]
62	1.0	1.0	0.25	['G2', 'B-3', 'D5']	['m10', 'P19', 'M10']	[0, 3, 7]	[7, 10, 2]
62	1.5	0.25	0.25	['G2', 'D4', 'D5']	['P12', 'P19', 'P8']	[0, 5]	[2, 7]
62	2.0	0.5	0.25	['G2', 'D3', 'G4', 'D5']	['P5', 'P15', 'P19', 'P11']	[0, 5]	[2, 7]
62	2.5	0.25	0.25	['G2', 'D3', 'D4', 'D5']	['P5', 'P12', 'P19', 'P8', 'P15']	[0, 5]	[2, 7]
62	3.0	0.5	0.25	['G2', 'D3', 'B-3', 'C5']	['P5', 'm10', 'P18', 'm6', 'm14', 'M9']	[0, 2, 4, 7]	[7, 10, 0, 2]
62	3.5	0.25	0.25	['G2', 'D3', 'D4', 'B-4']	['P5', 'P12', 'm17', 'P8', 'm13', 'm6']	[0, 3, 7]	[7, 10, 2]
63	1.0	1.0	0.25	['G2', 'A3', 'A4']	['M9', 'M16', 'P8']	[0, 2]	[7, 9]
63	1.5	0.25	0.25	['G2', 'D4', 'D5']	['P12', 'P19', 'P8']	[0, 5]	[2, 7]
63	2.0	0.5	0.25	['G2', 'D3', 'F#4', 'A4']	['P5', 'M14', 'M16', 'M10', 'P12', 'm3']	[0, 2, 3, 7]	[2, 6, 7, 9]
63	2.5	0.25	0.25	['G2', 'D3', 'D4', 'A4']	['P5', 'P12', 'M16', 'P8']	[0, 2, 7]	[7, 9, 2]
63	3.0	0.5	0.25	['G2', 'D3', 'A3', 'A4']	['P5', 'M9', 'M16', 'P12', 'P8']	[0, 2, 7]	[7, 9, 2]
63	3.5	0.25	0.25	['G2', 'D3', 'D4', 'D5']	['P5', 'P12', 'P19', 'P8', 'P15']	[0, 5]	[2, 7]
64	1.0	1.0	0.25	['G2', 'A3', 'F#5']	['M9', 'M21', 'M13']	[0, 1, 3]	[6, 7, 9]
64	1.5	0.25	0.25	['G2', 'D4', 'F#5']	['P12', 'M21', 'M10']	[0, 1, 5]	[2, 6, 7]
64	2.0	0.5	0.25	['G2', 'D3', 'F#4', 'F#5']	['P5', 'M14', 'M21', 'M10', 'M17', 'P8']	[0, 1, 5]	[2, 6, 7]
64	2.5	0.25	0.25	['G2', 'D3', 'D4', 'D5']	['P5', 'P12', 'P19', 'P8', 'P15']	[0, 5]	[2, 7]
64	3.0	0.5	0.25	['G2', 'D3', 'A3', 'C5']	['P5', 'M9', 'P18', 'm14', 'm10']	[0, 2, 5, 7]	[7, 9, 0, 2]
64	3.5	0.25	0.25	['G2', 'D3', 'D4', 'A4']	['P5', 'P12', 'M16', 'P8']	[0, 2, 7]	[7, 9, 2]
65	1.0	1.0	0.25	['G2', 'B-3', 'B-4']	['m10', 'm17', 'P8']	[0, 3]	[7, 10]
65	1.5	0.25	0.25	['G2', 'D4', 'B-4']	['P12', 'm17', 'm6']	[0, 3, 7]	[7, 10, 2]
65	2.0	0.5	0.25	['G2', 'D3', 'G4', 'B-4']	['P5', 'P15', 'm17', 'P11', 'm13', 'm3']	[0, 3, 7]	[7, 10, 2]
65	2.5	0.25	0.25	['G2', 'D3', 'D4', 'B-4']	['P5', 'P12', 'm17', 'P8', 'm13', 'm6']	[0, 3, 7]	[7, 10, 2]
65	3.0	0.5	0.25	['G2', 'D3', 'B-3']	['P5', 'm10', 'm6']	[0, 3, 7]	[7, 10, 2]
65	3.5	0.25	0.25	['G2', 'D3', 'D4', 'D5']	['P5', 'P12', 'P19', 'P8', 'P15']	[0, 5]	[2, 7]
66	1.0	1.0	0.25	['G2', 'B-3', 'D5']	['m10', 'P19', 'M10']	[0, 3, 7]	[7, 10, 2]
66	1.5	0.25	0.25	['G2', 'D4', 'D5']	['P12', 'P19', 'P8']	[0, 5]	[2, 7]
66	2.0	0.5	0.25	['G2', 'D3', 'G4', 'D5']	['P5', 'P15', 'P19', 'P11']	[0, 5]	[2, 7]
66	2.5	0.25	0.25	['G2', 'D3', 'D4', 'D5']	['P5', 'P12', 'P19', 'P8', 'P15']	[0, 5]	[2, 7]
66	3.0	0.5	0.25	['G2', 'D3', 'B-3', 'C5']	['P5', 'm10', 'P18', 'm6', 'm14', 'M9']	[0, 2, 4, 7]	[7, 10, 0, 2]
66	3.5	0.25	0.25	['G2', 'D3', 'D4', 'B-4']	['P5', 'P12', 'm17', 'P8', 'm13', 'm6']	[0, 3, 7]	[7, 10, 2]
67	1.0	1.0	0.25	['C2', 'C4', 'E-5']	['P15', 'm24', 'm10']	[0, 3]	[0, 3]
67	1.5	0.25	0.25	['C2', 'E-4', 'C5']	['m17', 'P22', 'M6']	[0, 3]	[0, 3]
67	2.0	0.5	0.25	['C2', 'C3', 'A-4']	['P8', 'm20', 'm13']	[0, 4]	[8, 0]
67	2.5	0.25	0.25	['C2', 'C3', 'E-4', 'A-4']	['P8', 'm17', 'm20', 'm10', 'm13', 'P4']	[0, 3, 7]	[8, 0, 3]
67	3.0	0.5	0.25	['C2', 'C3', 'C4', 'A-4']	['P8', 'P15', 'm20', 'm13', 'm6']	[0, 4]	[8, 0]
67	3.5	0.25	0.25	['C2', 'C3', 'E-4', 'A-4']	['P8', 'm17', 'm20', 'm10', 'm13', 'P4']	[0, 3, 7]	[8, 0, 3]
68	1.0	1.0	0.25	['C#2', 'B-3', 'G4']	['d14', 'd19', 'M6']	[0, 3, 6]	[7, 10, 1]
68	1.5	0.25	0.25	['C#2', 'E4', 'A4']	['m17', 'm20', 'P4']	[0, 3, 7]	[9, 1, 4]
68	2.0	0.5	0.25	['C#2', 'C#3', 'G4', 'B-4']	['P8', 'd19', 'd21', 'd12', 'd14', 'm3']	[0, 3, 6]	[7, 10, 1]
68	2.5	0.25	0.125	['C#2', 'C#3', 'E4', 'B-4']	['P8', 'm17', 'd21', 'm10', 'd14', 'd5']	[0, 3, 6]	[10, 1, 4]
68	2.75	0.125	0.0625	['C#2', 'C#3', 'E4', 'C5']	['P8', 'm17', 'd22', 'm10', 'd15', 'm6']	[0, 1, 4]	[0, 1, 4]
68	2.875	0.0625	0.0625	['C#2', 'C#3', 'E4', 'B-4']	['P8', 'm17', 'd21', 'm10', 'd14', 'd5']	[0, 3, 6]	[10, 1, 4]
68	3.0	0.5	0.25	['C#2', 'C#3', 'B-3', 'A4']	['P8', 'd14', 'm20', 'd7', 'm13', 'M7']	[0, 1, 4]	[9, 10, 1]
68	3.5	0.25	0.25	['C#2', 'C#3', 'E4', 'G4']	['P8', 'm17', 'd19', 'm10', 'd12', 'm3']	[0, 3, 6]	[1, 4, 7]
69	1.0	1.0	0.25	['D2', 'A3', 'D5']	['P12', 'P22', 'P11']	[0, 5]	[9, 2]
69	1.5	0.25	0.25	['D2', 'D4', 'D5']	['P15', 'P22', 'P8']	[0]	[2]
69	2.0	0.5	0.25	['D2', 'D3', 'F#4', 'D5']	['P8', 'M17', 'P22', 'M10', 'P15', 'm6']	[0, 4]	[2, 6]
69	2.5	0.25	0.25	['D2', 'D3', 'D4', 'D5']	['P8', 'P15', 'P22']	[0]	[2]
69	3.0	0.5	0.25	['D2', 'D3', 'A3', 'D5']	['P8', 'P12', 'P22', 'P5', 'P15', 'P11']	[0, 5]	[9, 2]
69	3.5	0.25	0.25	['D2', 'D3', 'D4', 'D5']	['P8', 'P15', 'P22']	[0]	[2]
69	1.0	1.0	1.0	['D5']	[]	[0]	[2]
70	1.0	1.0	0.25	['D2', 'A3']	['P12']	[0, 5]	[9, 2]
70	1.5	0.25	0.25	['D2', 'D4']	['P15']	[0]	[2]
70	2.0	0.5	0.25	['D2', 'D3', 'F#4']	['P8', 'M17', 'M10']	[0, 4]	[2, 6]
70	2.5	0.25	0.25	['D2', 'D3', 'D4']	['P8', 'P15']	[0]	[2]
70	3.0	0.5	0.25	['D2', 'D3', 'A3']	['P8', 'P12', 'P5']	[0, 5]	[9, 2]
70	3.5	0.25	0.25	['D2', 'D3', 'D4', 'D5']	['P8', 'P15', 'P22']	[0]	[2]
71	1.0	1.0	0.25	['G2', 'B3', 'F5']	['M10', 'm21', 'd12']	[0, 2, 6]	[5, 7, 11]
71	1.5	0.25	0.25	['G2', 'F4', 'F5']	['m14', 'm21', 'P8']	[0, 2]	[5, 7]
71	2.0	0.5	0.25	['G2', 'D3', 'G4', 'F5']	['P5', 'P15', 'm21', 'P11', 'm17', 'm7']	[0, 2, 5]	[2, 5, 7]
71	2.5	0.25	0.25	['G2', 'D3', 'F4', 'F5']	['P5', 'm14', 'm21', 'm10', 'm17', 'P8']	[0, 2, 5]	[2, 5, 7]
71	3.0	0.5	0.25	['G2', 'D3', 'B3', 'E-5']	['P5', 'M10', 'm20', 'M6', 'm16', 'd11']	[0, 1, 4, 8]	[7, 11, 2, 3]
71	3.5	0.25	0.25	['G2', 'D3', 'F4', 'D5']	['P5', 'm14', 'P19', 'm10', 'P15', 'M6']	[0, 2, 5]	[2, 5, 7]
72	1.0	1.0	0.25	['C2', 'C4', 'E-5']	['P15', 'm24', 'm10']	[0, 3]	[0, 3]
72	1.5	0.25	0.25	['C2', 'E-4', 'D5']	['m17', 'M23', 'M7']	[0, 1, 3]	[0, 2, 3]
72	2.0	0.5	0.25	['C2', 'C3', 'G4', 'C5']	['P8', 'P19', 'P22', 'P12', 'P15', 'P4']	[0, 5]	[7, 0]
72	2.5	0.25	0.25	['C2', 'C3', 'E-4', 'C5']	['P8', 'm17', 'P22', 'm10', 'P15', 'M6']	[0, 3]	[0, 3]
72	3.0	0.5	0.25	['C2', 'C3', 'C4', 'C5']	['P8', 'P15', 'P22']	[0]	[0]
72	3.5	0.25	0.25	['C2', 'C3', 'E-4', 'B-4']	['P8', 'm17', 'm21', 'm10', 'm14', 'P5']	[0, 2, 5]	[10, 0, 3]
73	1.0	1.0	0.25	['F2', 'A3', 'A4']	['M10', 'M17', 'P8']	[0, 4]	[5, 9]
73	1.5	0.25	0.25	['F2', 'E-4', 'A4']	['m14', 'M17', 'A4']	[0, 2, 6]	[3, 5, 9]
73	2.0	0.5	0.25	['F2', 'F3', 'F4', 'A4']	['P8', 'P15', 'M17', 'M10', 'M3']	[0, 4]	[5, 9]
73	2.5	0.25	0.25	['F2', 'F3', 'E-4', 'E-5']	['P8', 'm14', 'm21', 'm7']	[0, 2]	[3, 5]
73	3.0	0.5	0.25	['F2', 'F3', 'A3', 'D5']	['P8', 'M10', 'M20', 'M3', 'M13', 'P11']	[0, 3, 7]	[2, 5, 9]
73	3.5	0.25	0.25	['F2', 'F3', 'E-4', 'C5']	['P8', 'm14', 'P19', 'm7', 'P12', 'M6']	[0, 2, 5]	[0, 3, 5]
74	1.0	1.0	0.25	['B-2', 'B-3', 'D5']	['P8', 'M17', 'M10']	[0, 4]	[10, 2]
74	1.5	0.25	0.25	['B-2', 'D4', 'D5']	['M10', 'M17', 'P8']	[0, 4]	[10, 2]
74	2.0	0.5	0.25	['B-2', 'F3', 'F4', 'D5']	['P5', 'P12', 'M17', 'P8', 'M13', 'M6']	[0, 3, 7]	[10, 2, 5]
74	2.5	0.25	0.25	['B-2', 'F3', 'D4', 'D5']	['P5', 'M10', 'M17', 'M6', 'M13', 'P8']	[0, 3, 7]	[10, 2, 5]
74	3.0	0.5	0.25	['B-2', 'F3', 'B-3', 'D5']	['P5', 'P8', 'M17', 'P4', 'M13', 'M10']	[0, 3, 7]	[10, 2, 5]
74	3.5	0.25	0.25	['B-2', 'F3', 'D4', 'D5']	['P5', 'M10', 'M17', 'M6', 'M13', 'P8']	[0, 3, 7]	[10, 2, 5]
75	1.0	1.0	0.25	['B1', 'B3', 'D5']	['P15', 'm24', 'm10']	[0, 3]	[11, 2]
75	1.5	0.25	0.25	['B1', 'D4', 'D5']	['m17', 'm24', 'P8']	[0, 3]	[11, 2]
75	2.0	0.5	0.25	['B1', 'B2', 'G4', 'D5']	['P8', 'm20', 'm24', 'm13', 'm17', 'P5']	[0, 3, 7]	[7, 11, 2]
75	2.5	0.25	0.25	['B1', 'B2', 'D4', 'D5']	['P8', 'm17', 'm24', 'm10']	[0, 3]	[11, 2]
75	3.0	0.5	0.25	['B1', 'B2', 'B3', 'C5']	['P8', 'P15', 'm23', 'm16', 'm9']	[0, 1]	[11, 0]
75	3.5	0.25	0.25	['B1', 'B2', 'D4', 'B4']	['P8', 'm17', 'P22', 'm10', 'P15', 'M6']	[0, 3]	[11, 2]
76	1.0	1.0	0.25	['C2', 'A3', 'E5']	['M13', 'M24', 'P12']	[0, 3, 7]	[9, 0, 4]
76	1.5	0.25	0.25	['C2', 'E4', 'C5']	['M17', 'P22', 'm6']	[0, 4]	[0, 4]
76	2.0	0.5	0.25	['C2', 'C3', 'G4', 'A4']	['P8', 'P19', 'M20', 'P12', 'M13', 'M2']	[0, 2, 5]	[7, 9, 0]
76	2.5	0.25	0.25	['C2', 'C3', 'E4', 'A4']	['P8', 'M17', 'M20', 'M10', 'M13', 'P4']	[0, 3, 7]	[9, 0, 4]
76	3.0	0.5	0.25	['C2', 'C3', 'A3', 'A4']	['P8', 'M13', 'M20', 'M6']	[0, 3]	[9, 0]
76	3.5	0.25	0.25	['C2', 'C3', 'E4', 'G4']	['P8', 'M17', 'P19', 'M10', 'P12', 'm3']	[0, 3, 7]	[0, 4, 7]
77	1.0	1.0	0.25	['D2', 'A3', 'F#4']	['P12', 'M17', 'M6']	[0, 3, 7]	[2, 6, 9]
77	1.5	0.25	0.25	['D2', 'C4', 'A4']	['m14', 'P19', 'M6']	[0, 2, 5]	[9, 0, 2]
77	2.0	0.5	0.25	['D2', 'D3', 'F#4', 'D5']	['P8', 'M17', 'P22', 'M10', 'P15', 'm6']	[0, 4]	[2, 6]
77	2.5	0.25	0.25	['D2', 'D3', 'C4', 'C#5']	['P8', 'm14', 'M21', 'm7', 'M14', 'A8']	[0, 1, 2]	[0, 1, 2]
77	3.0	0.5	0.25	['D2', 'D3', 'A3', 'E5']	['P8', 'P12', 'M23', 'P5', 'M16']	[0, 2, 7]	[2, 4, 9]
77	3.5	0.25	0.25	['D2', 'D3', 'C4', 'D5']	['P8', 'm14', 'P22', 'm7', 'P15', 'M9']	[0, 2]	[0, 2]
78	1.0	1.0	0.25	['G2', 'G3', 'B4']	['P8', 'M17', 'M10']	[0, 4]	[7, 11]
78	1.5	0.25	0.25	['G2', 'B3', 'B4']	['M10', 'M17', 'P8']	[0, 4]	[7, 11]
78	2.0	0.5	0.25	['G2', 'D3', 'G4', 'B4']	['P5', 'P15', 'M17', 'P11', 'M13', 'M3']	[0, 3, 7]	[7, 11, 2]
78	2.5	0.25	0.25	['G2', 'D3', 'B3', 'B4']	['P5', 'M10', 'M17', 'M6', 'M13', 'P8']	[0, 3, 7]	[7, 11, 2]
78	3.0	0.5	0.25	['G2', 'D3', 'G3']	['P5', 'P8', 'P4']	[0, 5]	[2, 7]
78	3.5	0.25	0.25	['G2', 'D3', 'B3', 'D5']	['P5', 'M10', 'P19', 'M6', 'P15', 'm10']	[0, 3, 7]	[7, 11, 2]
79	1.0	1.0	0.25	['B1', 'G3', 'E5']	['m13', 'P25', 'M13']	[0, 3, 7]	[4, 7, 11]
79	1.5	0.25	0.25	['B1', 'D4', 'E5']	['m17', 'P25', 'M9']	[0, 2, 5]	[11, 2, 4]
79	2.0	0.5	0.25	['B1', 'B2', 'G4', 'E5']	['P8', 'm20', 'P25', 'm13', 'P18', 'M6']	[0, 3, 7]	[4, 7, 11]
79	2.5	0.25	0.25	['B1', 'B2', 'D4', 'D5']	['P8', 'm17', 'm24', 'm10']	[0, 3]	[11, 2]
79	3.0	0.5	0.25	['B1', 'B2', 'G3', 'C5']	['P8', 'm13', 'm23', 'm6', 'm16', 'P11']	[0, 1, 5]	[7, 11, 0]
79	3.5	0.25	0.25	['B1', 'B2', 'D4', 'B4']	['P8', 'm17', 'P22', 'm10', 'P15', 'M6']	[0, 3]	[11, 2]
80	1.0	1.0	0.25	['C2', 'A3', 'E5']	['M13', 'M24', 'P12']	[0, 3, 7]	[9, 0, 4]
80	1.5	0.25	0.25	['C2', 'E4', 'C5']	['M17', 'P22', 'm6']	[0, 4]	[0, 4]
80	2.0	0.5	0.25	['C2', 'C3', 'G4', 'A4']	['P8', 'P19', 'M20', 'P12', 'M13', 'M2']	[0, 2, 5]	[7, 9, 0]
80	2.5	0.25	0.25	['C2', 'C3', 'E4', 'A4']	['P8', 'M17', 'M20', 'M10', 'M13', 'P4']	[0, 3, 7]	[9, 0, 4]
80	3.0	0.5	0.25	['C2', 'C3', 'A3', 'A4']	['P8', 'M13', 'M20', 'M6']	[0, 3]	[9, 0]
80	3.5	0.25	0.25	['C2', 'C3', 'E4', 'G4']	['P8', 'M17', 'P19', 'M10', 'P12', 'm3']	[0, 3, 7]	[0, 4, 7]
81	1.0	1.0	0.25	['D2', 'A3', 'F#4']	['P12', 'M17', 'M6']	[0, 3, 7]	[2, 6, 9]
81	1.5	0.25	0.25	['D2', 'C4', 'A4']	['m14', 'P19', 'M6']	[0, 2, 5]	[9, 0, 2]
81	2.0	0.5	0.25	['D2', 'D3', 'F#4', 'D5']	['P8', 'M17', 'P22', 'M10', 'P15', 'm6']	[0, 4]	[2, 6]
81	2.5	0.25	0.25	['D2', 'D3', 'C4', 'C#5']	['P8', 'm14', 'M21', 'm7', 'M14', 'A8']	[0, 1, 2]	[0, 1, 2]
81	3.0	0.5	0.25	['D2', 'D3', 'A3', 'E5']	['P8', 'P12', 'M23', 'P5', 'M16']	[0, 2, 7]	[2, 4, 9]
81	3.5	0.25	0.25	['D2', 'D3', 'C4', 'D5']	['P8', 'm14', 'P22', 'm7', 'P15', 'M9']	[0, 2]	[0, 2]
82	1.0	1.0	0.25	['G2', 'D3', 'B3', 'G4']	['P5', 'M10', 'P15', 'M6', 'P11', 'm6']	[0, 3, 7]	[7, 11, 2]
82	1.5	0.25	0.25	['G2', 'D3', 'D4', 'G4']	['P5', 'P12', 'P15', 'P8', 'P11', 'P4']	[0, 5]	[2, 7]
82	2.0	0.5	0.25	['G2', 'D3', 'G4']	['P5', 'P15', 'P11']	[0, 5]	[2, 7]
82	2.5	0.25	0.25	['G2', 'D3', 'D4', 'G4']	['P5', 'P12', 'P15', 'P8', 'P11', 'P4']	[0, 5]	[2, 7]
82	3.0	0.5	0.25	['G2', 'D3', 'B4']	['P5', 'M17', 'M13']	[0, 3, 7]	[7, 11, 2]
82	3.5	0.25	0.25	['G2', 'D3', 'G4']	['P5', 'P15', 'P11']	[0, 5]	[2, 7]
83	1.0	1.0	0.25	['G2', 'D3', 'A3', 'C4', 'F#4', 'D5']	['P5', 'M9', 'P11', 'M14', 'P19', 'm7', 'M10', 'P15', 'm3', 'M6', 'A4', 'm6']	[0, 1, 3, 6, 8]	[6, 7, 9, 0, 2]
83	1.5	0.25	0.25	['G2', 'D3', 'A3', 'C4', 'F#4', 'C#5']	['P5', 'M9', 'P11', 'M14', 'A18', 'm7', 'M10', 'm3', 'M6', 'A4', 'A8']	[0, 1, 2, 5, 7, 8]	[6, 7, 9, 0, 1, 2]
83	2.0	0.5	0.25	['G2', 'D3', 'A3', 'C4', 'F#4', 'E5']	['P5', 'M9', 'P11', 'M14', 'M20', 'm7', 'M10', 'M16', 'm3', 'M6', 'P12', 'A4']	[0, 2, 3, 5, 7, 9]	[0, 2, 4, 6, 7, 9]
83	2.5	0.25	0.25	['G2', 'D3', 'A3', 'C4', 'F#4', 'D5']	['P5', 'M9', 'P11', 'M14', 'P19', 'm7', 'M10', 'P15', 'm3', 'M6', 'A4', 'm6']	[0, 1, 3, 6, 8]	[6, 7, 9, 0, 2]
83	3.0	0.5	0.25	['G2', 'D3', 'A3', 'C4', 'F#4', 'C#5']	['P5', 'M9', 'P11', 'M14', 'A18', 'm7', 'M10', 'm3', 'M6', 'A4', 'A8']	[0, 1, 2, 5, 7, 8]	[6, 7, 9, 0, 1, 2]
83	3.5	0.25	0.25	['G2', 'D3', 'A3', 'C4', 'F#4', 'D5']	['P5', 'M9', 'P11', 'M14', 'P19', 'm7', 'M10', 'P15', 'm3', 'M6', 'A4', 'm6']	[0, 1, 3, 6, 8]	[6, 7, 9, 0, 2]
84	1.0	1.0	0.25	['G2', 'D3', 'G3', 'B3']	['P5', 'P8', 'M10', 'P4', 'M6', 'M3']	[0, 3, 7]	[7, 11, 2]
84	1.5	0.25	0.25	['G2', 'D3', 'G3', 'D4']	['P5', 'P8', 'P12', 'P4']	[0, 5]	[2, 7]
84	2.0	0.5	0.25	['G2', 'D3', 'G3', 'G4']	['P5', 'P8', 'P15', 'P4', 'P11']	[0, 5]	[2, 7]
84	2.5	0.25	0.25	['G2', 'D3', 'G3', 'D4']	['P5', 'P8', 'P12', 'P4']	[0, 5]	[2, 7]
84	3.0	0.5	0.25	['G2', 'D3', 'G3', 'B4']	['P5', 'P8', 'M17', 'P4', 'M13', 'M10']	[0, 3, 7]	[7, 11, 2]
84	3.5	0.25	0.25	['G2', 'D3', 'G3', 'G4']	['P5', 'P8', 'P15', 'P4', 'P11']	[0, 5]	[2, 7]
85	1.0	1.0	0.25	['G2', 'D3', 'A3', 'C4', 'F#4', 'D5']	['P5', 'M9', 'P11', 'M14', 'P19', 'm7', 'M10', 'P15', 'm3', 'M6', 'A4', 'm6']	[0, 1, 3, 6, 8]	[6, 7, 9, 0, 2]
85	1.5	0.25	0.25	['G2', 'D3', 'A3', 'C4', 'F#4', 'C#5']	['P5', 'M9', 'P11', 'M14', 'A18', 'm7', 'M10', 'm3', 'M6', 'A4', 'A8']	[0, 1, 2, 5, 7, 8]	[6, 7, 9, 0, 1, 2]
85	2.0	0.5	0.25	['G2', 'D3', 'A3', 'C4', 'F#4', 'E5']	['P5', 'M9', 'P11', 'M14', 'M20', 'm7', 'M10', 'M16', 'm3', 'M6', 'P12', 'A4']	[0, 2, 3, 5, 7, 9]	[0, 2, 4, 6, 7, 9]
85	2.5	0.25	0.25	['G2', 'D3', 'A3', 'C4', 'F#4', 'D5']	['P5', 'M9', 'P11', 'M14', 'P19', 'm7', 'M10', 'P15', 'm3', 'M6', 'A4', 'm6']	[0, 1, 3, 6, 8]	[6, 7, 9, 0, 2]
85	3.0	0.5	0.25	['G2', 'D3', 'A3', 'C4', 'F#4', 'C#5']	['P5', 'M9', 'P11', 'M14', 'A18', 'm7', 'M10', 'm3', 'M6', 'A4', 'A8']	[0, 1, 2, 5, 7, 8]	[6, 7, 9, 0, 1, 2]
85	3.5	0.25	0.25	['G2', 'D3', 'A3', 'C4', 'F#4', 'D5']	['P5', 'M9', 'P11', 'M14', 'P19', 'm7', 'M10', 'P15', 'm3', 'M6', 'A4', 'm6']	[0, 1, 3, 6, 8]	[6, 7, 9, 0, 2]
86	1.0	1.0	0.25	['G2', 'D3', 'B3', 'G4']	['P5', 'M10', 'P15', 'M6', 'P11', 'm6']	[0, 3, 7]	[7, 11, 2]
86	1.5	0.25	0.25	['G2', 'D3', 'B3', 'D4']	['P5', 'M10', 'P12', 'M6', 'P8', 'm3']	[0, 3, 7]	[7, 11, 2]
86	2.0	0.5	0.25	['G2', 'D3', 'B3', 'B4']	['P5', 'M10', 'M17', 'M6', 'M13', 'P8']	[0, 3, 7]	[7, 11, 2]
86	2.5	0.25	0.25	['G2', 'D3', 'B3', 'G4']	['P5', 'M10', 'P15', 'M6', 'P11', 'm6']	[0, 3, 7]	[7, 11, 2]
86	3.0	0.5	0.25	['G2', 'D3', 'C4', 'D4']	['P5', 'P11', 'P12', 'm7', 'P8', 'M2']	[0, 2, 7]	[0, 2, 7]
86	3.5	0.25	0.25	['G2', 'D3', 'C4', 'A4']	['P5', 'P11', 'M16', 'm7', 'P12', 'M6']	[0, 2, 5, 7]	[7, 9, 0, 2]
87	1.0	1.0	0.25	['G2', 'D3', 'B3', 'G4']	['P5', 'M10', 'P15', 'M6', 'P11', 'm6']	[0, 3, 7]	[7, 11, 2]
87	1.5	0.25	0.25	['G2', 'D3', 'B3', 'D4']	['P5', 'M10', 'P12', 'M6', 'P8', 'm3']	[0, 3, 7]	[7, 11, 2]
87	2.0	0.5	0.25	['G2', 'D3', 'B3', 'B4']	['P5', 'M10', 'M17', 'M6', 'M13', 'P8']	[0, 3, 7]	[7, 11, 2]
87	2.5	0.25	0.25	['G2', 'D3', 'B3', 'G4']	['P5', 'M10', 'P15', 'M6', 'P11', 'm6']	[0, 3, 7]	[7, 11, 2]
87	3.0	0.5	0.25	['G2', 'D3', 'C4', 'D4']	['P5', 'P11', 'P12', 'm7', 'P8', 'M2']	[0, 2, 7]	[0, 2, 7]
87	3.5	0.25	0.25	['G2', 'D3', 'C4', 'A4']	['P5', 'P11', 'M16', 'm7', 'P12', 'M6']	[0, 2, 5, 7]	[7, 9, 0, 2]
88	1.0	1.0	0.25	['G2', 'D3', 'B3', 'G4']	['P5', 'M10', 'P15', 'M6', 'P11', 'm6']	[0, 3, 7]	[7, 11, 2]
88	1.5	0.25	0.25	['G2', 'B2', 'B3', 'G4']	['M3', 'M10', 'P15', 'P8', 'm13', 'm6']	[0, 4]	[7, 11]
88	2.0	0.5	0.25	['G2', 'G3', 'B3', 'G4']	['P8', 'M10', 'P15', 'M3', 'm6']	[0, 4]	[7, 11]
88	2.5	0.25	0.25	['G2', 'D3', 'B3', 'G4']	['P5', 'M10', 'P15', 'M6', 'P11', 'm6']	[0, 3, 7]	[7, 11, 2]
88	3.0	0.5	0.25	['G2', 'E3', 'B3', 'G4']	['M6', 'M10', 'P15', 'P5', 'm10', 'm6']	[0, 3, 7]	[4, 7, 11]
88	3.5	0.25	0.125	['G2', 'D3', 'B3', 'G4']	['P5', 'M10', 'P15', 'M6', 'P11', 'm6']	[0, 3, 7]	[7, 11, 2]
88	3.75	0.125	0.125	['G2', 'B2', 'B3', 'G4']	['M3', 'M10', 'P15', 'P8', 'm13', 'm6']	[0, 4]	[7, 11]
88	1.0	1.0	1.5	['B3', 'G4']	['m6']	[0, 4]	[7, 11]
89	1.0	1.0	1.5	['G1', 'D2', 'G2']	['P5', 'P8', 'P4']	[0, 5]	[2, 7]
