1	1.0	1.0	1/6	['B1', 'F#2', 'B2', 'D#3']	['P5', 'P8', 'M10', 'P4', 'M6', 'M3']	[0, 3, 7]	[11, 3, 6]
1	7/6	0.0625	1/6	['B1', 'F#2', 'B2', 'F#3']	['P5', 'P8', 'P12', 'P4']	[0, 5]	[6, 11]
1	4/3	0.0625	1/6	['B1', 'F#2', 'B2', 'B3']	['P5', 'P8', 'P15', 'P4', 'P11']	[0, 5]	[6, 11]
1	1.5	0.25	1/6	['B1', 'F#2', 'B2', 'D#4']	['P5', 'P8', 'M17', 'P4', 'M13', 'M10']	[0, 3, 7]	[11, 3, 6]
1	5/3	0.0625	1/6	['B1', 'F#2', 'B2', 'B3']	['P5', 'P8', 'P15', 'P4', 'P11']	[0, 5]	[6, 11]
1	11/6	0.0625	1/6	['B1', 'F#2', 'B2', 'F#3']	['P5', 'P8', 'P12', 'P4']	[0, 5]	[6, 11]
1	2.0	0.5	1/6	['B1', 'F#2', 'C#3', 'E3']	['P5', 'M9', 'P11', 'm7', 'm3']	[0, 2, 5, 7]	[11, 1, 4, 6]
1	13/6	0.0625	1/6	['B1', 'F#2', 'C#3', 'F#3']	['P5', 'M9', 'P12', 'P8', 'P4']	[0, 2, 7]	[11, 1, 6]
1	7/3	0.0625	1/6	['B1', 'F#2', 'C#3', 'A#3']	['P5', 'M9', 'M14', 'M10', 'M6']	[0, 2, 3, 7]	[6, 10, 11, 1]
1	2.5	0.25	1/6	['B1', 'F#2', 'C#3', 'F#4']	['P5', 'M9', 'P19', 'P15', 'P11']	[0, 2, 7]	[11, 1, 6]
1	8/3	0.0625	1/6	['B1', 'F#2', 'C#3', 'A#3']	['P5', 'M9', 'M14', 'M10', 'M6']	[0, 2, 3, 7]	[6, 10, 11, 1]
1	17/6	0.0625	1/6	['B1', 'F#2', 'C#3', 'F#3']	['P5', 'M9', 'P12', 'P8', 'P4']	[0, 2, 7]	[11, 1, 6]
2	1.0	1.0	1/6	['B1', 'F#2', 'B2', 'D#3']	['P5', 'P8', 'M10', 'P4', 'M6', 'M3']	[0, 3, 7]	[11, 3, 6]
2	7/6	0.0625	1/6	['B1', 'F#2', 'B2', 'F#3']	['P5', 'P8', 'P12', 'P4']	[0, 5]	[6, 11]
2	4/3	0.0625	1/6	['B1', 'F#2', 'B2', 'B3']	['P5', 'P8', 'P15', 'P4', 'P11']	[0, 5]	[6, 11]
2	1.5	0.25	1/6	['B1', 'F#2', 'B2', 'D#4']	['P5', 'P8', 'M17', 'P4', 'M13', 'M10']	[0, 3, 7]	[11, 3, 6]
2	5/3	0.0625	1/6	['B1', 'F#2', 'B2', 'B3']	['P5', 'P8', 'P15', 'P4', 'P11']	[0, 5]	[6, 11]
2	11/6	0.0625	1/6	['B1', 'F#2', 'B2', 'F#3']	['P5', 'P8', 'P12', 'P4']	[0, 5]	[6, 11]
2	2.0	0.5	1/6	['B1', 'F#2', 'C#3', 'E3']	['P5', 'M9', 'P11', 'm7', 'm3']	[0, 2, 5, 7]	[11, 1, 4, 6]
2	13/6	0.0625	1/6	['B1', 'F#2', 'C#3', 'F#3']	['P5', 'M9', 'P12', 'P8', 'P4']	[0, 2, 7]	[11, 1, 6]
2	7/3	0.0625	1/6	['B1', 'F#2', 'C#3', 'A#3']	['P5', 'M9', 'M14', 'M10', 'M6']	[0, 2, 3, 7]	[6, 10, 11, 1]
2	2.5	0.25	1/6	['B1', 'F#2', 'C#3', 'F#4']	['P5', 'M9', 'P19', 'P15', 'P11']	[0, 2, 7]	[11, 1, 6]
2	8/3	0.0625	1/6	['B1', 'F#2', 'C#3', 'A#3']	['P5', 'M9', 'M14', 'M10', 'M6']	[0, 2, 3, 7]	[6, 10, 11, 1]
2	17/6	0.0625	1/6	['B1', 'F#2', 'C#3', 'F#3']	['P5', 'M9', 'P12', 'P8', 'P4']	[0, 2, 7]	[11, 1, 6]
3	1.0	1.0	1/6	['B1', 'D3', 'F#3', 'B3']	['m10', 'P12', 'P15', 'M3', 'M6', 'P4']	[0, 3, 7]	[11, 2, 6]
3	7/6	0.0625	1/6	['B1', 'D3', 'F#3', 'B3']	['m10', 'P12', 'P15', 'M3', 'M6', 'P4']	[0, 3, 7]	[11, 2, 6]
3	4/3	0.0625	1/6	['B1', 'D3', 'F#3', 'B3']	['m10', 'P12', 'P15', 'M3', 'M6', 'P4']	[0, 3, 7]	[11, 2, 6]
3	1.5	0.25	1/6	['D2', 'F#3', 'B3', 'F#4']	['M10', 'M13', 'M17', 'P4', 'P8', 'P5']	[0, 3, 7]	[11, 2, 6]
3	5/3	0.0625	1/6	['D2', 'F#3', 'B3', 'F#4']	['M10', 'M13', 'M17', 'P4', 'P8', 'P5']	[0, 3, 7]	[11, 2, 6]
3	11/6	0.0625	1/6	['D2', 'F#3', 'B3', 'F#4']	['M10', 'M13', 'M17', 'P4', 'P8', 'P5']	[0, 3, 7]	[11, 2, 6]
3	2.0	0.5	1/6	['F#2', 'F#3', 'B3', 'C#4']	['P8', 'P11', 'P12', 'P4', 'P5', 'M2']	[0, 2, 7]	[11, 1, 6]
3	13/6	0.0625	1/6	['F#2', 'F#3', 'B3', 'C#4']	['P8', 'P11', 'P12', 'P4', 'P5', 'M2']	[0, 2, 7]	[11, 1, 6]
3	7/3	0.0625	1/6	['F#2', 'F#3', 'B3', 'C#4']	['P8', 'P11', 'P12', 'P4', 'P5', 'M2']	[0, 2, 7]	[11, 1, 6]
3	2.5	0.25	1/6	['F#1', 'F#3', 'A#3', 'C#4', 'F#4']	['P15', 'M17', 'P19', 'P22', 'M3', 'P5', 'P8', 'm3', 'm6', 'P4']	[0, 3, 7]	[6, 10, 1]
3	8/3	0.0625	1/6	['F#1', 'F#3', 'A#3', 'C#4', 'F#4']	['P15', 'M17', 'P19', 'P22', 'M3', 'P5', 'P8', 'm3', 'm6', 'P4']	[0, 3, 7]	[6, 10, 1]
3	17/6	0.0625	1/6	['F#1', 'F#3', 'A#3', 'C#4', 'F#4']	['P15', 'M17', 'P19', 'P22', 'M3', 'P5', 'P8', 'm3', 'm6', 'P4']	[0, 3, 7]	[6, 10, 1]
4	1.0	1.0	0.5	['B1', 'B3']	['P15']	[0]	[11]
4	1.5	0.25	0.5	['B1', 'B2', 'B3', 'D4', 'F#4', 'B4']	['P8', 'P15', 'm17', 'P19', 'P22', 'm10', 'P12', 'm3', 'P5', 'M3', 'M6', 'P4']	[0, 3, 7]	[11, 2, 6]
4	2.0	0.5	0.5	['B1', 'B3']	['P15']	[0]	[11]
4	2.5	0.25	0.25				
4	2.75	0.125	0.25	['F#4']	[]	[0]	[6]
5	1.0	1.0	0.5	['B1', 'B2', 'B4']	['P8', 'P22', 'P15']	[0]	[11]
5	1.5	0.25	0.25	['D#3', 'F#3', 'B3', 'B4']	['m3', 'm6', 'm13', 'P4', 'P11', 'P8']	[0, 3, 7]	[11, 3, 6]
5	1.75	0.125	0.25	['D#3', 'F#3', 'B3', 'F#4']	['m3', 'm6', 'm10', 'P4', 'P8', 'P5']	[0, 3, 7]	[11, 3, 6]
5	2.0	0.5	0.25	['B1', 'B2', 'D#4']	['P8', 'M17', 'M10']	[0, 4]	[11, 3]
5	2.25	0.125	0.25	['B1', 'B2', 'F#4']	['P8', 'P19', 'P12']	[0, 5]	[6, 11]
5	2.5	0.25	0.25	['F#3', 'B3', 'D#4', 'B4']	['P4', 'M6', 'P11', 'M3', 'P8', 'm6']	[0, 3, 7]	[11, 3, 6]
5	2.75	0.125	0.25	['F#3', 'B3', 'D#4', 'D#5']	['P4', 'M6', 'M13', 'M3', 'M10', 'P8']	[0, 3, 7]	[11, 3, 6]
6	1.0	1.0	0.5	['F#1', 'F#2', 'F#5']	['P8', 'P29', 'P22']	[0]	[6]
6	1.5	0.25	0.25	['F#1', 'F#2', 'F#3', 'A#3', 'C#4', 'E4', 'F#5']	['P8', 'P15', 'M17', 'P19', 'm21', 'P29', 'M10', 'P12', 'm14', 'P22', 'M3', 'P5', 'm7', 'm3', 'd5', 'm13', 'P11', 'M9']	[0, 2, 5, 8]	[10, 1, 4, 6]
6	1.75	0.125	0.25	['F#1', 'F#2', 'F#3', 'A#3', 'C#4', 'E4', 'E5']	['P8', 'P15', 'M17', 'P19', 'm21', 'm28', 'M10', 'P12', 'm14', 'M3', 'P5', 'm7', 'm3', 'd5', 'd12', 'm10']	[0, 2, 5, 8]	[10, 1, 4, 6]
6	2.0	0.5	0.5	['F#1', 'F#2', 'F#3', 'A#3', 'C#4', 'E4', 'C#5']	['P8', 'P15', 'M17', 'P19', 'm21', 'P26', 'M10', 'P12', 'm14', 'M3', 'P5', 'm7', 'm3', 'd5', 'm10', 'M6']	[0, 2, 5, 8]	[10, 1, 4, 6]
6	2.5	0.25	0.25	['C#5']	[]	[0]	[1]
6	2.75	0.125	0.25	['F#4']	[]	[0]	[6]
7	1.0	1.0	0.5	['G#1', 'G#2', 'D#3', 'G#3', 'B3', 'B4']	['P8', 'P12', 'P15', 'm17', 'm24', 'P5', 'm10', 'P4', 'm6', 'm13', 'm3']	[0, 3, 7]	[8, 11, 3]
7	1.5	0.25	0.25	['F#1', 'F#2', 'F#3', 'A#3', 'C#4', 'C#5']	['P8', 'P15', 'M17', 'P19', 'P26', 'M10', 'P12', 'M3', 'P5', 'm3', 'm10']	[0, 3, 7]	[6, 10, 1]
7	1.75	0.125	0.25	['F#1', 'F#2', 'F#3', 'A#3', 'C#4', 'C#5']	['P8', 'P15', 'M17', 'P19', 'P26', 'M10', 'P12', 'M3', 'P5', 'm3', 'm10']	[0, 3, 7]	[6, 10, 1]
7	2.0	0.5	0.25	['B1', 'B2', 'F#3', 'B3', 'D#4', 'D#5']	['P8', 'P12', 'P15', 'M17', 'M24', 'P5', 'M10', 'P4', 'M6', 'M13', 'M3']	[0, 3, 7]	[11, 3, 6]
7	2.25	0.125	0.25	['B1', 'B2', 'F#3', 'D#4', 'F#4', 'F#5']	['P8', 'P12', 'M17', 'P19', 'P26', 'P5', 'M10', 'M6', 'P15', 'm3', 'm10']	[0, 3, 7]	[11, 3, 6]
7	2.5	0.25	0.25	['B1', 'B2', 'F#3', 'C#4', 'E4', 'E5']	['P8', 'P12', 'M16', 'P18', 'P25', 'P5', 'M9', 'P11', 'm7', 'm14', 'm3', 'm10']	[0, 2, 5, 7]	[11, 1, 4, 6]
7	2.75	0.125	0.25	['D#2', 'F#3', 'B3', 'D#4', 'D#5']	['m10', 'm13', 'P15', 'P22', 'P4', 'M6', 'M13', 'M3', 'M10', 'P8']	[0, 3, 7]	[11, 3, 6]
8	1.0	1.0	0.5	['F#2', 'F#3', 'A#3', 'C#4', 'C#5']	['P8', 'M10', 'P12', 'P19', 'M3', 'P5', 'm3', 'm10']	[0, 3, 7]	[6, 10, 1]
8	1.5	0.25	0.5	['C#2', 'G#2', 'E#3', 'B3', 'C#4', 'C#5']	['P5', 'M10', 'm14', 'P15', 'P22', 'M6', 'm10', 'P11', 'P18', 'd5', 'm6', 'm13', 'M2', 'M9', 'P8']	[0, 2, 5, 8]	[5, 8, 11, 1]
8	2.0	0.5	0.5	['F#2', 'F#3', 'A#3', 'C#4']	['P8', 'M10', 'P12', 'M3', 'P5', 'm3']	[0, 3, 7]	[6, 10, 1]
8	2.5	0.25	0.5	['C#5']	[]	[0]	[1]
9	1.0	1.0	0.5	['B2', 'D#5']	['M17']	[0, 4]	[11, 3]
9	1.5	0.25	0.25	['F#3', 'B3', 'D#4', 'D#5']	['P4', 'M6', 'M13', 'M3', 'M10', 'P8']	[0, 3, 7]	[11, 3, 6]
9	1.75	0.125	0.25	['F#3', 'B3', 'D#4', 'D#5']	['P4', 'M6', 'M13', 'M3', 'M10', 'P8']	[0, 3, 7]	[11, 3, 6]
9	2.0	0.5	0.5	['A#2', 'D#5']	['P18']	[0, 5]	[10, 3]
9	2.5	0.25	0.25	['F##3', 'C#4', 'D#4', 'D#5']	['d5', 'm6', 'm13', 'M2', 'M9', 'P8']	[0, 2, 6]	[1, 3, 7]
9	2.75	0.125	0.25	['F##3', 'C#4', 'D#4', 'C#5']	['d5', 'm6', 'd12', 'M2', 'P8', 'm7']	[0, 2, 6]	[1, 3, 7]
10	1.0	1.0	0.5	['G#2', 'C#5']	['P18']	[0, 5]	[8, 1]
10	1.5	0.25	0.25	['G#3', 'B3', 'D#4', 'C#5']	['m3', 'P5', 'P11', 'M3', 'M9', 'm7']	[0, 2, 4, 7]	[8, 11, 1, 3]
10	1.75	0.125	0.25	['G#3', 'B3', 'D#4', 'B4']	['m3', 'P5', 'm10', 'M3', 'P8', 'm6']	[0, 3, 7]	[8, 11, 3]
10	2.0	0.5	0.75	['B4']	[]	[0]	[11]
10	2.75	0.125	0.25	['B4']	[]	[0]	[11]
11	1.0	1.0	0.5	['A2', 'A3', 'C#4', 'F#4', 'C#5']	['P8', 'M10', 'M13', 'M17', 'M3', 'M6', 'P4', 'P5']	[0, 3, 7]	[6, 9, 1]
11	1.5	0.25	0.25	['B2', 'G#3', 'D4', 'F#4', 'D5']	['M6', 'm10', 'P12', 'm17', 'd5', 'm7', 'd12', 'M3', 'P8', 'm6']	[0, 2, 5, 8]	[6, 8, 11, 2]
11	1.75	0.125	0.25	['B2', 'G#3', 'D4', 'F#4', 'D5']	['M6', 'm10', 'P12', 'm17', 'd5', 'm7', 'd12', 'M3', 'P8', 'm6']	[0, 2, 5, 8]	[6, 8, 11, 2]
11	2.0	0.5	0.5	['C#3', 'A3', 'C#4', 'F#4', 'C#5']	['m6', 'P8', 'P11', 'P15', 'M3', 'M6', 'M10', 'P4', 'P5']	[0, 3, 7]	[6, 9, 1]
11	2.5	0.25	0.25	['C#3', 'B3', 'C#4', 'E#4', 'C#5']	['m7', 'P8', 'M10', 'P15', 'M2', 'A4', 'M9', 'M3', 'm6']	[0, 2, 6]	[11, 1, 5]
11	2.75	0.125	0.25	['C#3', 'B3', 'C#4', 'E#4']	['m7', 'P8', 'M10', 'M2', 'A4', 'M3']	[0, 2, 6]	[11, 1, 5]
12	1.0	1.0	1/6	['F#2', 'A3', 'C#4', 'F#4']	['m10', 'P12', 'P15', 'M3', 'M6', 'P4']	[0, 3, 7]	[6, 9, 1]
12	7/6	0.0625	1/6	['F#2', 'F#3', 'F#4']	['P8', 'P15']	[0]	[6]
12	4/3	0.0625	1/6	['F#2', 'F#3', 'F#4']	['P8', 'P15']	[0]	[6]
12	1.5	0.25	1/6	['F#2', 'C#3', 'F#3', 'A#3', 'E4', 'F#4']	['P5', 'P8', 'M10', 'm14', 'P15', 'P4', 'M6', 'm10', 'P11', 'M3', 'm7', 'd5', 'm6', 'M2']	[0, 2, 5, 8]	[10, 1, 4, 6]
12	5/3	0.0625	1/6	['F#2', 'C#3', 'F#3', 'A#3', 'E4', 'F#4']	['P5', 'P8', 'M10', 'm14', 'P15', 'P4', 'M6', 'm10', 'P11', 'M3', 'm7', 'd5', 'm6', 'M2']	[0, 2, 5, 8]	[10, 1, 4, 6]
12	11/6	0.0625	1/6	['F#2', 'C#3', 'F#3', 'A#3', 'E4', 'F#4']	['P5', 'P8', 'M10', 'm14', 'P15', 'P4', 'M6', 'm10', 'P11', 'M3', 'm7', 'd5', 'm6', 'M2']	[0, 2, 5, 8]	[10, 1, 4, 6]
12	2.0	0.5	1/6	['F#2', 'D#3', 'F#3', 'B3', 'D#4', 'F#4']	['M6', 'P8', 'P11', 'M13', 'P15', 'm3', 'm6', 'm10', 'P4', 'M3', 'P5']	[0, 3, 7]	[11, 3, 6]
12	13/6	0.0625	1/6	['F#2', 'D#3', 'F#3', 'B3', 'D#4', 'F#4']	['M6', 'P8', 'P11', 'M13', 'P15', 'm3', 'm6', 'm10', 'P4', 'M3', 'P5']	[0, 3, 7]	[11, 3, 6]
12	7/3	0.0625	1/6	['F#2', 'D#3', 'F#3', 'B3', 'D#4', 'F#4']	['M6', 'P8', 'P11', 'M13', 'P15', 'm3', 'm6', 'm10', 'P4', 'M3', 'P5']	[0, 3, 7]	[11, 3, 6]
12	2.5	0.25	1/6	['F#2', 'E3', 'F#3', 'A#3', 'C#4', 'F#4']	['m7', 'P8', 'M10', 'P12', 'P15', 'M2', 'A4', 'M6', 'M9', 'M3', 'P5', 'm3', 'm6', 'P4']	[0, 2, 5, 8]	[10, 1, 4, 6]
12	8/3	0.0625	1/12	['F#2', 'E3', 'F#3', 'A#3', 'C#4', 'F#4']	['m7', 'P8', 'M10', 'P12', 'P15', 'M2', 'A4', 'M6', 'M9', 'M3', 'P5', 'm3', 'm6', 'P4']	[0, 2, 5, 8]	[10, 1, 4, 6]
12	2.75	0.125	1/12	['F#2', 'E3', 'F#3', 'A#3', 'C#4', 'F#4']	['m7', 'P8', 'M10', 'P12', 'P15', 'M2', 'A4', 'M6', 'M9', 'M3', 'P5', 'm3', 'm6', 'P4']	[0, 2, 5, 8]	[10, 1, 4, 6]
12	17/6	0.0625	1/6	['F#2', 'E3', 'F#3', 'A#3', 'C#4', 'F#4']	['m7', 'P8', 'M10', 'P12', 'P15', 'M2', 'A4', 'M6', 'M9', 'M3', 'P5', 'm3', 'm6', 'P4']	[0, 2, 5, 8]	[10, 1, 4, 6]
13	1.0	1.0	0.5	['B1', 'B2', 'B4']	['P8', 'P22', 'P15']	[0]	[11]
13	1.5	0.25	0.25	['D#3', 'F#3', 'B3', 'F#4']	['m3', 'm6', 'm10', 'P4', 'P8', 'P5']	[0, 3, 7]	[11, 3, 6]
13	1.75	0.125	0.25	['D#3', 'F#3', 'B3', 'F#4']	['m3', 'm6', 'm10', 'P4', 'P8', 'P5']	[0, 3, 7]	[11, 3, 6]
13	2.0	0.5	0.25	['B1', 'B2', 'D#4']	['P8', 'M17', 'M10']	[0, 4]	[11, 3]
13	2.25	0.125	0.25	['B1', 'B2', 'F#4']	['P8', 'P19', 'P12']	[0, 5]	[6, 11]
13	2.5	0.25	0.25	['F#3', 'B3', 'D#4', 'B4']	['P4', 'M6', 'P11', 'M3', 'P8', 'm6']	[0, 3, 7]	[11, 3, 6]
13	2.75	0.125	0.25	['F#3', 'B3', 'D#4', 'D#5']	['P4', 'M6', 'M13', 'M3', 'M10', 'P8']	[0, 3, 7]	[11, 3, 6]
14	1.0	1.0	0.5	['F#1', 'F#2', 'F#5']	['P8', 'P29', 'P22']	[0]	[6]
14	1.5	0.25	0.25	['F#1', 'F#2', 'F#3', 'A#3', 'E4', 'F#5']	['P8', 'P15', 'M17', 'm21', 'P29', 'M10', 'm14', 'P22', 'M3', 'm7', 'd5', 'm13', 'M9']	[0, 2, 6]	[4, 6, 10]
14	1.75	0.125	0.25	['F#1', 'F#2', 'F#3', 'A#3', 'E4', 'E5']	['P8', 'P15', 'M17', 'm21', 'm28', 'M10', 'm14', 'M3', 'm7', 'd5', 'd12']	[0, 2, 6]	[4, 6, 10]
14	2.0	0.5	0.5	['F#1', 'F#2', 'F#3', 'A#3', 'E4', 'C#5']	['P8', 'P15', 'M17', 'm21', 'P26', 'M10', 'm14', 'P19', 'M3', 'm7', 'P12', 'd5', 'm10', 'M6']	[0, 2, 5, 8]	[10, 1, 4, 6]
14	2.5	0.25	0.5	['C#5']	[]	[0]	[1]
15	1.0	1.0	0.5	['G#1', 'G#2', 'D#3', 'G#3', 'B3', 'B4']	['P8', 'P12', 'P15', 'm17', 'm24', 'P5', 'm10', 'P4', 'm6', 'm13', 'm3']	[0, 3, 7]	[8, 11, 3]
15	1.5	0.25	0.25	['F#1', 'F#2', 'F#3', 'A#3', 'C#4', 'C#5']	['P8', 'P15', 'M17', 'P19', 'P26', 'M10', 'P12', 'M3', 'P5', 'm3', 'm10']	[0, 3, 7]	[6, 10, 1]
15	1.75	0.125	0.25	['F#1', 'F#2', 'F#3', 'A#3', 'C#4', 'C#5']	['P8', 'P15', 'M17', 'P19', 'P26', 'M10', 'P12', 'M3', 'P5', 'm3', 'm10']	[0, 3, 7]	[6, 10, 1]
15	2.0	0.5	0.25	['B1', 'B2', 'F#3', 'B3', 'D#4', 'D#5']	['P8', 'P12', 'P15', 'M17', 'M24', 'P5', 'M10', 'P4', 'M6', 'M13', 'M3']	[0, 3, 7]	[11, 3, 6]
15	2.25	0.125	0.25	['B1', 'B2', 'F#3', 'D#4', 'F#4', 'F#5']	['P8', 'P12', 'M17', 'P19', 'P26', 'P5', 'M10', 'M6', 'P15', 'm3', 'm10']	[0, 3, 7]	[11, 3, 6]
15	2.5	0.25	0.25	['B1', 'B2', 'F#3', 'C#4', 'E4', 'E5']	['P8', 'P12', 'M16', 'P18', 'P25', 'P5', 'M9', 'P11', 'm7', 'm14', 'm3', 'm10']	[0, 2, 5, 7]	[11, 1, 4, 6]
15	2.75	0.125	0.25	['D#2', 'F#3', 'B3', 'D#4', 'D#5']	['m10', 'm13', 'P15', 'P22', 'P4', 'M6', 'M13', 'M3', 'M10', 'P8']	[0, 3, 7]	[11, 3, 6]
16	1.0	1.0	0.5	['F#2', 'F#3', 'A#3', 'C#4', 'C#5']	['P8', 'M10', 'P12', 'P19', 'M3', 'P5', 'm3', 'm10']	[0, 3, 7]	[6, 10, 1]
16	1.5	0.25	0.5	['C#2', 'G#2', 'E#3', 'B3', 'C#4', 'C#5']	['P5', 'M10', 'm14', 'P15', 'P22', 'M6', 'm10', 'P11', 'P18', 'd5', 'm6', 'm13', 'M2', 'M9', 'P8']	[0, 2, 5, 8]	[5, 8, 11, 1]
16	2.0	0.5	0.5	['F#2', 'F#3', 'A#3', 'C#4']	['P8', 'M10', 'P12', 'M3', 'P5', 'm3']	[0, 3, 7]	[6, 10, 1]
16	2.5	0.25	0.5	['C#5']	[]	[0]	[1]
17	1.0	1.0	0.5	['C#2', 'C#3', 'E5']	['P8', 'm24', 'm17']	[0, 3]	[1, 4]
17	1.5	0.25	0.25	['E3', 'G#3', 'C#4', 'E4', 'C#5']	['M3', 'M6', 'P8', 'M13', 'P4', 'm6', 'P11', 'm3']	[0, 3, 7]	[1, 4, 8]
17	1.75	0.125	0.25	['E3', 'G#3', 'C#4', 'E4', 'C#5']	['M3', 'M6', 'P8', 'M13', 'P4', 'm6', 'P11', 'm3']	[0, 3, 7]	[1, 4, 8]
17	2.0	0.5	0.25	['F#1', 'F#2', 'B4']	['P8', 'P25', 'P18']	[0, 5]	[6, 11]
17	2.25	0.125	0.25	['F#1', 'F#2', 'A#4']	['P8', 'M24', 'M17']	[0, 4]	[6, 10]
17	2.5	0.25	0.25	['E3', 'F#3', 'C#4', 'E4', 'G#4']	['M2', 'M6', 'P8', 'M10', 'P5', 'm7', 'M9', 'm3', 'M3']	[0, 2, 4, 7]	[1, 4, 6, 8]
17	2.75	0.125	0.25	['E3', 'F#3', 'C#4', 'E4', 'F#4']	['M2', 'M6', 'P8', 'M9', 'P5', 'm7', 'm3', 'P4']	[0, 2, 5]	[1, 4, 6]
18	1.0	1.0	0.5	['B1', 'B2', 'D5']	['P8', 'm24', 'm17']	[0, 3]	[11, 2]
18	1.5	0.25	0.25	['D3', 'F#3', 'B3', 'D4', 'D5']	['M3', 'M6', 'P8', 'P15', 'P4', 'm6', 'm13', 'm3', 'm10']	[0, 3, 7]	[11, 2, 6]
18	1.75	0.125	0.25	['D3', 'F#3', 'B3', 'D4', 'C#5']	['M3', 'M6', 'P8', 'M14', 'P4', 'm6', 'P12', 'm3', 'M9', 'M7']	[0, 2, 3, 7]	[11, 1, 2, 6]
18	2.0	0.5	0.5	['D2', 'B4']	['M20']	[0, 3]	[11, 2]
18	2.5	0.25	0.5	['D3', 'F#3', 'B3', 'B4']	['M3', 'M6', 'M13', 'P4', 'P11', 'P8']	[0, 3, 7]	[11, 2, 6]
19	1.0	1.0	0.5	['F#2', 'F#3', 'D4', 'D5']	['P8', 'm13', 'm20', 'm6']	[0, 4]	[2, 6]
19	1.5	0.25	0.25	['F#2', 'D3', 'F#3', 'B3', 'B4']	['m6', 'P8', 'P11', 'P18', 'M3', 'M6', 'M13', 'P4']	[0, 3, 7]	[11, 2, 6]
19	1.75	0.125	0.25	['F#2', 'D3', 'F#3', 'B3', 'B4']	['m6', 'P8', 'P11', 'P18', 'M3', 'M6', 'M13', 'P4']	[0, 3, 7]	[11, 2, 6]
19	2.0	0.5	0.5	['F#2', 'E3', 'F#3', 'C#4', 'C#5']	['m7', 'P8', 'P12', 'P19', 'M2', 'M6', 'M13', 'P5']	[0, 2, 5]	[1, 4, 6]
19	2.5	0.25	0.5	['F#2', 'C#3', 'F#3', 'A#3', 'F#4']	['P5', 'P8', 'M10', 'P15', 'P4', 'M6', 'P11', 'M3', 'm6']	[0, 3, 7]	[6, 10, 1]
20	1.0	1.0	0.5	['D2', 'D3', 'F#3', 'B3', 'F#5']	['P8', 'M10', 'M13', 'M24', 'M3', 'M6', 'M17', 'P4', 'P15', 'P12']	[0, 3, 7]	[11, 2, 6]
20	1.5	0.25	1.5	['E2', 'E3', 'G3', 'C4', 'G5']	['P8', 'm10', 'm13', 'm24', 'm3', 'm6', 'm17', 'P4', 'P15', 'P12']	[0, 3, 7]	[0, 4, 7]
21	1.0	1.0	0.5	['F#1', 'F#2', 'F#5']	['P8', 'P29', 'P22']	[0]	[6]
21	1.5	0.25	0.25	['D3', 'F#3', 'B3', 'E5']	['M3', 'M6', 'M16', 'P4', 'm14', 'P11']	[0, 2, 4, 7]	[11, 2, 4, 6]
21	1.75	0.125	0.25	['D3', 'F#3', 'B3', 'D5']	['M3', 'M6', 'P15', 'P4', 'm13', 'm10']	[0, 3, 7]	[11, 2, 6]
21	2.0	0.5	0.25	['F#1', 'F#2', 'C#5']	['P8', 'P26', 'P19']	[0, 5]	[1, 6]
21	2.25	0.125	0.25	['F#1', 'F#2', 'E5']	['P8', 'm28', 'm21']	[0, 2]	[4, 6]
21	2.5	0.25	0.25	['E3', 'F#3', 'A#3', 'D5']	['M2', 'A4', 'm14', 'M3', 'm13', 'd11']	[0, 2, 4, 8]	[2, 4, 6, 10]
21	2.75	0.125	0.25	['E3', 'F#3', 'A#3', 'C#5']	['M2', 'A4', 'M13', 'M3', 'P12', 'm10']	[0, 2, 5, 8]	[10, 1, 4, 6]
22	1.0	1.0	1/6	['B1', 'B2', 'D#3', 'F#3', 'B3', 'B4']	['P8', 'M10', 'P12', 'P15', 'P22', 'M3', 'P5', 'm3', 'm6', 'm13', 'P4', 'P11']	[0, 3, 7]	[11, 3, 6]
22	7/6	0.0625	1/6	['B1', 'B2', 'B3', 'B4']	['P8', 'P15', 'P22']	[0]	[11]
22	4/3	0.0625	1/6	['B1', 'B2', 'B3', 'B4']	['P8', 'P15', 'P22']	[0]	[11]
22	1.5	0.25	1/6	['B3', 'B4']	['P8']	[0]	[11]
22	5/3	0.0625	1/6	['B3', 'B4']	['P8']	[0]	[11]
22	11/6	0.0625	1/6	['B3', 'B4']	['P8']	[0]	[11]
22	2.0	0.5	1/6	['B3']	[]	[0]	[11]
22	13/6	0.0625	1/6	['B3']	[]	[0]	[11]
22	7/3	0.0625	1/6	['B3']	[]	[0]	[11]
22	2.5	0.25	1/6	['B3']	[]	[0]	[11]
22	8/3	0.0625	1/12	['B3']	[]	[0]	[11]
22	2.75	0.125	1/12	['B3', 'B4']	['P8']	[0]	[11]
22	17/6	0.0625	1/6	['B3', 'B4']	['P8']	[0]	[11]
23	1.0	1.0	1/6	['A3', 'B3', 'B4']	['M2', 'M9', 'P8']	[0, 2]	[9, 11]
23	7/6	0.0625	1/6	['A3', 'B3', 'B4']	['M2', 'M9', 'P8']	[0, 2]	[9, 11]
23	4/3	0.0625	1/6	['A3', 'B3', 'B4']	['M2', 'M9', 'P8']	[0, 2]	[9, 11]
23	1.5	0.25	1/6	['F#3', 'B3', 'B4']	['P4', 'P11', 'P8']	[0, 5]	[6, 11]
23	5/3	0.0625	1/12	['F#3', 'B3', 'B4']	['P4', 'P11', 'P8']	[0, 5]	[6, 11]
23	1.75	0.125	1/12	['F#3', 'B3', 'B4']	['P4', 'P11', 'P8']	[0, 5]	[6, 11]
23	11/6	0.0625	1/6	['F#3', 'B3', 'B4']	['P4', 'P11', 'P8']	[0, 5]	[6, 11]
23	2.0	0.5	1/6	['G3', 'B3', 'B4', 'E5']	['M3', 'M10', 'M13', 'P8', 'P11', 'P4']	[0, 3, 7]	[4, 7, 11]
23	13/6	0.0625	1/6	['G3', 'B3', 'B4', 'E5']	['M3', 'M10', 'M13', 'P8', 'P11', 'P4']	[0, 3, 7]	[4, 7, 11]
23	7/3	0.0625	1/6	['G3', 'B3', 'B4', 'E5']	['M3', 'M10', 'M13', 'P8', 'P11', 'P4']	[0, 3, 7]	[4, 7, 11]
23	2.5	0.25	1/6	['E3', 'B3', 'G4', 'E5']	['P5', 'm10', 'P15', 'm6', 'P11', 'M6']	[0, 3, 7]	[4, 7, 11]
23	8/3	0.0625	1/12	['E3', 'B3', 'G4', 'E5']	['P5', 'm10', 'P15', 'm6', 'P11', 'M6']	[0, 3, 7]	[4, 7, 11]
23	2.75	0.125	1/12	['E3', 'B3', 'G4', 'B4']	['P5', 'm10', 'P12', 'm6', 'P8', 'M3']	[0, 3, 7]	[4, 7, 11]
23	17/6	0.0625	1/6	['E3', 'B3', 'G4', 'B4']	['P5', 'm10', 'P12', 'm6', 'P8', 'M3']	[0, 3, 7]	[4, 7, 11]
24	1.0	1.0	1/6	['F#3', 'B3', 'A4', 'B4']	['P4', 'm10', 'P11', 'm7', 'P8', 'M2']	[0, 2, 5]	[6, 9, 11]
24	7/6	0.0625	1/6	['F#3', 'B3', 'A4', 'B4']	['P4', 'm10', 'P11', 'm7', 'P8', 'M2']	[0, 2, 5]	[6, 9, 11]
24	4/3	0.0625	1/6	['F#3', 'B3', 'A4', 'B4']	['P4', 'm10', 'P11', 'm7', 'P8', 'M2']	[0, 2, 5]	[6, 9, 11]
24	1.5	0.25	1/6	['D#3', 'B3', 'F#4', 'B4']	['m6', 'm10', 'm13', 'P5', 'P8', 'P4']	[0, 3, 7]	[11, 3, 6]
24	5/3	0.0625	1/12	['D#3', 'B3', 'F#4', 'B4']	['m6', 'm10', 'm13', 'P5', 'P8', 'P4']	[0, 3, 7]	[11, 3, 6]
24	1.75	0.125	1/12	['D#3', 'B3', 'F#4', 'A4']	['m6', 'm10', 'd12', 'P5', 'm7', 'm3']	[0, 2, 5, 8]	[3, 6, 9, 11]
24	11/6	0.0625	1/6	['D#3', 'B3', 'F#4', 'A4']	['m6', 'm10', 'd12', 'P5', 'm7', 'm3']	[0, 2, 5, 8]	[3, 6, 9, 11]
24	2.0	0.5	1/6	['E3', 'B3', 'G4']	['P5', 'm10', 'm6']	[0, 3, 7]	[4, 7, 11]
24	13/6	0.0625	1/6	['E3', 'B3', 'G4']	['P5', 'm10', 'm6']	[0, 3, 7]	[4, 7, 11]
24	7/3	0.0625	1/6	['E3', 'B3', 'G4']	['P5', 'm10', 'm6']	[0, 3, 7]	[4, 7, 11]
24	2.5	0.25	1/6	['E3', 'B3', 'G4']	['P5', 'm10', 'm6']	[0, 3, 7]	[4, 7, 11]
24	8/3	0.0625	1/6	['E3', 'B3', 'G4']	['P5', 'm10', 'm6']	[0, 3, 7]	[4, 7, 11]
24	17/6	0.0625	1/6	['E3', 'B3', 'G4']	['P5', 'm10', 'm6']	[0, 3, 7]	[4, 7, 11]
25	1.0	1.0	1/6	['G3', 'A3']	['M2']	[0, 2]	[7, 9]
25	7/6	0.0625	1/6	['G3', 'A3']	['M2']	[0, 2]	[7, 9]
25	4/3	0.0625	1/6	['G3', 'A3']	['M2']	[0, 2]	[7, 9]
25	1.5	0.25	1/6	['E3', 'A3']	['P4']	[0, 5]	[4, 9]
25	5/3	0.0625	1/12	['E3', 'A3']	['P4']	[0, 5]	[4, 9]
25	1.75	0.125	1/12	['E3', 'A3', 'A4']	['P4', 'P11', 'P8']	[0, 5]	[4, 9]
25	11/6	0.0625	1/6	['E3', 'A3', 'A4']	['P4', 'P11', 'P8']	[0, 5]	[4, 9]
25	2.0	0.5	1/6	['F#3', 'A3', 'A4', 'D5']	['m3', 'm10', 'm13', 'P8', 'P11', 'P4']	[0, 3, 7]	[2, 6, 9]
25	13/6	0.0625	1/6	['F#3', 'A3', 'A4', 'D5']	['m3', 'm10', 'm13', 'P8', 'P11', 'P4']	[0, 3, 7]	[2, 6, 9]
25	7/3	0.0625	1/6	['F#3', 'A3', 'A4', 'D5']	['m3', 'm10', 'm13', 'P8', 'P11', 'P4']	[0, 3, 7]	[2, 6, 9]
25	2.5	0.25	1/6	['D3', 'A3', 'F#4', 'D5']	['P5', 'M10', 'P15', 'M6', 'P11', 'm6']	[0, 3, 7]	[2, 6, 9]
25	8/3	0.0625	1/12	['D3', 'A3', 'F#4', 'D5']	['P5', 'M10', 'P15', 'M6', 'P11', 'm6']	[0, 3, 7]	[2, 6, 9]
25	2.75	0.125	1/12	['D3', 'A3', 'F#4', 'A4']	['P5', 'M10', 'P12', 'M6', 'P8', 'm3']	[0, 3, 7]	[2, 6, 9]
25	17/6	0.0625	1/6	['D3', 'A3', 'F#4', 'A4']	['P5', 'M10', 'P12', 'M6', 'P8', 'm3']	[0, 3, 7]	[2, 6, 9]
26	1.0	1.0	1/6	['E3', 'A3', 'G4', 'A4']	['P4', 'm10', 'P11', 'm7', 'P8', 'M2']	[0, 2, 5]	[4, 7, 9]
26	7/6	0.0625	1/6	['E3', 'A3', 'G4', 'A4']	['P4', 'm10', 'P11', 'm7', 'P8', 'M2']	[0, 2, 5]	[4, 7, 9]
26	4/3	0.0625	1/6	['E3', 'A3', 'G4', 'A4']	['P4', 'm10', 'P11', 'm7', 'P8', 'M2']	[0, 2, 5]	[4, 7, 9]
26	1.5	0.25	1/6	['C#3', 'A3', 'E4', 'A4']	['m6', 'm10', 'm13', 'P5', 'P8', 'P4']	[0, 3, 7]	[9, 1, 4]
26	5/3	0.0625	1/12	['C#3', 'A3', 'E4', 'A4']	['m6', 'm10', 'm13', 'P5', 'P8', 'P4']	[0, 3, 7]	[9, 1, 4]
26	1.75	0.125	1/12	['C#3', 'A3', 'E4', 'E5']	['m6', 'm10', 'm17', 'P5', 'P12', 'P8']	[0, 3, 7]	[9, 1, 4]
26	11/6	0.0625	1/6	['C#3', 'A3', 'E4', 'E5']	['m6', 'm10', 'm17', 'P5', 'P12', 'P8']	[0, 3, 7]	[9, 1, 4]
26	2.0	0.5	1/6	['D3', 'A3', 'F#4', 'F#5']	['P5', 'M10', 'M17', 'M6', 'M13', 'P8']	[0, 3, 7]	[2, 6, 9]
26	13/6	0.0625	1/6	['D3', 'A3', 'F#4', 'F#5']	['P5', 'M10', 'M17', 'M6', 'M13', 'P8']	[0, 3, 7]	[2, 6, 9]
26	7/3	0.0625	1/6	['D3', 'A3', 'F#4', 'F#5']	['P5', 'M10', 'M17', 'M6', 'M13', 'P8']	[0, 3, 7]	[2, 6, 9]
26	2.5	0.25	1/6	['D3', 'A3', 'F#4', 'F#5']	['P5', 'M10', 'M17', 'M6', 'M13', 'P8']	[0, 3, 7]	[2, 6, 9]
26	8/3	0.0625	1/12	['D3', 'A3', 'F#4', 'F#5']	['P5', 'M10', 'M17', 'M6', 'M13', 'P8']	[0, 3, 7]	[2, 6, 9]
26	2.75	0.125	1/12	['D3', 'A3', 'F#4', 'F#5']	['P5', 'M10', 'M17', 'M6', 'M13', 'P8']	[0, 3, 7]	[2, 6, 9]
26	17/6	0.0625	1/6	['D3', 'A3', 'F#4', 'F#5']	['P5', 'M10', 'M17', 'M6', 'M13', 'P8']	[0, 3, 7]	[2, 6, 9]
27	1.0	1.0	1/6	['E3', 'F#3', 'A#3', 'F#4', 'F#5']	['M2', 'A4', 'M9', 'M16', 'M3', 'P8', 'P15', 'm6', 'm13']	[0, 2, 6]	[4, 6, 10]
27	7/6	0.0625	1/12	['E3', 'F#3', 'A#3', 'F#4', 'F#5']	['M2', 'A4', 'M9', 'M16', 'M3', 'P8', 'P15', 'm6', 'm13']	[0, 2, 6]	[4, 6, 10]
27	1.25	0.125	1/12	['E3', 'F#3', 'A#3', 'F#4', 'A#4']	['M2', 'A4', 'M9', 'A11', 'M3', 'P8', 'M10', 'm6']	[0, 2, 6]	[4, 6, 10]
27	4/3	0.0625	1/6	['E3', 'F#3', 'A#3', 'F#4', 'A#4']	['M2', 'A4', 'M9', 'A11', 'M3', 'P8', 'M10', 'm6']	[0, 2, 6]	[4, 6, 10]
27	1.5	0.25	1/6	['E3', 'F#3', 'A#3', 'F#4']	['M2', 'A4', 'M9', 'M3', 'P8', 'm6']	[0, 2, 6]	[4, 6, 10]
27	5/3	0.0625	1/12	['E3', 'F#3', 'A#3', 'F#4']	['M2', 'A4', 'M9', 'M3', 'P8', 'm6']	[0, 2, 6]	[4, 6, 10]
27	1.75	0.125	1/12	['E3', 'F#3', 'A#3', 'F#4', 'F#5']	['M2', 'A4', 'M9', 'M16', 'M3', 'P8', 'P15', 'm6', 'm13']	[0, 2, 6]	[4, 6, 10]
27	11/6	0.0625	1/6	['E3', 'F#3', 'A#3', 'F#4', 'F#5']	['M2', 'A4', 'M9', 'M16', 'M3', 'P8', 'P15', 'm6', 'm13']	[0, 2, 6]	[4, 6, 10]
27	2.0	0.5	1/6	['D3', 'F#3', 'B3', 'F#4', 'F#5']	['M3', 'M6', 'M10', 'M17', 'P4', 'P8', 'P15', 'P5', 'P12']	[0, 3, 7]	[11, 2, 6]
27	13/6	0.0625	1/12	['D3', 'F#3', 'B3', 'F#4', 'F#5']	['M3', 'M6', 'M10', 'M17', 'P4', 'P8', 'P15', 'P5', 'P12']	[0, 3, 7]	[11, 2, 6]
27	2.25	0.125	1/12	['D3', 'F#3', 'B3', 'F#4', 'B4']	['M3', 'M6', 'M10', 'M13', 'P4', 'P8', 'P11', 'P5']	[0, 3, 7]	[11, 2, 6]
27	7/3	0.0625	1/6	['D3', 'F#3', 'B3', 'F#4', 'B4']	['M3', 'M6', 'M10', 'M13', 'P4', 'P8', 'P11', 'P5']	[0, 3, 7]	[11, 2, 6]
27	2.5	0.25	1/6	['D3', 'F#3', 'B3', 'F#4']	['M3', 'M6', 'M10', 'P4', 'P8', 'P5']	[0, 3, 7]	[11, 2, 6]
27	8/3	0.0625	1/12	['D3', 'F#3', 'B3', 'F#4']	['M3', 'M6', 'M10', 'P4', 'P8', 'P5']	[0, 3, 7]	[11, 2, 6]
27	2.75	0.125	1/12	['D3', 'F#3', 'B3', 'F#4', 'B4']	['M3', 'M6', 'M10', 'M13', 'P4', 'P8', 'P11', 'P5']	[0, 3, 7]	[11, 2, 6]
27	17/6	0.0625	1/6	['D3', 'F#3', 'B3', 'F#4', 'B4']	['M3', 'M6', 'M10', 'M13', 'P4', 'P8', 'P11', 'P5']	[0, 3, 7]	[11, 2, 6]
28	1.0	1.0	1/6	['C#3', 'F#3', 'A#3', 'E4', 'F#4', 'E5']	['P4', 'M6', 'm10', 'P11', 'm17', 'M3', 'm7', 'P8', 'm14', 'd5', 'm6', 'd12', 'M2']	[0, 2, 5, 8]	[10, 1, 4, 6]
28	7/6	0.0625	1/6	['C#3', 'F#3', 'A#3', 'E4', 'F#4', 'E5']	['P4', 'M6', 'm10', 'P11', 'm17', 'M3', 'm7', 'P8', 'm14', 'd5', 'm6', 'd12', 'M2']	[0, 2, 5, 8]	[10, 1, 4, 6]
28	4/3	0.0625	1/6	['C#3', 'F#3', 'A#3', 'E4', 'F#4', 'E5']	['P4', 'M6', 'm10', 'P11', 'm17', 'M3', 'm7', 'P8', 'm14', 'd5', 'm6', 'd12', 'M2']	[0, 2, 5, 8]	[10, 1, 4, 6]
28	1.5	0.25	1/6	['B2', 'F#3', 'B3', 'D4', 'F#4', 'D5']	['P5', 'P8', 'm10', 'P12', 'm17', 'P4', 'm6', 'm13', 'm3', 'M3']	[0, 3, 7]	[11, 2, 6]
28	5/3	0.0625	1/6	['B2', 'F#3', 'B3', 'D4', 'F#4', 'D5']	['P5', 'P8', 'm10', 'P12', 'm17', 'P4', 'm6', 'm13', 'm3', 'M3']	[0, 3, 7]	[11, 2, 6]
28	11/6	0.0625	1/6	['B2', 'F#3', 'B3', 'D4', 'F#4', 'D5']	['P5', 'P8', 'm10', 'P12', 'm17', 'P4', 'm6', 'm13', 'm3', 'M3']	[0, 3, 7]	[11, 2, 6]
28	2.0	0.5	1/6	['F#2', 'F#3', 'A#3', 'C#4', 'F#4', 'C#5']	['P8', 'M10', 'P12', 'P15', 'P19', 'M3', 'P5', 'm3', 'm6', 'm10', 'P4']	[0, 3, 7]	[6, 10, 1]
28	13/6	0.0625	1/6	['F#2', 'F#3', 'A#3', 'C#4', 'F#4', 'C#5']	['P8', 'M10', 'P12', 'P15', 'P19', 'M3', 'P5', 'm3', 'm6', 'm10', 'P4']	[0, 3, 7]	[6, 10, 1]
28	7/3	0.0625	1/6	['F#2', 'F#3', 'A#3', 'C#4', 'F#4', 'C#5']	['P8', 'M10', 'P12', 'P15', 'P19', 'M3', 'P5', 'm3', 'm6', 'm10', 'P4']	[0, 3, 7]	[6, 10, 1]
28	2.5	0.25	1/6	['A#3', 'C#4', 'F#4']	['m3', 'm6', 'P4']	[0, 3, 7]	[6, 10, 1]
28	8/3	0.0625	1/12	['A#3', 'C#4', 'F#4']	['m3', 'm6', 'P4']	[0, 3, 7]	[6, 10, 1]
28	2.75	0.125	1/12	['A#3', 'C#4', 'F#4', 'C#5']	['m3', 'm6', 'm10', 'P4', 'P8', 'P5']	[0, 3, 7]	[6, 10, 1]
28	17/6	0.0625	1/6	['A#3', 'C#4', 'F#4', 'C#5']	['m3', 'm6', 'm10', 'P4', 'P8', 'P5']	[0, 3, 7]	[6, 10, 1]
29	1.0	1.0	1/6	['G3', 'C#4', 'E#4', 'C#5']	['A4', 'A6', 'A11', 'M3', 'P8', 'm6']	[0, 2, 6]	[1, 5, 7]
29	7/6	0.0625	1/6	['G3', 'C#4', 'E#4', 'C#5']	['A4', 'A6', 'A11', 'M3', 'P8', 'm6']	[0, 2, 6]	[1, 5, 7]
29	4/3	0.0625	1/6	['G3', 'C#4', 'E#4', 'C#5']	['A4', 'A6', 'A11', 'M3', 'P8', 'm6']	[0, 2, 6]	[1, 5, 7]
29	1.5	0.25	1/6	['G3', 'C#4', 'E#4', 'C#5']	['A4', 'A6', 'A11', 'M3', 'P8', 'm6']	[0, 2, 6]	[1, 5, 7]
29	5/3	0.0625	1/12	['G3', 'C#4', 'E#4', 'C#5']	['A4', 'A6', 'A11', 'M3', 'P8', 'm6']	[0, 2, 6]	[1, 5, 7]
29	1.75	0.125	1/12	['G3', 'C#4', 'E#4', 'B4']	['A4', 'A6', 'M10', 'M3', 'm7', 'd5']	[0, 2, 6, 8]	[5, 7, 11, 1]
29	11/6	0.0625	1/6	['G3', 'C#4', 'E#4', 'B4']	['A4', 'A6', 'M10', 'M3', 'm7', 'd5']	[0, 2, 6, 8]	[5, 7, 11, 1]
29	2.0	0.5	1/6	['F#3', 'C#4', 'F#4', 'A#4']	['P5', 'P8', 'M10', 'P4', 'M6', 'M3']	[0, 3, 7]	[6, 10, 1]
29	13/6	0.0625	1/6	['F#3', 'C#4', 'F#4', 'A#4']	['P5', 'P8', 'M10', 'P4', 'M6', 'M3']	[0, 3, 7]	[6, 10, 1]
29	7/3	0.0625	1/6	['F#3', 'C#4', 'F#4', 'A#4']	['P5', 'P8', 'M10', 'P4', 'M6', 'M3']	[0, 3, 7]	[6, 10, 1]
29	2.5	0.25	1/6	['F#3', 'C#4', 'F#4', 'A#4']	['P5', 'P8', 'M10', 'P4', 'M6', 'M3']	[0, 3, 7]	[6, 10, 1]
29	8/3	0.0625	1/12	['F#3', 'C#4', 'F#4', 'A#4']	['P5', 'P8', 'M10', 'P4', 'M6', 'M3']	[0, 3, 7]	[6, 10, 1]
29	2.75	0.125	1/12	['F#3', 'C#4', 'F#4', 'C#5']	['P5', 'P8', 'P12', 'P4']	[0, 5]	[1, 6]
29	17/6	0.0625	1/6	['F#3', 'C#4', 'F#4', 'C#5']	['P5', 'P8', 'P12', 'P4']	[0, 5]	[1, 6]
30	1.0	1.0	1/6	['G3', 'C#4', 'E#4', 'C#5']	['A4', 'A6', 'A11', 'M3', 'P8', 'm6']	[0, 2, 6]	[1, 5, 7]
30	7/6	0.0625	1/6	['G3', 'C#4', 'E#4', 'C#5']	['A4', 'A6', 'A11', 'M3', 'P8', 'm6']	[0, 2, 6]	[1, 5, 7]
30	4/3	0.0625	1/6	['G3', 'C#4', 'E#4', 'C#5']	['A4', 'A6', 'A11', 'M3', 'P8', 'm6']	[0, 2, 6]	[1, 5, 7]
30	1.5	0.25	1/6	['G3', 'C#4', 'E#4', 'C#5']	['A4', 'A6', 'A11', 'M3', 'P8', 'm6']	[0, 2, 6]	[1, 5, 7]
30	5/3	0.0625	1/12	['G3', 'C#4', 'E#4', 'C#5']	['A4', 'A6', 'A11', 'M3', 'P8', 'm6']	[0, 2, 6]	[1, 5, 7]
30	1.75	0.125	1/12	['G3', 'C#4', 'E#4', 'B4']	['A4', 'A6', 'M10', 'M3', 'm7', 'd5']	[0, 2, 6, 8]	[5, 7, 11, 1]
30	11/6	0.0625	1/6	['G3', 'C#4', 'E#4', 'B4']	['A4', 'A6', 'M10', 'M3', 'm7', 'd5']	[0, 2, 6, 8]	[5, 7, 11, 1]
30	2.0	0.5	1/6	['F#3', 'C#4', 'F#4', 'A#4']	['P5', 'P8', 'M10', 'P4', 'M6', 'M3']	[0, 3, 7]	[6, 10, 1]
30	13/6	0.0625	1/6	['F#3', 'C#4', 'F#4', 'A#4']	['P5', 'P8', 'M10', 'P4', 'M6', 'M3']	[0, 3, 7]	[6, 10, 1]
30	7/3	0.0625	1/6	['F#3', 'C#4', 'F#4', 'A#4']	['P5', 'P8', 'M10', 'P4', 'M6', 'M3']	[0, 3, 7]	[6, 10, 1]
30	2.5	0.25	1/6	['F#3', 'C#4', 'F#4']	['P5', 'P8', 'P4']	[0, 5]	[1, 6]
30	8/3	0.0625	1/6	['F#3', 'C#4', 'F#4']	['P5', 'P8', 'P4']	[0, 5]	[1, 6]
30	17/6	0.0625	1/6	['F#3', 'C#4', 'F#4']	['P5', 'P8', 'P4']	[0, 5]	[1, 6]
31	1.0	1.0	1/6	['C#4']	[]	[0]	[1]
31	7/6	0.0625	1/6	['C#4']	[]	[0]	[1]
31	4/3	0.0625	1/6	['C#4']	[]	[0]	[1]
31	1.5	0.25	1/6	['F#2', 'C#3', 'A#3', 'E4', 'F#4']	['P5', 'M10', 'm14', 'P15', 'M6', 'm10', 'P11', 'd5', 'm6', 'M2']	[0, 2, 5, 8]	[10, 1, 4, 6]
31	5/3	0.0625	1/6	['F#2', 'C#3', 'A#3', 'E4', 'F#4']	['P5', 'M10', 'm14', 'P15', 'M6', 'm10', 'P11', 'd5', 'm6', 'M2']	[0, 2, 5, 8]	[10, 1, 4, 6]
31	11/6	0.0625	1/6	['F#2', 'C#3', 'A#3', 'E4', 'F#4']	['P5', 'M10', 'm14', 'P15', 'M6', 'm10', 'P11', 'd5', 'm6', 'M2']	[0, 2, 5, 8]	[10, 1, 4, 6]
31	2.0	0.5	1/6	['G#2', 'D#3', 'B3', 'D#4', 'F#4']	['P5', 'm10', 'P12', 'm14', 'm6', 'P8', 'M3', 'm3']	[0, 3, 5, 8]	[3, 6, 8, 11]
31	13/6	0.0625	1/6	['G#2', 'D#3', 'B3', 'D#4', 'F#4']	['P5', 'm10', 'P12', 'm14', 'm6', 'P8', 'M3', 'm3']	[0, 3, 5, 8]	[3, 6, 8, 11]
31	7/3	0.0625	1/6	['G#2', 'D#3', 'B3', 'D#4', 'F#4']	['P5', 'm10', 'P12', 'm14', 'm6', 'P8', 'M3', 'm3']	[0, 3, 5, 8]	[3, 6, 8, 11]
31	2.5	0.25	1/6	['F#2', 'E3', 'A#3', 'C#4', 'F#4']	['m7', 'M10', 'P12', 'P15', 'A4', 'M6', 'M9', 'm3', 'm6', 'P4']	[0, 2, 5, 8]	[10, 1, 4, 6]
31	8/3	0.0625	1/12	['F#2', 'E3', 'A#3', 'C#4', 'F#4']	['m7', 'M10', 'P12', 'P15', 'A4', 'M6', 'M9', 'm3', 'm6', 'P4']	[0, 2, 5, 8]	[10, 1, 4, 6]
31	2.75	0.125	1/12	['F#2', 'E3', 'A#3', 'C#4', 'F#4']	['m7', 'M10', 'P12', 'P15', 'A4', 'M6', 'M9', 'm3', 'm6', 'P4']	[0, 2, 5, 8]	[10, 1, 4, 6]
31	17/6	0.0625	1/6	['F#2', 'E3', 'A#3', 'C#4', 'F#4']	['m7', 'M10', 'P12', 'P15', 'A4', 'M6', 'M9', 'm3', 'm6', 'P4']	[0, 2, 5, 8]	[10, 1, 4, 6]
32	1.0	1.0	1/6	['B1', 'F#2', 'B2', 'D#3', 'B4']	['P5', 'P8', 'M10', 'P22', 'P4', 'M6', 'P18', 'M3', 'P15', 'm13']	[0, 3, 7]	[11, 3, 6]
32	7/6	0.0625	1/6	['B1', 'F#2', 'B2', 'F#3', 'B4']	['P5', 'P8', 'P12', 'P22', 'P4', 'P18', 'P15', 'P11']	[0, 5]	[6, 11]
32	4/3	0.0625	1/6	['B1', 'F#2', 'B2', 'B3', 'B4']	['P5', 'P8', 'P15', 'P22', 'P4', 'P11', 'P18']	[0, 5]	[6, 11]
32	1.5	0.25	1/6	['B1', 'F#2', 'B2', 'D#4', 'B4']	['P5', 'P8', 'M17', 'P22', 'P4', 'M13', 'P18', 'M10', 'P15', 'm6']	[0, 3, 7]	[11, 3, 6]
32	5/3	0.0625	1/12	['B1', 'F#2', 'B2', 'B3', 'B4']	['P5', 'P8', 'P15', 'P22', 'P4', 'P11', 'P18']	[0, 5]	[6, 11]
32	1.75	0.125	1/12	['B1', 'F#2', 'B2', 'B3', 'F#4']	['P5', 'P8', 'P15', 'P19', 'P4', 'P11', 'P12']	[0, 5]	[6, 11]
32	11/6	0.0625	1/6	['B1', 'F#2', 'B2', 'F#3', 'F#4']	['P5', 'P8', 'P12', 'P19', 'P4', 'P15']	[0, 5]	[6, 11]
32	2.0	0.5	1/6	['B1', 'F#2', 'B2', 'D#3', 'D#4']	['P5', 'P8', 'M10', 'M17', 'P4', 'M6', 'M13', 'M3']	[0, 3, 7]	[11, 3, 6]
32	13/6	0.0625	1/12	['B1', 'F#2', 'B2', 'F#3', 'D#4']	['P5', 'P8', 'P12', 'M17', 'P4', 'M13', 'M10', 'M6']	[0, 3, 7]	[11, 3, 6]
32	2.25	0.125	1/12	['B1', 'F#2', 'B2', 'F#3', 'F#4']	['P5', 'P8', 'P12', 'P19', 'P4', 'P15']	[0, 5]	[6, 11]
32	7/3	0.0625	1/6	['B1', 'F#2', 'B2', 'B3', 'F#4']	['P5', 'P8', 'P15', 'P19', 'P4', 'P11', 'P12']	[0, 5]	[6, 11]
32	2.5	0.25	1/6	['B1', 'F#2', 'B2', 'D#4', 'B4']	['P5', 'P8', 'M17', 'P22', 'P4', 'M13', 'P18', 'M10', 'P15', 'm6']	[0, 3, 7]	[11, 3, 6]
32	8/3	0.0625	1/12	['B1', 'F#2', 'B2', 'B3', 'B4']	['P5', 'P8', 'P15', 'P22', 'P4', 'P11', 'P18']	[0, 5]	[6, 11]
32	2.75	0.125	1/12	['B1', 'F#2', 'B2', 'B3', 'D#5']	['P5', 'P8', 'P15', 'M24', 'P4', 'P11', 'M20', 'M17', 'M10']	[0, 3, 7]	[11, 3, 6]
32	17/6	0.0625	1/6	['B1', 'F#2', 'B2', 'F#3', 'D#5']	['P5', 'P8', 'P12', 'M24', 'P4', 'M20', 'M17', 'M13']	[0, 3, 7]	[11, 3, 6]
33	1.0	1.0	1/6	['F#1', 'F#2', 'E3', 'F#5']	['P8', 'm14', 'P29', 'm7', 'P22', 'M16']	[0, 2]	[4, 6]
33	7/6	0.0625	1/6	['F#1', 'F#2', 'F#3', 'F#5']	['P8', 'P15', 'P29', 'P22']	[0]	[6]
33	4/3	0.0625	1/6	['F#1', 'F#2', 'A#3', 'F#5']	['P8', 'M17', 'P29', 'M10', 'P22', 'm13']	[0, 4]	[6, 10]
33	1.5	0.25	1/6	['F#1', 'F#2', 'C#4', 'F#5']	['P8', 'P19', 'P29', 'P12', 'P22', 'P11']	[0, 5]	[1, 6]
33	5/3	0.0625	1/12	['F#1', 'F#2', 'A#3', 'F#5']	['P8', 'M17', 'P29', 'M10', 'P22', 'm13']	[0, 4]	[6, 10]
33	1.75	0.125	1/12	['F#1', 'F#2', 'A#3', 'E5']	['P8', 'M17', 'm28', 'M10', 'm21', 'd12']	[0, 2, 6]	[4, 6, 10]
33	11/6	0.0625	1/6	['F#1', 'F#2', 'F#3', 'E5']	['P8', 'P15', 'm28', 'm21', 'm14']	[0, 2]	[4, 6]
33	2.0	0.5	1/6	['F#1', 'F#2', 'E3', 'C#5']	['P8', 'm14', 'P26', 'm7', 'P19', 'M13']	[0, 2, 5]	[1, 4, 6]
33	13/6	0.0625	1/6	['F#1', 'F#2', 'F#3', 'C#5']	['P8', 'P15', 'P26', 'P19', 'P12']	[0, 5]	[1, 6]
33	7/3	0.0625	1/6	['F#1', 'F#2', 'A#3', 'C#5']	['P8', 'M17', 'P26', 'M10', 'P19', 'm10']	[0, 3, 7]	[6, 10, 1]
33	2.5	0.25	1/6	['F#1', 'F#2', 'C#4', 'C#5']	['P8', 'P19', 'P26', 'P12']	[0, 5]	[1, 6]
33	8/3	0.0625	1/12	['F#1', 'F#2', 'A#3', 'C#5']	['P8', 'M17', 'P26', 'M10', 'P19', 'm10']	[0, 3, 7]	[6, 10, 1]
33	2.75	0.125	1/12	['F#1', 'F#2', 'A#3', 'F#4']	['P8', 'M17', 'P22', 'M10', 'P15', 'm6']	[0, 4]	[6, 10]
33	17/6	0.0625	1/6	['F#1', 'F#2', 'F#3', 'F#4']	['P8', 'P15', 'P22']	[0]	[6]
34	1.0	1.0	1/6	['G#1', 'G#2', 'D#3', 'B4']	['P8', 'P12', 'm24', 'P5', 'm17', 'm13']	[0, 3, 7]	[8, 11, 3]
34	7/6	0.0625	1/6	['G#1', 'G#2', 'G#3', 'B4']	['P8', 'P15', 'm24', 'm17', 'm10']	[0, 3]	[8, 11]
34	4/3	0.0625	1/6	['G#1', 'G#2', 'B3', 'B4']	['P8', 'm17', 'm24', 'm10']	[0, 3]	[8, 11]
34	1.5	0.25	1/6	['F#1', 'F#2', 'F#3', 'C#5']	['P8', 'P15', 'P26', 'P19', 'P12']	[0, 5]	[1, 6]
34	5/3	0.0625	1/6	['F#1', 'F#2', 'A#3', 'C#5']	['P8', 'M17', 'P26', 'M10', 'P19', 'm10']	[0, 3, 7]	[6, 10, 1]
34	11/6	0.0625	1/6	['F#1', 'F#2', 'C#4', 'C#5']	['P8', 'P19', 'P26', 'P12']	[0, 5]	[1, 6]
34	2.0	0.5	0.25	['B1', 'B2', 'F#3', 'B3', 'D#4', 'D#5']	['P8', 'P12', 'P15', 'M17', 'M24', 'P5', 'M10', 'P4', 'M6', 'M13', 'M3']	[0, 3, 7]	[11, 3, 6]
34	2.25	0.125	0.25	['B1', 'B2', 'F#3', 'D#4', 'F#4', 'F#5']	['P8', 'P12', 'M17', 'P19', 'P26', 'P5', 'M10', 'M6', 'P15', 'm3', 'm10']	[0, 3, 7]	[11, 3, 6]
34	2.5	0.25	0.25	['B1', 'B2', 'F#3', 'C#4', 'E4', 'E5']	['P8', 'P12', 'M16', 'P18', 'P25', 'P5', 'M9', 'P11', 'm7', 'm14', 'm3', 'm10']	[0, 2, 5, 7]	[11, 1, 4, 6]
34	2.75	0.125	0.25	['D#2', 'F#3', 'B3', 'D#4', 'D#5']	['m10', 'm13', 'P15', 'P22', 'P4', 'M6', 'M13', 'M3', 'M10', 'P8']	[0, 3, 7]	[11, 3, 6]
35	1.0	1.0	0.5	['F#2', 'F#3', 'A#3', 'C#4', 'C#5']	['P8', 'M10', 'P12', 'P19', 'M3', 'P5', 'm3', 'm10']	[0, 3, 7]	[6, 10, 1]
35	1.5	0.25	1/6	['C#2', 'G#2', 'E#3', 'C#5']	['P5', 'M10', 'P22', 'M6', 'P18', 'm13']	[0, 3, 7]	[1, 5, 8]
35	5/3	0.0625	1/6	['C#2', 'G#2', 'E#3', 'B3', 'C#5']	['P5', 'M10', 'm14', 'P22', 'M6', 'm10', 'P18', 'd5', 'm13', 'M9']	[0, 2, 5, 8]	[5, 8, 11, 1]
35	11/6	0.0625	1/6	['C#2', 'G#2', 'E#3', 'C#4', 'C#5']	['P5', 'M10', 'P15', 'P22', 'M6', 'P11', 'P18', 'm6', 'm13', 'P8']	[0, 3, 7]	[1, 5, 8]
35	2.0	0.5	1/6	['F#2', 'F#3']	['P8']	[0]	[6]
35	13/6	0.0625	1/6	['F#2', 'F#3', 'A#3']	['P8', 'M10', 'M3']	[0, 4]	[6, 10]
35	7/3	0.0625	1/6	['F#2', 'F#3', 'C#4']	['P8', 'P12', 'P5']	[0, 5]	[1, 6]
35	2.5	0.25	1/6	['A#3']	[]	[0]	[10]
35	8/3	0.0625	1/12	['F#3']	[]	[0]	[6]
35	2.75	0.125	1/12	['F#3', 'F#4']	['P8']	[0]	[6]
35	17/6	0.0625	1/6	['E3', 'F#4']	['M9']	[0, 2]	[4, 6]
36	1.0	1.0	1/6	['B1', 'B2', 'D#3', 'B4']	['P8', 'M10', 'P22', 'M3', 'P15', 'm13']	[0, 4]	[11, 3]
36	7/6	0.0625	1/6	['B1', 'B2', 'F#3', 'B4']	['P8', 'P12', 'P22', 'P5', 'P15', 'P11']	[0, 5]	[6, 11]
36	4/3	0.0625	1/6	['B1', 'B2', 'B3', 'B4']	['P8', 'P15', 'P22']	[0]	[11]
36	1.5	0.25	1/6	['B1', 'B2', 'D#4', 'F#4']	['P8', 'M17', 'P19', 'M10', 'P12', 'm3']	[0, 3, 7]	[11, 3, 6]
36	5/3	0.0625	1/12	['B1', 'B2', 'B3', 'F#4']	['P8', 'P15', 'P19', 'P12', 'P5']	[0, 5]	[6, 11]
36	1.75	0.125	1/12	['B1', 'B2', 'B3', 'F#4']	['P8', 'P15', 'P19', 'P12', 'P5']	[0, 5]	[6, 11]
36	11/6	0.0625	1/6	['B1', 'B2', 'F#3', 'F#4']	['P8', 'P12', 'P19', 'P5']	[0, 5]	[6, 11]
36	2.0	0.5	1/6	['B1', 'B2', 'D#3', 'D#4']	['P8', 'M10', 'M17', 'M3']	[0, 4]	[11, 3]
36	13/6	0.0625	1/12	['B1', 'B2', 'F#3', 'D#4']	['P8', 'P12', 'M17', 'P5', 'M10', 'M6']	[0, 3, 7]	[11, 3, 6]
36	2.25	0.125	1/12	['B1', 'B2', 'F#3', 'F#4']	['P8', 'P12', 'P19', 'P5']	[0, 5]	[6, 11]
36	7/3	0.0625	1/6	['B1', 'B2', 'B3', 'F#4']	['P8', 'P15', 'P19', 'P12', 'P5']	[0, 5]	[6, 11]
36	2.5	0.25	1/6	['B1', 'B2', 'D#4', 'B4']	['P8', 'M17', 'P22', 'M10', 'P15', 'm6']	[0, 4]	[11, 3]
36	8/3	0.0625	1/12	['B1', 'B2', 'B3', 'B4']	['P8', 'P15', 'P22']	[0]	[11]
36	2.75	0.125	1/12	['B1', 'B2', 'B3', 'D#5']	['P8', 'P15', 'M24', 'M17', 'M10']	[0, 4]	[11, 3]
36	17/6	0.0625	1/6	['B1', 'B2', 'F#3', 'D#5']	['P8', 'P12', 'M24', 'P5', 'M17', 'M13']	[0, 3, 7]	[11, 3, 6]
37	1.0	1.0	1/6	['F#1', 'F#2', 'E3', 'F#5']	['P8', 'm14', 'P29', 'm7', 'P22', 'M16']	[0, 2]	[4, 6]
37	7/6	0.0625	1/6	['F#1', 'F#2', 'F#3', 'F#5']	['P8', 'P15', 'P29', 'P22']	[0]	[6]
37	4/3	0.0625	1/6	['F#1', 'F#2', 'A#3', 'F#5']	['P8', 'M17', 'P29', 'M10', 'P22', 'm13']	[0, 4]	[6, 10]
37	1.5	0.25	1/6	['F#1', 'F#2', 'C#4', 'F#5']	['P8', 'P19', 'P29', 'P12', 'P22', 'P11']	[0, 5]	[1, 6]
37	5/3	0.0625	1/12	['F#1', 'F#2', 'A#3', 'F#5']	['P8', 'M17', 'P29', 'M10', 'P22', 'm13']	[0, 4]	[6, 10]
37	1.75	0.125	1/12	['F#1', 'F#2', 'A#3', 'E5']	['P8', 'M17', 'm28', 'M10', 'm21', 'd12']	[0, 2, 6]	[4, 6, 10]
37	11/6	0.0625	1/6	['F#1', 'F#2', 'F#3', 'E5']	['P8', 'P15', 'm28', 'm21', 'm14']	[0, 2]	[4, 6]
37	2.0	0.5	1/6	['F#1', 'F#2', 'E3', 'C#5']	['P8', 'm14', 'P26', 'm7', 'P19', 'M13']	[0, 2, 5]	[1, 4, 6]
37	13/6	0.0625	1/6	['F#1', 'F#2', 'F#3', 'C#5']	['P8', 'P15', 'P26', 'P19', 'P12']	[0, 5]	[1, 6]
37	7/3	0.0625	1/6	['F#1', 'F#2', 'A#3', 'C#5']	['P8', 'M17', 'P26', 'M10', 'P19', 'm10']	[0, 3, 7]	[6, 10, 1]
37	2.5	0.25	1/6	['F#1', 'F#2', 'C#4', 'C#5']	['P8', 'P19', 'P26', 'P12']	[0, 5]	[1, 6]
37	8/3	0.0625	1/12	['F#1', 'F#2', 'A#3', 'C#5']	['P8', 'M17', 'P26', 'M10', 'P19', 'm10']	[0, 3, 7]	[6, 10, 1]
37	2.75	0.125	1/12	['F#1', 'F#2', 'A#3', 'C#5']	['P8', 'M17', 'P26', 'M10', 'P19', 'm10']	[0, 3, 7]	[6, 10, 1]
37	17/6	0.0625	1/6	['F#1', 'F#2', 'F#3', 'C#5']	['P8', 'P15', 'P26', 'P19', 'P12']	[0, 5]	[1, 6]
38	1.0	1.0	1/6	['F#2', 'D3', 'D5']	['m6', 'm20', 'P15']	[0, 4]	[2, 6]
38	7/6	0.0625	1/6	['F#2', 'F#3', 'D5']	['P8', 'm20', 'm13']	[0, 4]	[2, 6]
38	4/3	0.0625	1/6	['F#2', 'D4', 'D5']	['m13', 'm20', 'P8']	[0, 4]	[2, 6]
38	1.5	0.25	1/6	['F#2', 'D3', 'B4']	['m6', 'P18', 'M13']	[0, 3, 7]	[11, 2, 6]
38	5/3	0.0625	1/6	['F#2', 'F#3', 'B4']	['P8', 'P18', 'P11']	[0, 5]	[6, 11]
38	11/6	0.0625	1/6	['F#2', 'B3', 'B4']	['P11', 'P18', 'P8']	[0, 5]	[6, 11]
38	2.0	0.5	1/6	['F#2', 'E3', 'C#5']	['m7', 'P19', 'M13']	[0, 2, 5]	[1, 4, 6]
38	13/6	0.0625	1/6	['F#2', 'F#3', 'C#5']	['P8', 'P19', 'P12']	[0, 5]	[1, 6]
38	7/3	0.0625	1/6	['F#2', 'C#4', 'C#5']	['P12', 'P19', 'P8']	[0, 5]	[1, 6]
38	2.5	0.25	1/6	['F#2', 'C#3', 'F#4']	['P5', 'P15', 'P11']	[0, 5]	[1, 6]
38	8/3	0.0625	1/12	['F#2', 'F#3', 'F#4']	['P8', 'P15']	[0]	[6]
38	2.75	0.125	1/12	['F#2', 'F#3', 'F#4']	['P8', 'P15']	[0]	[6]
38	17/6	0.0625	1/6	['F#2', 'A#3', 'F#4']	['M10', 'P15', 'm6']	[0, 4]	[6, 10]
39	1.0	1.0	0.5	['D2', 'D3', 'F#3', 'B3', 'F#5']	['P8', 'M10', 'M13', 'M24', 'M3', 'M6', 'M17', 'P4', 'P15', 'P12']	[0, 3, 7]	[11, 2, 6]
39	1.5	0.25	1.0	['E2', 'E3', 'G3', 'C4', 'G5']	['P8', 'm10', 'm13', 'm24', 'm3', 'm6', 'm17', 'P4', 'P15', 'P12']	[0, 3, 7]	[0, 4, 7]
39	2.5	0.25	0.5	['E2', 'E3', 'G3', 'C4', 'G5']	['P8', 'm10', 'm13', 'm24', 'm3', 'm6', 'm17', 'P4', 'P15', 'P12']	[0, 3, 7]	[0, 4, 7]
40	1.0	1.0	0.5	['F#2', 'F#5']	['P22']	[0]	[6]
40	1.5	0.25	0.25	['D3', 'F#3', 'B3', 'E5']	['M3', 'M6', 'M16', 'P4', 'm14', 'P11']	[0, 2, 4, 7]	[11, 2, 4, 6]
40	1.75	0.125	0.25	['D3', 'F#3', 'B3', 'D5']	['M3', 'M6', 'P15', 'P4', 'm13', 'm10']	[0, 3, 7]	[11, 2, 6]
40	2.0	0.5	0.25	['F#2', 'C#5']	['P19']	[0, 5]	[1, 6]
40	2.25	0.125	0.25	['F#2', 'E5']	['m21']	[0, 2]	[4, 6]
40	2.5	0.25	0.25	['E3', 'F#3', 'A#3', 'D5']	['M2', 'A4', 'm14', 'M3', 'm13', 'd11']	[0, 2, 4, 8]	[2, 4, 6, 10]
40	2.75	0.125	0.25	['E3', 'F#3', 'A#3', 'C#5']	['M2', 'A4', 'M13', 'M3', 'P12', 'm10']	[0, 2, 5, 8]	[10, 1, 4, 6]
41	1.0	1.0	1/6	['B1', 'B2', 'D#3', 'F#3', 'B3', 'B4']	['P8', 'M10', 'P12', 'P15', 'P22', 'M3', 'P5', 'm3', 'm6', 'm13', 'P4', 'P11']	[0, 3, 7]	[11, 3, 6]
41	7/6	0.0625	1/6	['B1', 'B2', 'F#4', 'B4']	['P8', 'P19', 'P22', 'P12', 'P15', 'P4']	[0, 5]	[6, 11]
41	4/3	0.0625	1/6	['B1', 'B2', 'F#4', 'B4']	['P8', 'P19', 'P22', 'P12', 'P15', 'P4']	[0, 5]	[6, 11]
41	1.5	0.25	1/6	['F#4', 'B4']	['P4']	[0, 5]	[6, 11]
41	5/3	0.0625	1/6	['F#4', 'B4']	['P4']	[0, 5]	[6, 11]
41	11/6	0.0625	1/6	['F#4', 'B4']	['P4']	[0, 5]	[6, 11]
41	2.0	0.5	1/6	['F#4']	[]	[0]	[6]
41	13/6	0.0625	1/6	['F#4']	[]	[0]	[6]
41	7/3	0.0625	1/6	['F#4']	[]	[0]	[6]
41	2.5	0.25	1/6	['F#4']	[]	[0]	[6]
41	8/3	0.0625	1/6	['F#4']	[]	[0]	[6]
41	17/6	0.0625	1/6	['B3', 'D#4', 'F#4']	['M3', 'P5', 'm3']	[0, 3, 7]	[11, 3, 6]
42	1.0	1.0	1/6	['F#3', 'C#4', 'F#4']	['P5', 'P8', 'P4']	[0, 5]	[1, 6]
42	7/6	0.0625	1/6	['C#4', 'E4', 'F#4']	['m3', 'P4', 'M2']	[0, 2, 5]	[1, 4, 6]
42	4/3	0.0625	1/6	['B3', 'D#4', 'F#4']	['M3', 'P5', 'm3']	[0, 3, 7]	[11, 3, 6]
42	1.5	0.25	1/6	['F#3', 'C#4', 'F#4']	['P5', 'P8', 'P4']	[0, 5]	[1, 6]
42	5/3	0.0625	1/6	['F#3', 'C#4', 'F#4']	['P5', 'P8', 'P4']	[0, 5]	[1, 6]
42	11/6	0.0625	1/6	['F#3', 'C#4', 'F#4']	['P5', 'P8', 'P4']	[0, 5]	[1, 6]
42	2.0	0.5	1/6	['B3', 'D#4', 'F#4']	['M3', 'P5', 'm3']	[0, 3, 7]	[11, 3, 6]
42	13/6	0.0625	1/6	['F#3', 'C#4', 'F#4']	['P5', 'P8', 'P4']	[0, 5]	[1, 6]
42	7/3	0.0625	1/6	['D#3', 'B3', 'F#4']	['m6', 'm10', 'P5']	[0, 3, 7]	[11, 3, 6]
42	2.5	0.25	1/6	['D#3', 'B3', 'F#4']	['m6', 'm10', 'P5']	[0, 3, 7]	[11, 3, 6]
42	8/3	0.0625	1/12	['D#3', 'B3', 'F#4']	['m6', 'm10', 'P5']	[0, 3, 7]	[11, 3, 6]
42	2.75	0.125	1/12	['D#3', 'B3', 'F#4']	['m6', 'm10', 'P5']	[0, 3, 7]	[11, 3, 6]
42	17/6	0.0625	1/6	['D#3', 'B3', 'F#4']	['m6', 'm10', 'P5']	[0, 3, 7]	[11, 3, 6]
43	1.0	1.0	1/6	['F#3', 'C#4', 'F#4']	['P5', 'P8', 'P4']	[0, 5]	[1, 6]
43	7/6	0.0625	1/6	['C#4', 'E4', 'F#4']	['m3', 'P4', 'M2']	[0, 2, 5]	[1, 4, 6]
43	4/3	0.0625	1/24	['B3', 'D#4', 'F#4']	['M3', 'P5', 'm3']	[0, 3, 7]	[11, 3, 6]
43	1.375	0.0625	0.125	['B3', 'D#4', 'F#4']	['M3', 'P5', 'm3']	[0, 3, 7]	[11, 3, 6]
43	1.5	0.25	1/6	['F#3', 'C#4', 'F#4']	['P5', 'P8', 'P4']	[0, 5]	[1, 6]
43	5/3	0.0625	1/12	['F#3', 'C#4', 'F#4']	['P5', 'P8', 'P4']	[0, 5]	[1, 6]
43	1.75	0.125	1/12	['F#3', 'C#4', 'F#4']	['P5', 'P8', 'P4']	[0, 5]	[1, 6]
43	11/6	0.0625	1/6	['F#3', 'C#4', 'F#4']	['P5', 'P8', 'P4']	[0, 5]	[1, 6]
43	2.0	0.5	1/6	['B3', 'D#4', 'F#4']	['M3', 'P5', 'm3']	[0, 3, 7]	[11, 3, 6]
43	13/6	0.0625	1/6	['F#3', 'C#4', 'F#4']	['P5', 'P8', 'P4']	[0, 5]	[1, 6]
43	7/3	0.0625	1/24	['D#3', 'B3', 'F#4']	['m6', 'm10', 'P5']	[0, 3, 7]	[11, 3, 6]
43	2.375	0.0625	0.125	['D#3', 'B3', 'F#4', 'B4']	['m6', 'm10', 'm13', 'P5', 'P8', 'P4']	[0, 3, 7]	[11, 3, 6]
43	2.5	0.25	1/6	['D#3', 'B3', 'F#4']	['m6', 'm10', 'P5']	[0, 3, 7]	[11, 3, 6]
43	8/3	0.0625	1/12	['D#3', 'B3', 'F#4']	['m6', 'm10', 'P5']	[0, 3, 7]	[11, 3, 6]
43	2.75	0.125	1/12	['D#3', 'B3', 'F#4']	['m6', 'm10', 'P5']	[0, 3, 7]	[11, 3, 6]
43	17/6	0.0625	1/6	['D#3', 'B3', 'F#4']	['m6', 'm10', 'P5']	[0, 3, 7]	[11, 3, 6]
44	1.0	1.0	1/6	['F#3', 'C#4', 'F#4']	['P5', 'P8', 'P4']	[0, 5]	[1, 6]
44	7/6	0.0625	1/12	['C#4', 'E4', 'F#4']	['m3', 'P4', 'M2']	[0, 2, 5]	[1, 4, 6]
44	1.25	0.125	1/12	['C#4', 'E4', 'F#4', 'A#4']	['m3', 'P4', 'M6', 'M2', 'A4', 'M3']	[0, 2, 5, 8]	[10, 1, 4, 6]
44	4/3	0.0625	1/6	['B3', 'D#4', 'F#4', 'A#4']	['M3', 'P5', 'M7', 'm3']	[0, 1, 5, 8]	[10, 11, 3, 6]
44	1.5	0.25	1/6	['F#3', 'C#4', 'F#4', 'C#5']	['P5', 'P8', 'P12', 'P4']	[0, 5]	[1, 6]
44	5/3	0.0625	1/12	['F#3', 'C#4', 'F#4', 'C#5']	['P5', 'P8', 'P12', 'P4']	[0, 5]	[1, 6]
44	1.75	0.125	1/12	['F#3', 'C#4', 'F#4', 'E5']	['P5', 'P8', 'm14', 'P4', 'm10', 'm7']	[0, 2, 5]	[1, 4, 6]
44	11/6	0.0625	1/6	['F#3', 'C#4', 'F#4', 'E5']	['P5', 'P8', 'm14', 'P4', 'm10', 'm7']	[0, 2, 5]	[1, 4, 6]
44	2.0	0.5	1/6	['B3', 'D#4', 'F#4', 'D#5']	['M3', 'P5', 'M10', 'm3', 'P8', 'M6']	[0, 3, 7]	[11, 3, 6]
44	13/6	0.0625	1/6	['F#3', 'C#4', 'F#4', 'D#5']	['P5', 'P8', 'M13', 'P4', 'M9', 'M6']	[0, 2, 5]	[1, 3, 6]
44	7/3	0.0625	1/24	['D#3', 'B3', 'F#4', 'D#5']	['m6', 'm10', 'P15', 'P5', 'M10', 'M6']	[0, 3, 7]	[11, 3, 6]
44	2.375	0.0625	0.125	['D#3', 'B3', 'F#4', 'C#5']	['m6', 'm10', 'm14', 'P5', 'M9']	[0, 2, 4, 7]	[11, 1, 3, 6]
44	2.5	0.25	1/6	['D#3', 'B3', 'F#4', 'B4']	['m6', 'm10', 'm13', 'P5', 'P8', 'P4']	[0, 3, 7]	[11, 3, 6]
44	8/3	0.0625	1/6	['D#3', 'B3', 'F#4', 'B4']	['m6', 'm10', 'm13', 'P5', 'P8', 'P4']	[0, 3, 7]	[11, 3, 6]
44	17/6	0.0625	1/24	['D#3', 'B3', 'F#4', 'B4']	['m6', 'm10', 'm13', 'P5', 'P8', 'P4']	[0, 3, 7]	[11, 3, 6]
44	2.875	0.0625	0.125	['D#3', 'B3', 'F#4']	['m6', 'm10', 'P5']	[0, 3, 7]	[11, 3, 6]
45	1.0	1.0	1/6	['F#3', 'C#4', 'F#4']	['P5', 'P8', 'P4']	[0, 5]	[1, 6]
45	7/6	0.0625	1/6	['C#4', 'E4', 'F#4']	['m3', 'P4', 'M2']	[0, 2, 5]	[1, 4, 6]
45	4/3	0.0625	1/6	['B3', 'D#4', 'F#4']	['M3', 'P5', 'm3']	[0, 3, 7]	[11, 3, 6]
45	1.5	0.25	1/6	['F#3', 'C#4', 'F#4']	['P5', 'P8', 'P4']	[0, 5]	[1, 6]
45	5/3	0.0625	1/6	['F#3', 'C#4', 'F#4']	['P5', 'P8', 'P4']	[0, 5]	[1, 6]
45	11/6	0.0625	1/6	['F#3', 'C#4', 'F#4']	['P5', 'P8', 'P4']	[0, 5]	[1, 6]
45	2.0	0.5	1/6	['B3', 'D#4', 'F#4']	['M3', 'P5', 'm3']	[0, 3, 7]	[11, 3, 6]
45	13/6	0.0625	1/6	['F#3', 'C#4', 'F#4']	['P5', 'P8', 'P4']	[0, 5]	[1, 6]
45	7/3	0.0625	1/6	['D#3', 'B3', 'F#4']	['m6', 'm10', 'P5']	[0, 3, 7]	[11, 3, 6]
45	2.5	0.25	1/6	['D#3', 'B3', 'F#4']	['m6', 'm10', 'P5']	[0, 3, 7]	[11, 3, 6]
45	8/3	0.0625	1/12	['D#3', 'B3', 'F#4']	['m6', 'm10', 'P5']	[0, 3, 7]	[11, 3, 6]
45	2.75	0.125	1/12	['D#3', 'B3', 'F#4']	['m6', 'm10', 'P5']	[0, 3, 7]	[11, 3, 6]
45	17/6	0.0625	1/6	['D#3', 'B3', 'F#4']	['m6', 'm10', 'P5']	[0, 3, 7]	[11, 3, 6]
46	1.0	1.0	1/6	['F#3', 'C#4', 'F#4']	['P5', 'P8', 'P4']	[0, 5]	[1, 6]
46	7/6	0.0625	1/6	['C#4', 'E4', 'F#4']	['m3', 'P4', 'M2']	[0, 2, 5]	[1, 4, 6]
46	4/3	0.0625	1/24	['B3', 'D4', 'F#4']	['m3', 'P5', 'M3']	[0, 3, 7]	[11, 2, 6]
46	1.375	0.0625	0.125	['B3', 'D4', 'F#4']	['m3', 'P5', 'M3']	[0, 3, 7]	[11, 2, 6]
46	1.5	0.25	1/6	['F#3', 'C#4', 'F#4']	['P5', 'P8', 'P4']	[0, 5]	[1, 6]
46	5/3	0.0625	1/12	['F#3', 'C#4', 'F#4']	['P5', 'P8', 'P4']	[0, 5]	[1, 6]
46	1.75	0.125	1/12	['F#3', 'C#4', 'F#4']	['P5', 'P8', 'P4']	[0, 5]	[1, 6]
46	11/6	0.0625	1/6	['F#3', 'C#4', 'F#4']	['P5', 'P8', 'P4']	[0, 5]	[1, 6]
46	2.0	0.5	1/6	['D3', 'B3', 'F#4']	['M6', 'M10', 'P5']	[0, 3, 7]	[11, 2, 6]
46	13/6	0.0625	1/6	['B3', 'D4', 'F#4']	['m3', 'P5', 'M3']	[0, 3, 7]	[11, 2, 6]
46	7/3	0.0625	1/24	['F#3', 'C#4', 'F#4']	['P5', 'P8', 'P4']	[0, 5]	[1, 6]
46	2.375	0.0625	0.125	['F#3', 'C#4', 'F#4', 'B4']	['P5', 'P8', 'P11', 'P4', 'm7']	[0, 2, 7]	[11, 1, 6]
46	2.5	0.25	1/6	['D3', 'B3', 'F#4']	['M6', 'M10', 'P5']	[0, 3, 7]	[11, 2, 6]
46	8/3	0.0625	1/12	['D3', 'B3', 'F#4']	['M6', 'M10', 'P5']	[0, 3, 7]	[11, 2, 6]
46	2.75	0.125	1/12	['D3', 'B3', 'F#4']	['M6', 'M10', 'P5']	[0, 3, 7]	[11, 2, 6]
46	17/6	0.0625	1/6	['D3', 'B3', 'F#4']	['M6', 'M10', 'P5']	[0, 3, 7]	[11, 2, 6]
47	1.0	1.0	1/6	['F#3', 'C#4', 'F#4']	['P5', 'P8', 'P4']	[0, 5]	[1, 6]
47	7/6	0.0625	1/6	['C#4', 'E4', 'F#4']	['m3', 'P4', 'M2']	[0, 2, 5]	[1, 4, 6]
47	4/3	0.0625	1/24	['B3', 'D4', 'F#4']	['m3', 'P5', 'M3']	[0, 3, 7]	[11, 2, 6]
47	1.375	0.0625	0.125	['B3', 'D4', 'F#4', 'A#4']	['m3', 'P5', 'M7', 'M3', 'A5']	[0, 1, 4, 8]	[10, 11, 2, 6]
47	1.5	0.25	1/6	['F#3', 'C#4', 'F#4', 'C#5']	['P5', 'P8', 'P12', 'P4']	[0, 5]	[1, 6]
47	5/3	0.0625	1/6	['F#3', 'C#4', 'F#4', 'C#5']	['P5', 'P8', 'P12', 'P4']	[0, 5]	[1, 6]
47	11/6	0.0625	1/6	['F#3', 'C#4', 'F#4', 'F#5']	['P5', 'P8', 'P15', 'P4', 'P11']	[0, 5]	[1, 6]
47	2.0	0.5	1/6	['D3', 'B3', 'F#4', 'D5']	['M6', 'M10', 'P15', 'P5', 'm10', 'm6']	[0, 3, 7]	[11, 2, 6]
47	13/6	0.0625	1/6	['B3', 'D4', 'F#4', 'D5']	['m3', 'P5', 'm10', 'M3', 'P8', 'm6']	[0, 3, 7]	[11, 2, 6]
47	7/3	0.0625	1/6	['F#3', 'C#4', 'F#4', 'D5']	['P5', 'P8', 'm13', 'P4', 'm9', 'm6']	[0, 1, 5]	[1, 2, 6]
47	2.5	0.25	1/6	['D3', 'B3', 'F#4', 'D5']	['M6', 'M10', 'P15', 'P5', 'm10', 'm6']	[0, 3, 7]	[11, 2, 6]
47	8/3	0.0625	1/6	['D3', 'B3', 'F#4', 'D5']	['M6', 'M10', 'P15', 'P5', 'm10', 'm6']	[0, 3, 7]	[11, 2, 6]
47	17/6	0.0625	1/6	['D3', 'B3', 'F#4', 'D5']	['M6', 'M10', 'P15', 'P5', 'm10', 'm6']	[0, 3, 7]	[11, 2, 6]
48	1.0	1.0	1/6	['B3', 'D4', 'F#4']	['m3', 'P5', 'M3']	[0, 3, 7]	[11, 2, 6]
48	7/6	0.0625	1/6	['F#3', 'C#4', 'F#4']	['P5', 'P8', 'P4']	[0, 5]	[1, 6]
48	4/3	0.0625	1/6	['D3', 'B3', 'F#4']	['M6', 'M10', 'P5']	[0, 3, 7]	[11, 2, 6]
48	1.5	0.25	1/6	['B3', 'D4', 'F#4']	['m3', 'P5', 'M3']	[0, 3, 7]	[11, 2, 6]
48	5/3	0.0625	1/6	['F#3', 'C#4', 'F#4']	['P5', 'P8', 'P4']	[0, 5]	[1, 6]
48	11/6	0.0625	1/6	['D3', 'B3', 'F#4']	['M6', 'M10', 'P5']	[0, 3, 7]	[11, 2, 6]
48	2.0	0.5	1/6	['B3', 'D4', 'F#4']	['m3', 'P5', 'M3']	[0, 3, 7]	[11, 2, 6]
48	13/6	0.0625	1/6	['F#3', 'C#4', 'F#4']	['P5', 'P8', 'P4']	[0, 5]	[1, 6]
48	7/3	0.0625	1/6	['D3', 'B3', 'F#4']	['M6', 'M10', 'P5']	[0, 3, 7]	[11, 2, 6]
48	2.5	0.25	1/6	['B3', 'D4', 'F#4']	['m3', 'P5', 'M3']	[0, 3, 7]	[11, 2, 6]
48	8/3	0.0625	1/12	['F#3', 'C#4', 'F#4']	['P5', 'P8', 'P4']	[0, 5]	[1, 6]
48	2.75	0.125	1/12	['F#3', 'C#4', 'F#4']	['P5', 'P8', 'P4']	[0, 5]	[1, 6]
48	17/6	0.0625	1/6	['D3', 'B3', 'F#4']	['M6', 'M10', 'P5']	[0, 3, 7]	[11, 2, 6]
49	1.0	1.0	1/6	['D2', 'D3', 'F#4']	['P8', 'M17', 'M10']	[0, 4]	[2, 6]
49	7/6	0.0625	1/12	['D2', 'D3', 'F#3', 'B3', 'F#4']	['P8', 'M10', 'M13', 'M17', 'M3', 'M6', 'P4', 'P5']	[0, 3, 7]	[11, 2, 6]
49	1.25	0.125	1/12	['F#3', 'B3', 'F#4', 'B4']	['P4', 'P8', 'P11', 'P5']	[0, 5]	[6, 11]
49	4/3	0.0625	1/6	['F#3', 'B3', 'F#4', 'B4']	['P4', 'P8', 'P11', 'P5']	[0, 5]	[6, 11]
49	1.5	0.25	1/6	['D2', 'D3', 'D5']	['P8', 'P22', 'P15']	[0]	[2]
49	5/3	0.0625	1/12	['D2', 'D3', 'F#3', 'B3', 'F#4', 'D5']	['P8', 'M10', 'M13', 'M17', 'P22', 'M3', 'M6', 'P15', 'P4', 'm13', 'P5', 'm10', 'm6']	[0, 3, 7]	[11, 2, 6]
49	1.75	0.125	1/12	['F#3', 'B3', 'F#4', 'F#5']	['P4', 'P8', 'P15', 'P5', 'P12']	[0, 5]	[6, 11]
49	11/6	0.0625	1/6	['F#3', 'B3', 'F#4', 'F#5']	['P4', 'P8', 'P15', 'P5', 'P12']	[0, 5]	[6, 11]
49	2.0	0.5	1/6	['C#2', 'C#3', 'F#5']	['P8', 'P25', 'P18']	[0, 5]	[1, 6]
49	13/6	0.0625	1/12	['C#2', 'C#3', 'G#3', 'B3', 'E#4', 'F#5']	['P8', 'P12', 'm14', 'M17', 'P25', 'P5', 'm7', 'M10', 'P18', 'm3', 'M6', 'A4', 'm9']	[0, 1, 3, 6, 8]	[5, 6, 8, 11, 1]
49	2.25	0.125	1/12	['G#3', 'B3', 'E#4', 'F#5']	['m3', 'M6', 'm14', 'A4', 'P12', 'm9']	[0, 1, 3, 6]	[5, 6, 8, 11]
49	7/3	0.0625	1/24	['G#3', 'B3', 'E#4', 'F#5']	['m3', 'M6', 'm14', 'A4', 'P12', 'm9']	[0, 1, 3, 6]	[5, 6, 8, 11]
49	2.375	0.0625	0.125	['G#3', 'B3', 'E#4', 'E#5']	['m3', 'M6', 'M13', 'A4', 'A11', 'P8']	[0, 3, 6]	[5, 8, 11]
49	2.5	0.25	1/6	['C#2', 'C#3', 'E#5']	['P8', 'M24', 'M17']	[0, 4]	[1, 5]
49	8/3	0.0625	1/12	['C#2', 'C#3', 'G#3', 'B3', 'E#4', 'E#5']	['P8', 'P12', 'm14', 'M17', 'M24', 'P5', 'm7', 'M10', 'm3', 'M6', 'M13', 'A4', 'A11']	[0, 2, 5, 8]	[5, 8, 11, 1]
49	2.75	0.125	1/12	['G#3', 'B3', 'E#4', 'E#5']	['m3', 'M6', 'M13', 'A4', 'A11', 'P8']	[0, 3, 6]	[5, 8, 11]
49	17/6	0.0625	1/6	['G#3', 'B3', 'E#4', 'E#5']	['m3', 'M6', 'M13', 'A4', 'A11', 'P8']	[0, 3, 6]	[5, 8, 11]
50	1.0	1.0	1/6	['A#1', 'A#2', 'E5']	['P8', 'd26', 'd19']	[0, 6]	[4, 10]
50	7/6	0.0625	1/12	['A#1', 'A#2', 'G3', 'C#4', 'E4', 'E5']	['P8', 'd14', 'm17', 'd19', 'd26', 'd7', 'm10', 'd12', 'A4', 'M6', 'M13', 'm3']	[0, 3, 6, 9]	[1, 4, 7, 10]
50	1.25	0.125	1/12	['G3', 'C#4', 'E4', 'E5']	['A4', 'M6', 'M13', 'm3', 'm10', 'P8']	[0, 3, 6]	[1, 4, 7]
50	4/3	0.0625	1/24	['G3', 'C#4', 'E4', 'E5']	['A4', 'M6', 'M13', 'm3', 'm10', 'P8']	[0, 3, 6]	[1, 4, 7]
50	1.375	0.0625	0.125	['G3', 'C#4', 'E4', 'G5']	['A4', 'M6', 'P15', 'm3', 'd12', 'm10']	[0, 3, 6]	[1, 4, 7]
50	1.5	0.25	1/6	['A#1', 'A#2', 'F#5']	['P8', 'm27', 'm20']	[0, 4]	[6, 10]
50	5/3	0.0625	1/12	['A#1', 'A#2', 'G3', 'C#4', 'E4', 'F#5']	['P8', 'd14', 'm17', 'd19', 'm27', 'd7', 'm10', 'd12', 'm20', 'A4', 'M6', 'M14', 'm3', 'P11', 'M9']	[0, 1, 3, 6, 9]	[10, 1, 4, 6, 7]
50	1.75	0.125	1/12	['G3', 'C#4', 'E4', 'F#5']	['A4', 'M6', 'M14', 'm3', 'P11', 'M9']	[0, 1, 3, 6]	[1, 4, 6, 7]
50	11/6	0.0625	1/24	['G3', 'C#4', 'E4', 'F#5']	['A4', 'M6', 'M14', 'm3', 'P11', 'M9']	[0, 1, 3, 6]	[1, 4, 6, 7]
50	1.875	0.0625	0.125	['G3', 'C#4', 'E4', 'E5']	['A4', 'M6', 'M13', 'm3', 'm10', 'P8']	[0, 3, 6]	[1, 4, 7]
50	2.0	0.5	1/6	['B1', 'B2', 'D5']	['P8', 'm24', 'm17']	[0, 3]	[11, 2]
50	13/6	0.0625	1/12	['B1', 'B2', 'F#3', 'C#4', 'D4', 'D5']	['P8', 'P12', 'M16', 'm17', 'm24', 'P5', 'M9', 'm10', 'm6', 'm13', 'm2', 'm9']	[0, 2, 3, 7]	[11, 1, 2, 6]
50	2.25	0.125	1/12	['F#3', 'C#4', 'D4', 'D5']	['P5', 'm6', 'm13', 'm2', 'm9', 'P8']	[0, 1, 5]	[1, 2, 6]
50	7/3	0.0625	1/6	['F#3', 'C#4', 'D4', 'D5']	['P5', 'm6', 'm13', 'm2', 'm9', 'P8']	[0, 1, 5]	[1, 2, 6]
50	2.5	0.25	1/6	['B1', 'B2', 'D5']	['P8', 'm24', 'm17']	[0, 3]	[11, 2]
50	8/3	0.0625	1/12	['B1', 'B2', 'F#3', 'B3', 'D4', 'D5']	['P8', 'P12', 'P15', 'm17', 'm24', 'P5', 'm10', 'P4', 'm6', 'm13', 'm3']	[0, 3, 7]	[11, 2, 6]
50	2.75	0.125	1/12	['F#3', 'B3', 'D4', 'D5']	['P4', 'm6', 'm13', 'm3', 'm10', 'P8']	[0, 3, 7]	[11, 2, 6]
50	17/6	0.0625	1/6	['F#3', 'B3', 'D4', 'D5']	['P4', 'm6', 'm13', 'm3', 'm10', 'P8']	[0, 3, 7]	[11, 2, 6]
51	1.0	1.0	1/6	['E2', 'C#5']	['M20']	[0, 3]	[1, 4]
51	7/6	0.0625	1/12	['E2', 'G3', 'B3', 'C#4', 'C#5']	['m10', 'P12', 'M13', 'M20', 'M3', 'A4', 'A11', 'M2', 'M9', 'P8']	[0, 2, 5, 8]	[11, 1, 4, 7]
51	1.25	0.125	1/12	['G3', 'B3', 'C#4', 'C#5']	['M3', 'A4', 'A11', 'M2', 'M9', 'P8']	[0, 2, 6]	[7, 11, 1]
51	4/3	0.0625	1/24	['G3', 'B3', 'C#4', 'C#5']	['M3', 'A4', 'A11', 'M2', 'M9', 'P8']	[0, 2, 6]	[7, 11, 1]
51	1.375	0.0625	0.125	['G3', 'B3', 'C#4', 'D5']	['M3', 'A4', 'P12', 'M2', 'm10', 'm9']	[0, 1, 3, 7]	[7, 11, 1, 2]
51	1.5	0.25	1/6	['E#2', 'C#5']	['m20']	[0, 4]	[1, 5]
51	5/3	0.0625	1/12	['E#2', 'G#3', 'B3', 'C#4', 'C#5']	['m10', 'd12', 'm13', 'm20', 'm3', 'P4', 'P11', 'M2', 'M9', 'P8']	[0, 2, 5, 8]	[5, 8, 11, 1]
51	1.75	0.125	1/12	['G#3', 'B3', 'C#4', 'C#5']	['m3', 'P4', 'P11', 'M2', 'M9', 'P8']	[0, 2, 5]	[8, 11, 1]
51	11/6	0.0625	1/24	['G#3', 'B3', 'C#4', 'C#5']	['m3', 'P4', 'P11', 'M2', 'M9', 'P8']	[0, 2, 5]	[8, 11, 1]
51	1.875	0.0625	0.125	['G#3', 'B3', 'C#4', 'B4']	['m3', 'P4', 'm10', 'M2', 'P8', 'm7']	[0, 2, 5]	[8, 11, 1]
51	2.0	0.5	1/6	['F#2', 'A#4']	['M17']	[0, 4]	[6, 10]
51	13/6	0.0625	1/12	['F#2', 'F#3', 'A#3', 'C#4', 'A#4']	['P8', 'M10', 'P12', 'M17', 'M3', 'P5', 'm3', 'M6']	[0, 3, 7]	[6, 10, 1]
51	2.25	0.125	1/12	['F#3', 'A#3', 'C#4', 'A#4']	['M3', 'P5', 'M10', 'm3', 'P8', 'M6']	[0, 3, 7]	[6, 10, 1]
51	7/3	0.0625	1/6	['F#3', 'A#3', 'C#4', 'A#4']	['M3', 'P5', 'M10', 'm3', 'P8', 'M6']	[0, 3, 7]	[6, 10, 1]
51	2.5	0.25	1/6	['F#2', 'A#4']	['M17']	[0, 4]	[6, 10]
51	8/3	0.0625	1/12	['F#2', 'E3', 'F#3', 'A#3', 'C#4', 'A#4']	['m7', 'P8', 'M10', 'P12', 'M17', 'M2', 'A4', 'M6', 'A11', 'M3', 'P5', 'm3']	[0, 2, 5, 8]	[10, 1, 4, 6]
51	2.75	0.125	1/12	['E3', 'F#3', 'A#3', 'C#4', 'F#4']	['M2', 'A4', 'M6', 'M9', 'M3', 'P5', 'P8', 'm3', 'm6', 'P4']	[0, 2, 5, 8]	[10, 1, 4, 6]
51	17/6	0.0625	1/6	['E3', 'F#3', 'A#3', 'C#4', 'F#4']	['M2', 'A4', 'M6', 'M9', 'M3', 'P5', 'P8', 'm3', 'm6', 'P4']	[0, 2, 5, 8]	[10, 1, 4, 6]
52	1.0	1.0	1/6	['B1', 'F#2', 'B2', 'D#3', 'B4']	['P5', 'P8', 'M10', 'P22', 'P4', 'M6', 'P18', 'M3', 'P15', 'm13']	[0, 3, 7]	[11, 3, 6]
52	7/6	0.0625	1/6	['B1', 'F#2', 'B2', 'F#3', 'B4']	['P5', 'P8', 'P12', 'P22', 'P4', 'P18', 'P15', 'P11']	[0, 5]	[6, 11]
52	4/3	0.0625	1/6	['B1', 'F#2', 'B2', 'B3', 'B4']	['P5', 'P8', 'P15', 'P22', 'P4', 'P11', 'P18']	[0, 5]	[6, 11]
52	1.5	0.25	1/6	['B1', 'F#2', 'B2', 'D#4', 'B4']	['P5', 'P8', 'M17', 'P22', 'P4', 'M13', 'P18', 'M10', 'P15', 'm6']	[0, 3, 7]	[11, 3, 6]
52	5/3	0.0625	1/12	['B1', 'F#2', 'B2', 'B3', 'B4']	['P5', 'P8', 'P15', 'P22', 'P4', 'P11', 'P18']	[0, 5]	[6, 11]
52	1.75	0.125	1/12	['B1', 'F#2', 'B2', 'B3', 'F#4']	['P5', 'P8', 'P15', 'P19', 'P4', 'P11', 'P12']	[0, 5]	[6, 11]
52	11/6	0.0625	1/6	['B1', 'F#2', 'B2', 'F#3', 'F#4']	['P5', 'P8', 'P12', 'P19', 'P4', 'P15']	[0, 5]	[6, 11]
52	2.0	0.5	1/6	['B1', 'F#2', 'B2', 'D#3', 'D#5']	['P5', 'P8', 'M10', 'M24', 'P4', 'M6', 'M20', 'M3', 'M17', 'P15']	[0, 3, 7]	[11, 3, 6]
52	13/6	0.0625	1/6	['B1', 'F#2', 'B2', 'F#3', 'D#5']	['P5', 'P8', 'P12', 'M24', 'P4', 'M20', 'M17', 'M13']	[0, 3, 7]	[11, 3, 6]
52	7/3	0.0625	1/6	['B1', 'F#2', 'B2', 'B3', 'D#5']	['P5', 'P8', 'P15', 'M24', 'P4', 'P11', 'M20', 'M17', 'M10']	[0, 3, 7]	[11, 3, 6]
52	2.5	0.25	1/6	['B1', 'F#2', 'B2', 'D#4', 'D#5']	['P5', 'P8', 'M17', 'M24', 'P4', 'M13', 'M20', 'M10']	[0, 3, 7]	[11, 3, 6]
52	8/3	0.0625	1/12	['B1', 'F#2', 'B2', 'B3', 'D#5']	['P5', 'P8', 'P15', 'M24', 'P4', 'P11', 'M20', 'M17', 'M10']	[0, 3, 7]	[11, 3, 6]
52	2.75	0.125	1/12	['B1', 'F#2', 'B2', 'B3', 'B4']	['P5', 'P8', 'P15', 'P22', 'P4', 'P11', 'P18']	[0, 5]	[6, 11]
52	17/6	0.0625	1/6	['B1', 'F#2', 'B2', 'F#3', 'B4']	['P5', 'P8', 'P12', 'P22', 'P4', 'P18', 'P15', 'P11']	[0, 5]	[6, 11]
53	1.0	1.0	1/6	['F#1', 'F#2', 'E3', 'F#5']	['P8', 'm14', 'P29', 'm7', 'P22', 'M16']	[0, 2]	[4, 6]
53	7/6	0.0625	1/6	['F#1', 'F#2', 'F#3', 'F#5']	['P8', 'P15', 'P29', 'P22']	[0]	[6]
53	4/3	0.0625	1/6	['F#1', 'F#2', 'A#3', 'F#5']	['P8', 'M17', 'P29', 'M10', 'P22', 'm13']	[0, 4]	[6, 10]
53	1.5	0.25	1/6	['F#1', 'F#2', 'C#4', 'F#5']	['P8', 'P19', 'P29', 'P12', 'P22', 'P11']	[0, 5]	[1, 6]
53	5/3	0.0625	1/12	['F#1', 'F#2', 'A#3', 'F#5']	['P8', 'M17', 'P29', 'M10', 'P22', 'm13']	[0, 4]	[6, 10]
53	1.75	0.125	1/12	['F#1', 'F#2', 'A#3', 'E5']	['P8', 'M17', 'm28', 'M10', 'm21', 'd12']	[0, 2, 6]	[4, 6, 10]
53	11/6	0.0625	1/6	['F#1', 'F#2', 'F#3', 'E5']	['P8', 'P15', 'm28', 'm21', 'm14']	[0, 2]	[4, 6]
53	2.0	0.5	1/6	['F#1', 'F#2', 'E3', 'C#5']	['P8', 'm14', 'P26', 'm7', 'P19', 'M13']	[0, 2, 5]	[1, 4, 6]
53	13/6	0.0625	1/6	['F#1', 'F#2', 'F#3', 'C#5']	['P8', 'P15', 'P26', 'P19', 'P12']	[0, 5]	[1, 6]
53	7/3	0.0625	1/6	['F#1', 'F#2', 'A#3', 'C#5']	['P8', 'M17', 'P26', 'M10', 'P19', 'm10']	[0, 3, 7]	[6, 10, 1]
53	2.5	0.25	1/6	['F#1', 'F#2', 'C#4', 'C#5']	['P8', 'P19', 'P26', 'P12']	[0, 5]	[1, 6]
53	8/3	0.0625	1/12	['F#1', 'F#2', 'A#3', 'C#5']	['P8', 'M17', 'P26', 'M10', 'P19', 'm10']	[0, 3, 7]	[6, 10, 1]
53	2.75	0.125	1/12	['F#1', 'F#2', 'A#3', 'F#4']	['P8', 'M17', 'P22', 'M10', 'P15', 'm6']	[0, 4]	[6, 10]
53	17/6	0.0625	1/6	['F#1', 'F#2', 'F#3', 'F#4']	['P8', 'P15', 'P22']	[0]	[6]
54	1.0	1.0	1/6	['G#1', 'G#2', 'D#3', 'B4']	['P8', 'P12', 'm24', 'P5', 'm17', 'm13']	[0, 3, 7]	[8, 11, 3]
54	7/6	0.0625	1/6	['G#1', 'G#2', 'G#3', 'B4']	['P8', 'P15', 'm24', 'm17', 'm10']	[0, 3]	[8, 11]
54	4/3	0.0625	1/6	['G#1', 'G#2', 'B3', 'B4']	['P8', 'm17', 'm24', 'm10']	[0, 3]	[8, 11]
54	1.5	0.25	1/6	['F#1', 'F#2', 'F#3', 'C#5']	['P8', 'P15', 'P26', 'P19', 'P12']	[0, 5]	[1, 6]
54	5/3	0.0625	1/6	['F#1', 'F#2', 'A#3', 'C#5']	['P8', 'M17', 'P26', 'M10', 'P19', 'm10']	[0, 3, 7]	[6, 10, 1]
54	11/6	0.0625	1/6	['F#1', 'F#2', 'C#4', 'C#5']	['P8', 'P19', 'P26', 'P12']	[0, 5]	[1, 6]
54	2.0	0.5	0.25	['B1', 'B2', 'F#3', 'B3', 'D#4', 'D#5']	['P8', 'P12', 'P15', 'M17', 'M24', 'P5', 'M10', 'P4', 'M6', 'M13', 'M3']	[0, 3, 7]	[11, 3, 6]
54	2.25	0.125	0.25	['B1', 'B2', 'F#3', 'D#4', 'F#4', 'F#5']	['P8', 'P12', 'M17', 'P19', 'P26', 'P5', 'M10', 'M6', 'P15', 'm3', 'm10']	[0, 3, 7]	[11, 3, 6]
54	2.5	0.25	0.25	['B1', 'B2', 'F#3', 'C#4', 'E4', 'E5']	['P8', 'P12', 'M16', 'P18', 'P25', 'P5', 'M9', 'P11', 'm7', 'm14', 'm3', 'm10']	[0, 2, 5, 7]	[11, 1, 4, 6]
54	2.75	0.125	0.25	['D#2', 'F#3', 'B3', 'D#4', 'D#5']	['m10', 'm13', 'P15', 'P22', 'P4', 'M6', 'M13', 'M3', 'M10', 'P8']	[0, 3, 7]	[11, 3, 6]
55	1.0	1.0	0.5	['F#2', 'F#3', 'A#3', 'C#4', 'C#5']	['P8', 'M10', 'P12', 'P19', 'M3', 'P5', 'm3', 'm10']	[0, 3, 7]	[6, 10, 1]
55	1.5	0.25	1/6	['C#2', 'G#2', 'E#3', 'C#5']	['P5', 'M10', 'P22', 'M6', 'P18', 'm13']	[0, 3, 7]	[1, 5, 8]
55	5/3	0.0625	1/6	['C#2', 'G#2', 'E#3', 'B3', 'C#5']	['P5', 'M10', 'm14', 'P22', 'M6', 'm10', 'P18', 'd5', 'm13', 'M9']	[0, 2, 5, 8]	[5, 8, 11, 1]
55	11/6	0.0625	1/6	['C#2', 'G#2', 'E#3', 'C#4', 'C#5']	['P5', 'M10', 'P15', 'P22', 'M6', 'P11', 'P18', 'm6', 'm13', 'P8']	[0, 3, 7]	[1, 5, 8]
55	2.0	0.5	1/6	['F#2', 'F#3']	['P8']	[0]	[6]
55	13/6	0.0625	1/6	['F#2', 'F#3', 'A#3']	['P8', 'M10', 'M3']	[0, 4]	[6, 10]
55	7/3	0.0625	1/6	['F#2', 'F#3', 'C#4']	['P8', 'P12', 'P5']	[0, 5]	[1, 6]
55	2.5	0.25	1/6	['A#3']	[]	[0]	[10]
55	8/3	0.0625	1/12	['F#3']	[]	[0]	[6]
55	2.75	0.125	1/12	['F#3', 'F#4']	['P8']	[0]	[6]
55	17/6	0.0625	1/6	['E3', 'F#4']	['M9']	[0, 2]	[4, 6]
56	1.0	1.0	1/6	['B1', 'F#2', 'B2', 'D#3', 'B4']	['P5', 'P8', 'M10', 'P22', 'P4', 'M6', 'P18', 'M3', 'P15', 'm13']	[0, 3, 7]	[11, 3, 6]
56	7/6	0.0625	1/6	['B1', 'F#2', 'B2', 'F#3', 'B4']	['P5', 'P8', 'P12', 'P22', 'P4', 'P18', 'P15', 'P11']	[0, 5]	[6, 11]
56	4/3	0.0625	1/6	['B1', 'F#2', 'B2', 'B3', 'B4']	['P5', 'P8', 'P15', 'P22', 'P4', 'P11', 'P18']	[0, 5]	[6, 11]
56	1.5	0.25	1/6	['B1', 'F#2', 'B2', 'D#4', 'B4']	['P5', 'P8', 'M17', 'P22', 'P4', 'M13', 'P18', 'M10', 'P15', 'm6']	[0, 3, 7]	[11, 3, 6]
56	5/3	0.0625	1/12	['B1', 'F#2', 'B2', 'B3', 'B4']	['P5', 'P8', 'P15', 'P22', 'P4', 'P11', 'P18']	[0, 5]	[6, 11]
56	1.75	0.125	1/12	['B1', 'F#2', 'B2', 'B3', 'F#4']	['P5', 'P8', 'P15', 'P19', 'P4', 'P11', 'P12']	[0, 5]	[6, 11]
56	11/6	0.0625	1/6	['B1', 'F#2', 'B2', 'F#3', 'F#4']	['P5', 'P8', 'P12', 'P19', 'P4', 'P15']	[0, 5]	[6, 11]
56	2.0	0.5	1/6	['B1', 'F#2', 'B2', 'D#3', 'D#5']	['P5', 'P8', 'M10', 'M24', 'P4', 'M6', 'M20', 'M3', 'M17', 'P15']	[0, 3, 7]	[11, 3, 6]
56	13/6	0.0625	1/6	['B1', 'F#2', 'B2', 'F#3', 'D#5']	['P5', 'P8', 'P12', 'M24', 'P4', 'M20', 'M17', 'M13']	[0, 3, 7]	[11, 3, 6]
56	7/3	0.0625	1/6	['B1', 'F#2', 'B2', 'B3', 'D#5']	['P5', 'P8', 'P15', 'M24', 'P4', 'P11', 'M20', 'M17', 'M10']	[0, 3, 7]	[11, 3, 6]
56	2.5	0.25	1/6	['B1', 'F#2', 'B2', 'D#4', 'D#5']	['P5', 'P8', 'M17', 'M24', 'P4', 'M13', 'M20', 'M10']	[0, 3, 7]	[11, 3, 6]
56	8/3	0.0625	1/12	['B1', 'F#2', 'B2', 'B3', 'D#5']	['P5', 'P8', 'P15', 'M24', 'P4', 'P11', 'M20', 'M17', 'M10']	[0, 3, 7]	[11, 3, 6]
56	2.75	0.125	1/12	['B1', 'F#2', 'B2', 'B3', 'B4']	['P5', 'P8', 'P15', 'P22', 'P4', 'P11', 'P18']	[0, 5]	[6, 11]
56	17/6	0.0625	1/6	['B1', 'F#2', 'B2', 'F#3', 'B4']	['P5', 'P8', 'P12', 'P22', 'P4', 'P18', 'P15', 'P11']	[0, 5]	[6, 11]
57	1.0	1.0	1/6	['F#1', 'F#2', 'E3', 'F#5']	['P8', 'm14', 'P29', 'm7', 'P22', 'M16']	[0, 2]	[4, 6]
57	7/6	0.0625	1/6	['F#1', 'F#2', 'F#3', 'F#5']	['P8', 'P15', 'P29', 'P22']	[0]	[6]
57	4/3	0.0625	1/6	['F#1', 'F#2', 'A#3', 'F#5']	['P8', 'M17', 'P29', 'M10', 'P22', 'm13']	[0, 4]	[6, 10]
57	1.5	0.25	1/6	['F#1', 'F#2', 'C#4', 'F#5']	['P8', 'P19', 'P29', 'P12', 'P22', 'P11']	[0, 5]	[1, 6]
57	5/3	0.0625	1/12	['F#1', 'F#2', 'A#3', 'F#5']	['P8', 'M17', 'P29', 'M10', 'P22', 'm13']	[0, 4]	[6, 10]
57	1.75	0.125	1/12	['F#1', 'F#2', 'A#3', 'E5']	['P8', 'M17', 'm28', 'M10', 'm21', 'd12']	[0, 2, 6]	[4, 6, 10]
57	11/6	0.0625	1/6	['F#1', 'F#2', 'F#3', 'E5']	['P8', 'P15', 'm28', 'm21', 'm14']	[0, 2]	[4, 6]
57	2.0	0.5	1/6	['F#1', 'F#2', 'E3', 'C#5']	['P8', 'm14', 'P26', 'm7', 'P19', 'M13']	[0, 2, 5]	[1, 4, 6]
57	13/6	0.0625	1/6	['F#1', 'F#2', 'F#3', 'C#5']	['P8', 'P15', 'P26', 'P19', 'P12']	[0, 5]	[1, 6]
57	7/3	0.0625	1/6	['F#1', 'F#2', 'A#3', 'C#5']	['P8', 'M17', 'P26', 'M10', 'P19', 'm10']	[0, 3, 7]	[6, 10, 1]
57	2.5	0.25	1/6	['F#1', 'F#2', 'C#4', 'C#5']	['P8', 'P19', 'P26', 'P12']	[0, 5]	[1, 6]
57	8/3	0.0625	1/12	['F#1', 'F#2', 'A#3', 'C#5']	['P8', 'M17', 'P26', 'M10', 'P19', 'm10']	[0, 3, 7]	[6, 10, 1]
57	2.75	0.125	1/12	['F#1', 'F#2', 'A#3', 'C#5']	['P8', 'M17', 'P26', 'M10', 'P19', 'm10']	[0, 3, 7]	[6, 10, 1]
57	17/6	0.0625	1/6	['F#1', 'F#2', 'F#3', 'C#5']	['P8', 'P15', 'P26', 'P19', 'P12']	[0, 5]	[1, 6]
58	1.0	1.0	1/6	['F#2', 'D3', 'D5']	['m6', 'm20', 'P15']	[0, 4]	[2, 6]
58	7/6	0.0625	1/6	['F#2', 'F#3', 'D5']	['P8', 'm20', 'm13']	[0, 4]	[2, 6]
58	4/3	0.0625	1/6	['F#2', 'D4', 'D5']	['m13', 'm20', 'P8']	[0, 4]	[2, 6]
58	1.5	0.25	1/6	['F#2', 'D3', 'B4']	['m6', 'P18', 'M13']	[0, 3, 7]	[11, 2, 6]
58	5/3	0.0625	1/6	['F#2', 'F#3', 'B4']	['P8', 'P18', 'P11']	[0, 5]	[6, 11]
58	11/6	0.0625	1/6	['F#2', 'B3', 'B4']	['P11', 'P18', 'P8']	[0, 5]	[6, 11]
58	2.0	0.5	1/6	['F#2', 'E3', 'C#5']	['m7', 'P19', 'M13']	[0, 2, 5]	[1, 4, 6]
58	13/6	0.0625	1/6	['F#2', 'F#3', 'C#5']	['P8', 'P19', 'P12']	[0, 5]	[1, 6]
58	7/3	0.0625	1/6	['F#2', 'C#4', 'C#5']	['P12', 'P19', 'P8']	[0, 5]	[1, 6]
58	2.5	0.25	1/6	['F#2', 'C#3', 'F#4']	['P5', 'P15', 'P11']	[0, 5]	[1, 6]
58	8/3	0.0625	1/6	['F#2', 'F#3', 'F#4']	['P8', 'P15']	[0]	[6]
58	17/6	0.0625	1/6	['F#2', 'A#3', 'F#4']	['M10', 'P15', 'm6']	[0, 4]	[6, 10]
59	1.0	1.0	0.5	['D2', 'D3', 'F#3', 'B3', 'F#5']	['P8', 'M10', 'M13', 'M24', 'M3', 'M6', 'M17', 'P4', 'P15', 'P12']	[0, 3, 7]	[11, 2, 6]
59	1.5	0.25	1.0	['E2', 'E3', 'G3', 'C4', 'G5']	['P8', 'm10', 'm13', 'm24', 'm3', 'm6', 'm17', 'P4', 'P15', 'P12']	[0, 3, 7]	[0, 4, 7]
59	2.5	0.25	0.5	['E2', 'E3', 'G3', 'C4', 'G5']	['P8', 'm10', 'm13', 'm24', 'm3', 'm6', 'm17', 'P4', 'P15', 'P12']	[0, 3, 7]	[0, 4, 7]
60	1.0	1.0	0.5	['F#1', 'F#2', 'F#5']	['P8', 'P29', 'P22']	[0]	[6]
60	1.5	0.25	0.25	['D3', 'F#3', 'B3', 'E5']	['M3', 'M6', 'M16', 'P4', 'm14', 'P11']	[0, 2, 4, 7]	[11, 2, 4, 6]
60	1.75	0.125	0.25	['D3', 'F#3', 'B3', 'D5']	['M3', 'M6', 'P15', 'P4', 'm13', 'm10']	[0, 3, 7]	[11, 2, 6]
60	2.0	0.5	0.25	['F#1', 'F#2', 'C#5']	['P8', 'P26', 'P19']	[0, 5]	[1, 6]
60	2.25	0.125	0.25	['F#1', 'F#2', 'E5']	['P8', 'm28', 'm21']	[0, 2]	[4, 6]
60	2.5	0.25	0.25	['E3', 'F#3', 'A#3', 'D5']	['M2', 'A4', 'm14', 'M3', 'm13', 'd11']	[0, 2, 4, 8]	[2, 4, 6, 10]
60	2.75	0.125	0.25	['E3', 'F#3', 'A#3', 'C#5']	['M2', 'A4', 'M13', 'M3', 'P12', 'm10']	[0, 2, 5, 8]	[10, 1, 4, 6]
61	1.0	1.0	1/6	['B1', 'F#2', 'B2', 'D#3', 'B4']	['P5', 'P8', 'M10', 'P22', 'P4', 'M6', 'P18', 'M3', 'P15', 'm13']	[0, 3, 7]	[11, 3, 6]
61	7/6	0.0625	1/6	['B1', 'F#2', 'B2', 'F#3', 'B4']	['P5', 'P8', 'P12', 'P22', 'P4', 'P18', 'P15', 'P11']	[0, 5]	[6, 11]
61	4/3	0.0625	1/6	['B1', 'F#2', 'B2', 'B3', 'B4']	['P5', 'P8', 'P15', 'P22', 'P4', 'P11', 'P18']	[0, 5]	[6, 11]
61	1.5	0.25	1/6	['B1', 'F#2', 'B2', 'D#4', 'B4']	['P5', 'P8', 'M17', 'P22', 'P4', 'M13', 'P18', 'M10', 'P15', 'm6']	[0, 3, 7]	[11, 3, 6]
61	5/3	0.0625	1/6	['B1', 'F#2', 'B2', 'B3', 'B4']	['P5', 'P8', 'P15', 'P22', 'P4', 'P11', 'P18']	[0, 5]	[6, 11]
61	11/6	0.0625	1/6	['B1', 'F#2', 'B2', 'F#3', 'B4']	['P5', 'P8', 'P12', 'P22', 'P4', 'P18', 'P15', 'P11']	[0, 5]	[6, 11]
61	2.0	0.5	1/6	['B1', 'F#2', 'C#3', 'E3']	['P5', 'M9', 'P11', 'm7', 'm3']	[0, 2, 5, 7]	[11, 1, 4, 6]
61	13/6	0.0625	1/6	['B1', 'F#2', 'C#3', 'F#3']	['P5', 'M9', 'P12', 'P8', 'P4']	[0, 2, 7]	[11, 1, 6]
61	7/3	0.0625	1/6	['B1', 'F#2', 'C#3', 'A#3']	['P5', 'M9', 'M14', 'M10', 'M6']	[0, 2, 3, 7]	[6, 10, 11, 1]
61	2.5	0.25	1/6	['B1', 'F#2', 'C#3', 'F#4']	['P5', 'M9', 'P19', 'P15', 'P11']	[0, 2, 7]	[11, 1, 6]
61	8/3	0.0625	1/6	['B1', 'F#2', 'C#3', 'A#3']	['P5', 'M9', 'M14', 'M10', 'M6']	[0, 2, 3, 7]	[6, 10, 11, 1]
61	17/6	0.0625	1/6	['B1', 'F#2', 'C#3', 'F#3']	['P5', 'M9', 'P12', 'P8', 'P4']	[0, 2, 7]	[11, 1, 6]
62	1.0	1.0	1/6	['B1', 'F#2', 'B2', 'D#3']	['P5', 'P8', 'M10', 'P4', 'M6', 'M3']	[0, 3, 7]	[11, 3, 6]
62	7/6	0.0625	1/6	['B1', 'F#2', 'B2', 'F#3']	['P5', 'P8', 'P12', 'P4']	[0, 5]	[6, 11]
62	4/3	0.0625	1/6	['B1', 'F#2', 'B2', 'B3']	['P5', 'P8', 'P15', 'P4', 'P11']	[0, 5]	[6, 11]
62	1.5	0.25	1/6	['B1', 'F#2', 'B2', 'D#4']	['P5', 'P8', 'M17', 'P4', 'M13', 'M10']	[0, 3, 7]	[11, 3, 6]
62	5/3	0.0625	1/6	['B1', 'F#2', 'B2', 'B3']	['P5', 'P8', 'P15', 'P4', 'P11']	[0, 5]	[6, 11]
62	11/6	0.0625	1/6	['B1', 'F#2', 'B2', 'F#3']	['P5', 'P8', 'P12', 'P4']	[0, 5]	[6, 11]
62	2.0	0.5	1/6	['B1', 'F#2', 'C#3', 'E3']	['P5', 'M9', 'P11', 'm7', 'm3']	[0, 2, 5, 7]	[11, 1, 4, 6]
62	13/6	0.0625	1/6	['B1', 'F#2', 'C#3', 'F#3']	['P5', 'M9', 'P12', 'P8', 'P4']	[0, 2, 7]	[11, 1, 6]
62	7/3	0.0625	1/6	['B1', 'F#2', 'C#3', 'A#3']	['P5', 'M9', 'M14', 'M10', 'M6']	[0, 2, 3, 7]	[6, 10, 11, 1]
62	2.5	0.25	1/6	['B1', 'F#2', 'C#3', 'F#4']	['P5', 'M9', 'P19', 'P15', 'P11']	[0, 2, 7]	[11, 1, 6]
62	8/3	0.0625	1/6	['B1', 'F#2', 'C#3', 'A#3']	['P5', 'M9', 'M14', 'M10', 'M6']	[0, 2, 3, 7]	[6, 10, 11, 1]
62	17/6	0.0625	1/6	['B1', 'F#2', 'C#3', 'F#3']	['P5', 'M9', 'P12', 'P8', 'P4']	[0, 2, 7]	[11, 1, 6]
63	1.0	1.0	1/6	['B1', 'D3', 'F#3', 'B3']	['m10', 'P12', 'P15', 'M3', 'M6', 'P4']	[0, 3, 7]	[11, 2, 6]
63	7/6	0.0625	1/6	['B1', 'D3', 'F#3', 'B3']	['m10', 'P12', 'P15', 'M3', 'M6', 'P4']	[0, 3, 7]	[11, 2, 6]
63	4/3	0.0625	1/6	['B1', 'D3', 'F#3', 'B3']	['m10', 'P12', 'P15', 'M3', 'M6', 'P4']	[0, 3, 7]	[11, 2, 6]
63	1.5	0.25	1/6	['D2', 'F#3', 'B3', 'F#4']	['M10', 'M13', 'M17', 'P4', 'P8', 'P5']	[0, 3, 7]	[11, 2, 6]
63	5/3	0.0625	1/6	['D2', 'F#3', 'B3', 'F#4']	['M10', 'M13', 'M17', 'P4', 'P8', 'P5']	[0, 3, 7]	[11, 2, 6]
63	11/6	0.0625	1/6	['D2', 'F#3', 'B3', 'F#4']	['M10', 'M13', 'M17', 'P4', 'P8', 'P5']	[0, 3, 7]	[11, 2, 6]
63	2.0	0.5	1/6	['F#2', 'F#3', 'B3', 'C#4']	['P8', 'P11', 'P12', 'P4', 'P5', 'M2']	[0, 2, 7]	[11, 1, 6]
63	13/6	0.0625	1/6	['F#2', 'F#3', 'B3', 'C#4']	['P8', 'P11', 'P12', 'P4', 'P5', 'M2']	[0, 2, 7]	[11, 1, 6]
63	7/3	0.0625	1/6	['F#2', 'F#3', 'B3', 'C#4']	['P8', 'P11', 'P12', 'P4', 'P5', 'M2']	[0, 2, 7]	[11, 1, 6]
63	2.5	0.25	1/6	['F#1', 'F#3', 'A#3', 'C#4', 'F#4']	['P15', 'M17', 'P19', 'P22', 'M3', 'P5', 'P8', 'm3', 'm6', 'P4']	[0, 3, 7]	[6, 10, 1]
63	8/3	0.0625	1/6	['F#1', 'F#3', 'A#3', 'C#4', 'F#4']	['P15', 'M17', 'P19', 'P22', 'M3', 'P5', 'P8', 'm3', 'm6', 'P4']	[0, 3, 7]	[6, 10, 1]
63	17/6	0.0625	1/6	['F#1', 'F#3', 'A#3', 'C#4', 'F#4']	['P15', 'M17', 'P19', 'P22', 'M3', 'P5', 'P8', 'm3', 'm6', 'P4']	[0, 3, 7]	[6, 10, 1]
64	1.0	1.0	0.5	['B1', 'B3']	['P15']	[0]	[11]
64	1.5	0.25	0.5	['B1', 'B2', 'B3', 'D4', 'F#4', 'B4']	['P8', 'P15', 'm17', 'P19', 'P22', 'm10', 'P12', 'm3', 'P5', 'M3', 'M6', 'P4']	[0, 3, 7]	[11, 2, 6]
64	2.0	0.5	0.5	['B1', 'B3']	['P15']	[0]	[11]
64	2.5	0.25	0.5				
