1	1.0	1.0	1/3	['B-2']	[]	[0]	[10]
1	4/3	0.0625	1/6	['B-2', 'D4', 'B-4']	['M10', 'P15', 'm6']	[0, 4]	[10, 2]
1	1.5	0.25	1/6	['D4', 'B-4']	['m6']	[0, 4]	[10, 2]
1	5/3	0.0625	1/3	['B-3']	[]	[0]	[10]
1	2.0	0.5	1/3	['B-2']	[]	[0]	[10]
1	7/3	0.0625	1/6	['B-2', 'D4', 'B-4']	['M10', 'P15', 'm6']	[0, 4]	[10, 2]
1	2.5	0.25	1/6	['D4', 'B-4']	['m6']	[0, 4]	[10, 2]
1	8/3	0.0625	1/3	['B-3']	[]	[0]	[10]
2	1.0	1.0	1/3	['B-2']	[]	[0]	[10]
2	4/3	0.0625	1/6	['B-2', 'D4', 'B-4']	['M10', 'P15', 'm6']	[0, 4]	[10, 2]
2	1.5	0.25	1/6	['D4', 'B-4']	['m6']	[0, 4]	[10, 2]
2	5/3	0.0625	1/3	['B-3']	[]	[0]	[10]
2	2.0	0.5	1/3	['B-2']	[]	[0]	[10]
2	7/3	0.0625	1/6	['B-2', 'D4', 'B-4']	['M10', 'P15', 'm6']	[0, 4]	[10, 2]
2	2.5	0.25	1/6	['D4', 'B-4']	['m6']	[0, 4]	[10, 2]
2	8/3	0.0625	1/3	['B-3']	[]	[0]	[10]
3	1.0	1.0	1/3	['B-2']	[]	[0]	[10]
3	4/3	0.0625	1/3	['B-2', 'D4', 'B-4']	['M10', 'P15', 'm6']	[0, 4]	[10, 2]
3	5/3	0.0625	1/3	['B-2', 'B-3']	['P8']	[0]	[10]
3	2.0	0.5	1/3	['B-2', 'C3']	['M2']	[0, 2]	[10, 0]
3	7/3	0.0625	1/3	['B-2', 'C3', 'E-4', 'B-4']	['M2', 'P11', 'P15', 'm10', 'm14', 'P5']	[0, 2, 5]	[10, 0, 3]
3	8/3	0.0625	1/3	['B-2', 'C3', 'B-3']	['M2', 'P8', 'm7']	[0, 2]	[10, 0]
4	1.0	1.0	1/3	['B-2', 'C#3']	['A2']	[0, 3]	[10, 1]
4	4/3	0.0625	1/3	['B-2', 'C#3', 'E4', 'B-4']	['A2', 'A11', 'P15', 'm10', 'd14', 'd5']	[0, 3, 6]	[10, 1, 4]
4	5/3	0.0625	1/3	['B-2', 'C#3', 'B-3']	['A2', 'P8', 'd7']	[0, 3]	[10, 1]
4	2.0	0.5	1/3	['B-2', 'D3']	['M3']	[0, 4]	[10, 2]
4	7/3	0.0625	1/3	['B-2', 'D3', 'F4', 'B-4']	['M3', 'P12', 'P15', 'm10', 'm13', 'P4']	[0, 3, 7]	[10, 2, 5]
4	8/3	0.0625	1/3	['B-2', 'D3', 'B-3']	['M3', 'P8', 'm6']	[0, 4]	[10, 2]
5	1.0	1.0	1/3	['B-2', 'D3']	['M3']	[0, 4]	[10, 2]
5	4/3	0.0625	1/3	['B-2', 'D3', 'F4', 'B-4']	['M3', 'P12', 'P15', 'm10', 'm13', 'P4']	[0, 3, 7]	[10, 2, 5]
5	5/3	0.0625	1/3	['B-2', 'D3', 'B-3']	['M3', 'P8', 'm6']	[0, 4]	[10, 2]
5	2.0	0.5	1/3	['B-2', 'E-3']	['P4']	[0, 5]	[10, 3]
5	7/3	0.0625	1/3	['B-2', 'E-3', 'F4', 'C5']	['P4', 'P12', 'M16', 'M9', 'M13', 'P5']	[0, 2, 5, 7]	[10, 0, 3, 5]
5	8/3	0.0625	1/3	['B-2', 'E-3', 'C4']	['P4', 'M9', 'M6']	[0, 2, 5]	[10, 0, 3]
6	1.0	1.0	1/3	['B-2', 'E3']	['A4']	[0, 6]	[4, 10]
6	4/3	0.0625	1/3	['B-2', 'E3', 'F4', 'C#5']	['A4', 'P12', 'A16', 'm9', 'M13', 'A5']	[0, 1, 4, 7]	[10, 1, 4, 5]
6	5/3	0.0625	1/3	['B-2', 'E3', 'C#4']	['A4', 'A9', 'M6']	[0, 3, 6]	[10, 1, 4]
6	2.0	0.5	1/3	['B-2', 'F3']	['P5']	[0, 5]	[5, 10]
6	7/3	0.0625	1/3	['B-2', 'F3', 'F4', 'D5']	['P5', 'P12', 'M17', 'P8', 'M13', 'M6']	[0, 3, 7]	[10, 2, 5]
6	8/3	0.0625	1/3	['B-2', 'F3', 'D4']	['P5', 'M10', 'M6']	[0, 3, 7]	[10, 2, 5]
7	1.0	1.0	1/3	['B-2', 'F3', 'B-3']	['P5', 'P8', 'P4']	[0, 5]	[5, 10]
7	4/3	0.0625	1/3	['B-2', 'F3', 'B-3', 'B-4', 'D5']	['P5', 'P8', 'P15', 'M17', 'P4', 'P11', 'M13', 'M10', 'M3']	[0, 3, 7]	[10, 2, 5]
7	5/3	0.0625	1/3	['B-2', 'F3', 'B-3', 'D4']	['P5', 'P8', 'M10', 'P4', 'M6', 'M3']	[0, 3, 7]	[10, 2, 5]
7	2.0	0.5	1/3	['C3', 'F3', 'C4']	['P4', 'P8', 'P5']	[0, 5]	[0, 5]
7	7/3	0.0625	1/3	['C3', 'F3', 'C4', 'B-4', 'E-5']	['P4', 'P8', 'm14', 'm17', 'P5', 'P11', 'm7', 'm10']	[0, 2, 5, 7]	[10, 0, 3, 5]
7	8/3	0.0625	1/3	['C3', 'F3', 'C4', 'E-4']	['P4', 'P8', 'm10', 'P5', 'm7', 'm3']	[0, 2, 5]	[0, 3, 5]
8	1.0	1.0	1/3	['C#3', 'F3', 'C#4']	['d4', 'P8', 'A5']	[0, 4]	[1, 5]
8	4/3	0.0625	1/3	['C#3', 'F3', 'C#4', 'B-4', 'E5']	['d4', 'P8', 'd14', 'm17', 'A5', 'P11', 'M14', 'd7', 'm10', 'A4']	[0, 1, 4, 7]	[10, 1, 4, 5]
8	5/3	0.0625	1/3	['C#3', 'F3', 'C#4', 'E4']	['d4', 'P8', 'm10', 'A5', 'M7', 'm3']	[0, 1, 4]	[1, 4, 5]
8	2.0	0.5	1/3	['D3', 'F3', 'D4']	['m3', 'P8', 'M6']	[0, 3]	[2, 5]
8	7/3	0.0625	1/3	['D3', 'F3', 'D4', 'B-4', 'F5']	['m3', 'P8', 'm13', 'm17', 'M6', 'P11', 'P15', 'm6', 'm10', 'P5']	[0, 3, 7]	[10, 2, 5]
8	8/3	0.0625	1/3	['D3', 'F3', 'D4', 'F4']	['m3', 'P8', 'm10', 'M6']	[0, 3]	[2, 5]
9	1.0	1.0	1/3	['F3', 'C4', 'E-4']	['P5', 'm7', 'm3']	[0, 2, 5]	[0, 3, 5]
9	4/3	0.0625	1/3	['F3', 'C4', 'E-4', 'B-4', 'F5']	['P5', 'm7', 'P11', 'P15', 'm3', 'M9']	[0, 2, 5, 7]	[10, 0, 3, 5]
9	5/3	0.0625	1/3	['F3', 'C4', 'E-4', 'F4']	['P5', 'm7', 'P8', 'm3', 'P4', 'M2']	[0, 2, 5]	[0, 3, 5]
9	2.0	0.5	1/3	['F3', 'C4', 'E-4']	['P5', 'm7', 'm3']	[0, 2, 5]	[0, 3, 5]
9	7/3	0.0625	1/3	['F3', 'C4', 'E-4', 'A4', 'F5']	['P5', 'm7', 'M10', 'P15', 'm3', 'M6', 'P11', 'A4', 'M9', 'm6']	[0, 2, 5, 8]	[9, 0, 3, 5]
9	8/3	0.0625	1/3	['F3', 'C4', 'E-4', 'F4']	['P5', 'm7', 'P8', 'm3', 'P4', 'M2']	[0, 2, 5]	[0, 3, 5]
10	1.0	1.0	1/3	['F3', 'D4']	['M6']	[0, 3]	[2, 5]
10	4/3	0.0625	1/3	['F3', 'D4', 'C5', 'F5']	['M6', 'P12', 'P15', 'm7', 'm10', 'P4']	[0, 2, 5]	[0, 2, 5]
10	5/3	0.0625	1/3	['F3', 'D4', 'F4']	['M6', 'P8', 'm3']	[0, 3]	[2, 5]
10	2.0	0.5	1/3	['F3', 'D4']	['M6']	[0, 3]	[2, 5]
10	7/3	0.0625	1/3	['F3', 'D4', 'B-4', 'F5']	['M6', 'P11', 'P15', 'm6', 'm10', 'P5']	[0, 3, 7]	[10, 2, 5]
10	8/3	0.0625	1/3	['F3', 'D4', 'F4']	['M6', 'P8', 'm3']	[0, 3]	[2, 5]
11	1.0	1.0	1/3	['F3', 'C4', 'E-4']	['P5', 'm7', 'm3']	[0, 2, 5]	[0, 3, 5]
11	4/3	0.0625	1/3	['F3', 'C4', 'E-4', 'B-4', 'F5']	['P5', 'm7', 'P11', 'P15', 'm3', 'M9']	[0, 2, 5, 7]	[10, 0, 3, 5]
11	5/3	0.0625	1/3	['F3', 'C4', 'E-4', 'F4']	['P5', 'm7', 'P8', 'm3', 'P4', 'M2']	[0, 2, 5]	[0, 3, 5]
11	2.0	0.5	1/3	['F3', 'C4', 'E-4']	['P5', 'm7', 'm3']	[0, 2, 5]	[0, 3, 5]
11	7/3	0.0625	1/3	['F3', 'C4', 'E-4', 'A4', 'F5']	['P5', 'm7', 'M10', 'P15', 'm3', 'M6', 'P11', 'A4', 'M9', 'm6']	[0, 2, 5, 8]	[9, 0, 3, 5]
11	8/3	0.0625	1/3	['F3', 'C4', 'E-4', 'F4']	['P5', 'm7', 'P8', 'm3', 'P4', 'M2']	[0, 2, 5]	[0, 3, 5]
12	1.0	1.0	1/3	['B-3', 'D4']	['M3']	[0, 4]	[10, 2]
12	4/3	0.0625	1/3	['B-3', 'D4', 'C5', 'F5']	['M3', 'M9', 'P12', 'm7', 'm10', 'P4']	[0, 2, 4, 7]	[10, 0, 2, 5]
12	5/3	0.0625	1/3	['B-3', 'D4', 'F4']	['M3', 'P5', 'm3']	[0, 3, 7]	[10, 2, 5]
12	2.0	0.5	1/3	['B-3', 'D4']	['M3']	[0, 4]	[10, 2]
12	7/3	0.0625	1/3	['B-3', 'D4', 'B-4', 'F5']	['M3', 'P8', 'P12', 'm6', 'm10', 'P5']	[0, 3, 7]	[10, 2, 5]
12	8/3	0.0625	1/3	['B-3', 'D4', 'F4']	['M3', 'P5', 'm3']	[0, 3, 7]	[10, 2, 5]
13	1.0	1.0	1/3	['B-3', 'D4', 'D5']	['M3', 'M10', 'P8']	[0, 4]	[10, 2]
13	4/3	0.0625	1/3	['B-3', 'D4', 'B-4', 'D5']	['M3', 'P8', 'M10', 'm6']	[0, 4]	[10, 2]
13	5/3	0.0625	1/3	['B-3', 'D4', 'F4', 'D5']	['M3', 'P5', 'M10', 'm3', 'P8', 'M6']	[0, 3, 7]	[10, 2, 5]
13	2.0	0.5	1/3	['F3', 'C4', 'C5']	['P5', 'P12', 'P8']	[0, 5]	[0, 5]
13	7/3	0.0625	1/6	['F3', 'C4', 'A4', 'C5']	['P5', 'M10', 'P12', 'M6', 'P8', 'm3']	[0, 3, 7]	[5, 9, 0]
13	2.5	0.25	1/6	['F3', 'C4', 'A4', 'C5']	['P5', 'M10', 'P12', 'M6', 'P8', 'm3']	[0, 3, 7]	[5, 9, 0]
13	8/3	0.0625	1/3	['F3', 'C4', 'F4', 'C5']	['P5', 'P8', 'P12', 'P4']	[0, 5]	[0, 5]
14	1.0	1.0	1/3	['D3', 'B-3', 'B-4']	['m6', 'm13', 'P8']	[0, 4]	[10, 2]
14	4/3	0.0625	1/3	['D3', 'B-3', 'B-4']	['m6', 'm13', 'P8']	[0, 4]	[10, 2]
14	5/3	0.0625	1/3	['D3', 'B-3', 'F4', 'B-4']	['m6', 'm10', 'm13', 'P5', 'P8', 'P4']	[0, 3, 7]	[10, 2, 5]
14	2.0	0.5	1/3	['C3', 'A3', 'A4']	['M6', 'M13', 'P8']	[0, 3]	[9, 0]
14	7/3	0.0625	1/3	['C3', 'A3', 'A4']	['M6', 'M13', 'P8']	[0, 3]	[9, 0]
14	8/3	0.0625	1/3	['C3', 'A3', 'F4', 'A4']	['M6', 'P11', 'M13', 'm6', 'P8', 'M3']	[0, 3, 7]	[5, 9, 0]
15	1.0	1.0	1/3	['D3', 'B-3', 'B-4']	['m6', 'm13', 'P8']	[0, 4]	[10, 2]
15	4/3	0.0625	1/3	['D3', 'B-3', 'B-4']	['m6', 'm13', 'P8']	[0, 4]	[10, 2]
15	5/3	0.0625	1/3	['D3', 'B-3', 'F4', 'B-4']	['m6', 'm10', 'm13', 'P5', 'P8', 'P4']	[0, 3, 7]	[10, 2, 5]
15	2.0	0.5	1/3	['E-3', 'G3', 'C5']	['M3', 'M13', 'P11']	[0, 3, 7]	[0, 3, 7]
15	7/3	0.0625	1/6	['E-3', 'G3', 'G4', 'C5']	['M3', 'M10', 'M13', 'P8', 'P11', 'P4']	[0, 3, 7]	[0, 3, 7]
15	2.5	0.25	1/6	['E-3', 'G3', 'G4', 'C5']	['M3', 'M10', 'M13', 'P8', 'P11', 'P4']	[0, 3, 7]	[0, 3, 7]
15	8/3	0.0625	1/3	['E-3', 'G3', 'C4', 'C5']	['M3', 'M6', 'M13', 'P4', 'P11', 'P8']	[0, 3, 7]	[0, 3, 7]
16	1.0	1.0	1/3	['F3', 'A3', 'A4']	['M3', 'M10', 'P8']	[0, 4]	[5, 9]
16	4/3	0.0625	1/3	['F3', 'A3', 'F4', 'A4']	['M3', 'P8', 'M10', 'm6']	[0, 4]	[5, 9]
16	5/3	0.0625	1/3	['F3', 'A3', 'C4', 'A4']	['M3', 'P5', 'M10', 'm3', 'P8', 'M6']	[0, 3, 7]	[5, 9, 0]
16	2.0	0.5	1/3	['F3', 'A3']	['M3']	[0, 4]	[5, 9]
16	7/3	0.0625	1/3	['F3', 'A3', 'F4', 'A4']	['M3', 'P8', 'M10', 'm6']	[0, 4]	[5, 9]
16	8/3	0.0625	1/3	['F3', 'A3', 'C4']	['M3', 'P5', 'm3']	[0, 3, 7]	[5, 9, 0]
17	1.0	1.0	1/3	['C4', 'E-4', 'E-5']	['m3', 'm10', 'P8']	[0, 3]	[0, 3]
17	4/3	0.0625	1/3	['C4', 'E-4', 'C5', 'E-5']	['m3', 'P8', 'm10', 'M6']	[0, 3]	[0, 3]
17	5/3	0.0625	1/3	['C4', 'E-4', 'G4', 'E-5']	['m3', 'P5', 'm10', 'M3', 'P8', 'm6']	[0, 3, 7]	[0, 3, 7]
17	2.0	0.5	1/3	['G3', 'D4', 'D5']	['P5', 'P12', 'P8']	[0, 5]	[2, 7]
17	7/3	0.0625	1/6	['G3', 'D4', 'B4', 'D5']	['P5', 'M10', 'P12', 'M6', 'P8', 'm3']	[0, 3, 7]	[7, 11, 2]
17	2.5	0.25	1/6	['G3', 'D4', 'B4', 'D5']	['P5', 'M10', 'P12', 'M6', 'P8', 'm3']	[0, 3, 7]	[7, 11, 2]
17	8/3	0.0625	1/3	['G3', 'D4', 'G4', 'D5']	['P5', 'P8', 'P12', 'P4']	[0, 5]	[2, 7]
18	1.0	1.0	1/3	['E-3', 'C4', 'C5']	['M6', 'M13', 'P8']	[0, 3]	[0, 3]
18	4/3	0.0625	1/3	['E-3', 'C4', 'C5']	['M6', 'M13', 'P8']	[0, 3]	[0, 3]
18	5/3	0.0625	1/3	['E-3', 'C4', 'G4', 'C5']	['M6', 'M10', 'M13', 'P5', 'P8', 'P4']	[0, 3, 7]	[0, 3, 7]
18	2.0	0.5	1/3	['E3', 'G3', 'G4']	['m3', 'm10', 'P8']	[0, 3]	[4, 7]
18	7/3	0.0625	1/3	['E3', 'G3', 'G4']	['m3', 'm10', 'P8']	[0, 3]	[4, 7]
18	8/3	0.0625	1/3	['E3', 'G3', 'C4', 'G4']	['m3', 'm6', 'm10', 'P4', 'P8', 'P5']	[0, 3, 7]	[0, 4, 7]
19	1.0	1.0	1/3	['F3', 'B-4']	['P11']	[0, 5]	[5, 10]
19	4/3	0.0625	1/3	['F3', 'D4', 'B-4']	['M6', 'P11', 'm6']	[0, 3, 7]	[10, 2, 5]
19	5/3	0.0625	1/3	['F3', 'F4', 'B-4']	['P8', 'P11', 'P4']	[0, 5]	[5, 10]
19	2.0	0.5	1/3	['F3', 'C4', 'C5']	['P5', 'P12', 'P8']	[0, 5]	[0, 5]
19	7/3	0.0625	1/6	['F3', 'C4', 'A4', 'C5']	['P5', 'M10', 'P12', 'M6', 'P8', 'm3']	[0, 3, 7]	[5, 9, 0]
19	2.5	0.25	1/6	['F3', 'C4', 'A4', 'C5']	['P5', 'M10', 'P12', 'M6', 'P8', 'm3']	[0, 3, 7]	[5, 9, 0]
19	8/3	0.0625	1/3	['F3', 'C4', 'F4', 'C5']	['P5', 'P8', 'P12', 'P4']	[0, 5]	[0, 5]
20	1.0	1.0	1/3	['B-3', 'D4', 'D5']	['M3', 'M10', 'P8']	[0, 4]	[10, 2]
20	4/3	0.0625	1/3	['B-3', 'D4', 'B-4', 'D5']	['M3', 'P8', 'M10', 'm6']	[0, 4]	[10, 2]
20	5/3	0.0625	1/3	['B-3', 'D4', 'F4', 'D5']	['M3', 'P5', 'M10', 'm3', 'P8', 'M6']	[0, 3, 7]	[10, 2, 5]
20	2.0	0.5	1/3	['G3', 'B-3']	['m3']	[0, 3]	[7, 10]
20	7/3	0.0625	1/3	['G3', 'B-3', 'B-4']	['m3', 'm10', 'P8']	[0, 3]	[7, 10]
20	8/3	0.0625	1/3	['G3', 'B-3', 'E4']	['m3', 'M6', 'A4']	[0, 3, 6]	[4, 7, 10]
21	1.0	1.0	1/3	['D3', 'B-3']	['m6']	[0, 4]	[10, 2]
21	4/3	0.0625	1/3	['D3', 'B-3', 'B-4']	['m6', 'm13', 'P8']	[0, 4]	[10, 2]
21	5/3	0.0625	1/3	['D3', 'B-3', 'F4']	['m6', 'm10', 'P5']	[0, 3, 7]	[10, 2, 5]
21	2.0	0.5	1/3	['F3', 'C4']	['P5']	[0, 5]	[0, 5]
21	7/3	0.0625	1/3	['F3', 'C4', 'A4', 'C5']	['P5', 'M10', 'P12', 'M6', 'P8', 'm3']	[0, 3, 7]	[5, 9, 0]
21	8/3	0.0625	1/3	['F3', 'C4', 'F4']	['P5', 'P8', 'P4']	[0, 5]	[0, 5]
22	1.0	1.0	1/3	['B-3', 'D4']	['M3']	[0, 4]	[10, 2]
22	4/3	0.0625	1/3	['B-3', 'D4', 'B-4', 'D5']	['M3', 'P8', 'M10', 'm6']	[0, 4]	[10, 2]
22	5/3	0.0625	1/3	['B-3', 'D4', 'F4']	['M3', 'P5', 'm3']	[0, 3, 7]	[10, 2, 5]
22	2.0	0.5	1/3	['B-3', 'D4']	['M3']	[0, 4]	[10, 2]
22	7/3	0.0625	1/3	['B-3', 'D4', 'B-4', 'D5']	['M3', 'P8', 'M10', 'm6']	[0, 4]	[10, 2]
22	8/3	0.0625	1/3	['B-3', 'D4', 'F4']	['M3', 'P5', 'm3']	[0, 3, 7]	[10, 2, 5]
23	1.0	1.0	1/3	['F2', 'F3', 'G3', 'C5']	['P8', 'M9', 'P19', 'M2', 'P12', 'P11']	[0, 2, 7]	[5, 7, 0]
23	4/3	0.0625	1/3	['F2', 'F3', 'G3', 'F4', 'C5']	['P8', 'M9', 'P15', 'P19', 'M2', 'P12', 'm7', 'P11', 'P5']	[0, 2, 7]	[5, 7, 0]
23	5/3	0.0625	1/3	['F2', 'F3', 'G3', 'C4', 'C5']	['P8', 'M9', 'P12', 'P19', 'M2', 'P5', 'P4', 'P11']	[0, 2, 7]	[5, 7, 0]
23	2.0	0.5	1/3	['F2', 'D3', 'F3', 'B-4']	['M6', 'P8', 'P18', 'm3', 'm13', 'P11']	[0, 3, 7]	[10, 2, 5]
23	7/3	0.0625	1/6	['F2', 'D3', 'F3', 'F4', 'B-4']	['M6', 'P8', 'P15', 'P18', 'm3', 'm10', 'm13', 'P11', 'P4']	[0, 3, 7]	[10, 2, 5]
23	2.5	0.25	1/6	['F2', 'D3', 'F3', 'F4', 'B-4']	['M6', 'P8', 'P15', 'P18', 'm3', 'm10', 'm13', 'P11', 'P4']	[0, 3, 7]	[10, 2, 5]
23	8/3	0.0625	1/3	['F2', 'D3', 'F3', 'B-3', 'B-4']	['M6', 'P8', 'P11', 'P18', 'm3', 'm6', 'm13', 'P4']	[0, 3, 7]	[10, 2, 5]
24	1.0	1.0	1/3	['F2', 'C3', 'F3', 'F4']	['P5', 'P8', 'P15', 'P4', 'P11']	[0, 5]	[0, 5]
24	4/3	0.0625	1/3	['F2', 'C3', 'F3', 'F4', 'A4']	['P5', 'P8', 'P15', 'M17', 'P4', 'P11', 'M13', 'M10', 'M3']	[0, 3, 7]	[5, 9, 0]
24	5/3	0.0625	1/3	['F2', 'C3', 'F3', 'A3', 'F4']	['P5', 'P8', 'M10', 'P15', 'P4', 'M6', 'P11', 'M3', 'm6']	[0, 3, 7]	[5, 9, 0]
24	2.0	0.5	1/3	['F2', 'D3', 'F3', 'B-4']	['M6', 'P8', 'P18', 'm3', 'm13', 'P11']	[0, 3, 7]	[10, 2, 5]
24	7/3	0.0625	1/3	['F2', 'D3', 'F3', 'F4', 'B-4']	['M6', 'P8', 'P15', 'P18', 'm3', 'm10', 'm13', 'P11', 'P4']	[0, 3, 7]	[10, 2, 5]
24	8/3	0.0625	1/3	['F2', 'D3', 'F3', 'B-3', 'B-4']	['M6', 'P8', 'P11', 'P18', 'm3', 'm6', 'm13', 'P4']	[0, 3, 7]	[10, 2, 5]
25	1.0	1.0	1/3	['F2', 'C3', 'G3', 'E-5']	['P5', 'M9', 'm21', 'm17', 'm13']	[0, 2, 4, 7]	[0, 3, 5, 7]
25	4/3	0.0625	1/3	['F2', 'C3', 'G3', 'G4', 'E-5']	['P5', 'M9', 'M16', 'm21', 'P12', 'm17', 'P8', 'm13', 'm6']	[0, 2, 4, 7]	[0, 3, 5, 7]
25	5/3	0.0625	1/3	['F2', 'C3', 'G3', 'E-4', 'E-5']	['P5', 'M9', 'm14', 'm21', 'm10', 'm17', 'm6', 'm13', 'P8']	[0, 2, 4, 7]	[0, 3, 5, 7]
25	2.0	0.5	1/3	['F2', 'F3', 'E-5']	['P8', 'm21', 'm14']	[0, 2]	[3, 5]
25	7/3	0.0625	1/6	['F2', 'F3', 'A4', 'E-5']	['P8', 'M17', 'm21', 'M10', 'm14', 'd5']	[0, 2, 6]	[3, 5, 9]
25	2.5	0.25	1/6	['F2', 'F3', 'A4', 'E-5']	['P8', 'M17', 'm21', 'M10', 'm14', 'd5']	[0, 2, 6]	[3, 5, 9]
25	8/3	0.0625	1/3	['F2', 'F3', 'E-4', 'E-5']	['P8', 'm14', 'm21', 'm7']	[0, 2]	[3, 5]
26	1.0	1.0	1/3	['F2', 'B-2', 'F3', 'E-5']	['P4', 'P8', 'm21', 'P5', 'P18', 'm14']	[0, 2, 7]	[3, 5, 10]
26	4/3	0.0625	1/3	['F2', 'B-2', 'F3', 'B-4', 'E-5']	['P4', 'P8', 'P18', 'm21', 'P5', 'P15', 'P11', 'm14']	[0, 2, 7]	[3, 5, 10]
26	5/3	0.0625	1/3	['F2', 'B-2', 'F3', 'E-4', 'E-5']	['P4', 'P8', 'm14', 'm21', 'P5', 'P11', 'P18', 'm7']	[0, 2, 7]	[3, 5, 10]
26	2.0	0.5	1/3	['F2', 'F3', 'D5']	['P8', 'M20', 'M13']	[0, 3]	[2, 5]
26	7/3	0.0625	1/6	['F2', 'F3', 'B-4', 'D5']	['P8', 'P18', 'M20', 'P11', 'M13', 'M3']	[0, 3, 7]	[10, 2, 5]
26	2.5	0.25	1/6	['F2', 'F3', 'B-4', 'D5']	['P8', 'P18', 'M20', 'P11', 'M13', 'M3']	[0, 3, 7]	[10, 2, 5]
26	8/3	0.0625	1/3	['F2', 'F3', 'D4']	['P8', 'M13', 'M6']	[0, 3]	[2, 5]
27	1.0	1.0	1/3	['F2', 'F3', 'G3', 'C5']	['P8', 'M9', 'P19', 'M2', 'P12', 'P11']	[0, 2, 7]	[5, 7, 0]
27	4/3	0.0625	1/3	['F2', 'F3', 'G3', 'F4', 'C5']	['P8', 'M9', 'P15', 'P19', 'M2', 'P12', 'm7', 'P11', 'P5']	[0, 2, 7]	[5, 7, 0]
27	5/3	0.0625	1/3	['F2', 'F3', 'G3', 'C4', 'C5']	['P8', 'M9', 'P12', 'P19', 'M2', 'P5', 'P4', 'P11']	[0, 2, 7]	[5, 7, 0]
27	2.0	0.5	1/3	['F2', 'D3', 'F3', 'B-4']	['M6', 'P8', 'P18', 'm3', 'm13', 'P11']	[0, 3, 7]	[10, 2, 5]
27	7/3	0.0625	1/6	['F2', 'D3', 'F3', 'F4', 'B-4']	['M6', 'P8', 'P15', 'P18', 'm3', 'm10', 'm13', 'P11', 'P4']	[0, 3, 7]	[10, 2, 5]
27	2.5	0.25	1/6	['F2', 'D3', 'F3', 'F4', 'B-4']	['M6', 'P8', 'P15', 'P18', 'm3', 'm10', 'm13', 'P11', 'P4']	[0, 3, 7]	[10, 2, 5]
27	8/3	0.0625	1/3	['F2', 'D3', 'F3', 'B-3', 'B-4']	['M6', 'P8', 'P11', 'P18', 'm3', 'm6', 'm13', 'P4']	[0, 3, 7]	[10, 2, 5]
28	1.0	1.0	1/3	['F2', 'C3', 'F3', 'F4']	['P5', 'P8', 'P15', 'P4', 'P11']	[0, 5]	[0, 5]
28	4/3	0.0625	1/3	['F2', 'C3', 'F3', 'F4', 'A4']	['P5', 'P8', 'P15', 'M17', 'P4', 'P11', 'M13', 'M10', 'M3']	[0, 3, 7]	[5, 9, 0]
28	5/3	0.0625	1/3	['F2', 'C3', 'F3', 'A3', 'F4']	['P5', 'P8', 'M10', 'P15', 'P4', 'M6', 'P11', 'M3', 'm6']	[0, 3, 7]	[5, 9, 0]
28	2.0	0.5	1/3	['F2', 'D3', 'F3', 'B-4']	['M6', 'P8', 'P18', 'm3', 'm13', 'P11']	[0, 3, 7]	[10, 2, 5]
28	7/3	0.0625	1/3	['F2', 'D3', 'F3', 'F4', 'B-4']	['M6', 'P8', 'P15', 'P18', 'm3', 'm10', 'm13', 'P11', 'P4']	[0, 3, 7]	[10, 2, 5]
28	8/3	0.0625	1/3	['F2', 'D3', 'F3', 'B-3', 'B-4']	['M6', 'P8', 'P11', 'P18', 'm3', 'm6', 'm13', 'P4']	[0, 3, 7]	[10, 2, 5]
29	1.0	1.0	1/3	['F2', 'C3', 'G3', 'E-5']	['P5', 'M9', 'm21', 'm17', 'm13']	[0, 2, 4, 7]	[0, 3, 5, 7]
29	4/3	0.0625	1/3	['F2', 'C3', 'G3', 'B-4', 'E-5']	['P5', 'M9', 'P18', 'm21', 'm14', 'm17', 'm10', 'm13', 'P4']	[0, 2, 4, 7, 9]	[3, 5, 7, 10, 0]
29	5/3	0.0625	1/3	['F2', 'C3', 'G3', 'E-4', 'E-5']	['P5', 'M9', 'm14', 'm21', 'm10', 'm17', 'm6', 'm13', 'P8']	[0, 2, 4, 7]	[0, 3, 5, 7]
29	2.0	0.5	1/3	['F2', 'F3', 'E-5']	['P8', 'm21', 'm14']	[0, 2]	[3, 5]
29	7/3	0.0625	1/6	['F2', 'F3', 'A4', 'E-5']	['P8', 'M17', 'm21', 'M10', 'm14', 'd5']	[0, 2, 6]	[3, 5, 9]
29	2.5	0.25	1/6	['F2', 'F3', 'A4', 'E-5']	['P8', 'M17', 'm21', 'M10', 'm14', 'd5']	[0, 2, 6]	[3, 5, 9]
29	8/3	0.0625	1/3	['F2', 'F3', 'E-4', 'E-5']	['P8', 'm14', 'm21', 'm7']	[0, 2]	[3, 5]
30	1.0	1.0	1/3	['B-2', 'F3', 'E-5']	['P5', 'P18', 'm14']	[0, 2, 7]	[3, 5, 10]
30	4/3	0.0625	1/3	['B-2', 'F3', 'B-4', 'E-5']	['P5', 'P15', 'P18', 'P11', 'm14', 'P4']	[0, 2, 7]	[3, 5, 10]
30	5/3	0.0625	1/3	['B-2', 'F3', 'E-4', 'E-5']	['P5', 'P11', 'P18', 'm7', 'm14', 'P8']	[0, 2, 7]	[3, 5, 10]
30	2.0	0.5	1/3	['F3', 'D5']	['M13']	[0, 3]	[2, 5]
30	7/3	0.0625	1/6	['F3', 'B-4', 'D5']	['P11', 'M13', 'M3']	[0, 3, 7]	[10, 2, 5]
30	2.5	0.25	1/6	['F3', 'B-4', 'D5']	['P11', 'M13', 'M3']	[0, 3, 7]	[10, 2, 5]
30	8/3	0.0625	1/3	['F3', 'D4']	['M6']	[0, 3]	[2, 5]
31	1.0	1.0	1/3	['C3', 'A3']	['M6']	[0, 3]	[9, 0]
31	4/3	0.0625	1/3	['C3', 'A3', 'A4']	['M6', 'M13', 'P8']	[0, 3]	[9, 0]
31	5/3	0.0625	1/3	['C3', 'A3', 'F4']	['M6', 'P11', 'm6']	[0, 3, 7]	[5, 9, 0]
31	2.0	0.5	1/3	['D3', 'B-3']	['m6']	[0, 4]	[10, 2]
31	7/3	0.0625	1/3	['D3', 'B-3', 'B-4']	['m6', 'm13', 'P8']	[0, 4]	[10, 2]
31	8/3	0.0625	1/3	['D3', 'B-3', 'F4']	['m6', 'm10', 'P5']	[0, 3, 7]	[10, 2, 5]
32	1.0	1.0	1/3	['F3', 'C4']	['P5']	[0, 5]	[0, 5]
32	4/3	0.0625	1/3	['F3', 'C4', 'A4', 'C5']	['P5', 'M10', 'P12', 'M6', 'P8', 'm3']	[0, 3, 7]	[5, 9, 0]
32	5/3	0.0625	1/3	['F3', 'C4', 'E-4']	['P5', 'm7', 'm3']	[0, 2, 5]	[0, 3, 5]
32	2.0	0.5	1/3	['B-3', 'D4']	['M3']	[0, 4]	[10, 2]
32	7/3	0.0625	1/6	['B-3', 'D4', 'B-4', 'D5']	['M3', 'P8', 'M10', 'm6']	[0, 4]	[10, 2]
32	2.5	0.25	1/6	['B-3', 'D4', 'B-4', 'D5']	['M3', 'P8', 'M10', 'm6']	[0, 4]	[10, 2]
32	8/3	0.0625	1/3	['B-3', 'D4', 'F4', 'D5']	['M3', 'P5', 'M10', 'm3', 'P8', 'M6']	[0, 3, 7]	[10, 2, 5]
33	1.0	1.0	1/3	['D4', 'F4', 'F5']	['m3', 'm10', 'P8']	[0, 3]	[2, 5]
33	4/3	0.0625	1/3	['D4', 'F4', 'D5', 'F5']	['m3', 'P8', 'm10', 'M6']	[0, 3]	[2, 5]
33	5/3	0.0625	1/3	['D4', 'E-4', 'F4', 'F5']	['m2', 'm3', 'm10', 'M2', 'M9', 'P8']	[0, 1, 3]	[2, 3, 5]
33	2.0	0.5	1/3	['F3', 'E-4', 'C5']	['m7', 'P12', 'M6']	[0, 2, 5]	[0, 3, 5]
33	7/3	0.0625	1/6	['F3', 'E-4', 'A4', 'C5']	['m7', 'M10', 'P12', 'A4', 'M6', 'm3']	[0, 2, 5, 8]	[9, 0, 3, 5]
33	2.5	0.25	1/6	['F3', 'E-4', 'A4', 'C5']	['m7', 'M10', 'P12', 'A4', 'M6', 'm3']	[0, 2, 5, 8]	[9, 0, 3, 5]
33	8/3	0.0625	1/3	['F3', 'E-4', 'F4', 'C5']	['m7', 'P8', 'P12', 'M2', 'M6', 'P5']	[0, 2, 5]	[0, 3, 5]
34	1.0	1.0	1/3	['B-3', 'D4', 'D5']	['M3', 'M10', 'P8']	[0, 4]	[10, 2]
34	4/3	0.0625	1/3	['B-3', 'D4', 'B-4', 'D5']	['M3', 'P8', 'M10', 'm6']	[0, 4]	[10, 2]
34	5/3	0.0625	1/3	['B-3', 'D4', 'E-4', 'D5']	['M3', 'P4', 'M10', 'm2', 'P8', 'M7']	[0, 1, 5]	[10, 2, 3]
34	2.0	0.5	1/3	['D3', 'B-3', 'B-4']	['m6', 'm13', 'P8']	[0, 4]	[10, 2]
34	7/3	0.0625	1/6	['D3', 'B-3', 'B-4']	['m6', 'm13', 'P8']	[0, 4]	[10, 2]
34	2.5	0.25	1/6	['D3', 'B-3', 'B-4']	['m6', 'm13', 'P8']	[0, 4]	[10, 2]
34	8/3	0.0625	1/3	['D3', 'B-3', 'F4', 'B-4']	['m6', 'm10', 'm13', 'P5', 'P8', 'P4']	[0, 3, 7]	[10, 2, 5]
35	1.0	1.0	1/3	['D4', 'F4', 'F5']	['m3', 'm10', 'P8']	[0, 3]	[2, 5]
35	4/3	0.0625	1/3	['D4', 'F4', 'D5', 'F5']	['m3', 'P8', 'm10', 'M6']	[0, 3]	[2, 5]
35	5/3	0.0625	1/3	['D4', 'E-4', 'F4', 'F5']	['m2', 'm3', 'm10', 'M2', 'M9', 'P8']	[0, 1, 3]	[2, 3, 5]
35	2.0	0.5	1/3	['F3', 'C4', 'C5', 'F5']	['P5', 'P12', 'P15', 'P8', 'P11', 'P4']	[0, 5]	[0, 5]
35	7/3	0.0625	1/6	['F3', 'C4', 'A4', 'C5', 'F5']	['P5', 'M10', 'P12', 'P15', 'M6', 'P8', 'P11', 'm3', 'm6', 'P4']	[0, 3, 7]	[5, 9, 0]
35	2.5	0.25	1/6	['F3', 'C4', 'A4', 'C5']	['P5', 'M10', 'P12', 'M6', 'P8', 'm3']	[0, 3, 7]	[5, 9, 0]
35	8/3	0.0625	1/3	['F3', 'C4', 'F4', 'C5']	['P5', 'P8', 'P12', 'P4']	[0, 5]	[0, 5]
36	1.0	1.0	1/3	['B-3', 'D4', 'D5']	['M3', 'M10', 'P8']	[0, 4]	[10, 2]
36	4/3	0.0625	1/3	['B-3', 'D4', 'B-4', 'D5']	['M3', 'P8', 'M10', 'm6']	[0, 4]	[10, 2]
36	5/3	0.0625	1/3	['B-3', 'D4', 'E-4', 'D5']	['M3', 'P4', 'M10', 'm2', 'P8', 'M7']	[0, 1, 5]	[10, 2, 3]
36	2.0	0.5	1/3	['D3', 'B-3']	['m6']	[0, 4]	[10, 2]
36	7/3	0.0625	1/6	['D3', 'B-3', 'B-4']	['m6', 'm13', 'P8']	[0, 4]	[10, 2]
36	2.5	0.25	1/6	['D3', 'B-3', 'B-4', 'D5']	['m6', 'm13', 'P15', 'P8', 'M10', 'M3']	[0, 4]	[10, 2]
36	8/3	0.0625	1/3	['D3', 'B-3', 'F4', 'D5']	['m6', 'm10', 'P15', 'P5', 'M10', 'M6']	[0, 3, 7]	[10, 2, 5]
37	1.0	1.0	1/3	['E-4', 'G4', 'G5']	['M3', 'M10', 'P8']	[0, 4]	[3, 7]
37	4/3	0.0625	1/3	['E-4', 'G4', 'E-5', 'G5']	['M3', 'P8', 'M10', 'm6']	[0, 4]	[3, 7]
37	5/3	0.0625	1/3	['E-4', 'F4', 'G4', 'G5']	['M2', 'M3', 'M10', 'M9', 'P8']	[0, 2, 4]	[3, 5, 7]
37	2.0	0.5	1/3	['F3', 'D4', 'D5']	['M6', 'M13', 'P8']	[0, 3]	[2, 5]
37	7/3	0.0625	1/6	['F3', 'D4', 'B4', 'D5']	['M6', 'A11', 'M13', 'P8', 'm3']	[0, 3, 6]	[11, 2, 5]
37	2.5	0.25	1/6	['F3', 'D4', 'B4', 'D5']	['M6', 'A11', 'M13', 'P8', 'm3']	[0, 3, 6]	[11, 2, 5]
37	8/3	0.0625	1/3	['F3', 'D4', 'G4', 'D5']	['M6', 'M9', 'M13', 'P4', 'P8', 'P5']	[0, 2, 5]	[2, 5, 7]
38	1.0	1.0	1/3	['C4', 'E-4', 'E-5']	['m3', 'm10', 'P8']	[0, 3]	[0, 3]
38	4/3	0.0625	1/3	['C4', 'E-4', 'C5', 'E-5']	['m3', 'P8', 'm10', 'M6']	[0, 3]	[0, 3]
38	5/3	0.0625	1/3	['C4', 'E-4', 'F4', 'E-5']	['m3', 'P4', 'm10', 'M2', 'P8', 'm7']	[0, 2, 5]	[0, 3, 5]
38	2.0	0.5	1/3	['G3', 'D-4', 'E-4', 'E-5']	['d5', 'm6', 'm13', 'M2', 'M9', 'P8']	[0, 2, 6]	[1, 3, 7]
38	7/3	0.0625	1/6	['G3', 'D-4', 'E-4', 'E-5']	['d5', 'm6', 'm13', 'M2', 'M9', 'P8']	[0, 2, 6]	[1, 3, 7]
38	2.5	0.25	1/6	['G3', 'D-4', 'E-4', 'E-5']	['d5', 'm6', 'm13', 'M2', 'M9', 'P8']	[0, 2, 6]	[1, 3, 7]
38	8/3	0.0625	1/3	['G3', 'D-4', 'E-4', 'B-4', 'E-5']	['d5', 'm6', 'm10', 'm13', 'M2', 'M6', 'M9', 'P5', 'P8', 'P4']	[0, 2, 5, 8]	[7, 10, 1, 3]
39	1.0	1.0	1/3	['A-3', 'C4', 'E-4', 'E-5']	['M3', 'P5', 'P12', 'm3', 'm10', 'P8']	[0, 3, 7]	[8, 0, 3]
39	4/3	0.0625	1/3	['A-3', 'C4', 'E-4', 'E-5']	['M3', 'P5', 'P12', 'm3', 'm10', 'P8']	[0, 3, 7]	[8, 0, 3]
39	5/3	0.0625	1/3	['A-3', 'C4', 'E-4', 'B-4', 'E-5']	['M3', 'P5', 'M9', 'P12', 'm3', 'm7', 'm10', 'P8', 'P4']	[0, 2, 4, 7]	[8, 10, 0, 3]
39	2.0	0.5	1/3	['G3', 'D-4', 'E-4', 'E-5']	['d5', 'm6', 'm13', 'M2', 'M9', 'P8']	[0, 2, 6]	[1, 3, 7]
39	7/3	0.0625	1/6	['G3', 'D-4', 'E-4', 'E-5']	['d5', 'm6', 'm13', 'M2', 'M9', 'P8']	[0, 2, 6]	[1, 3, 7]
39	2.5	0.25	1/6	['G3', 'D-4', 'E-4', 'E-5', 'F5']	['d5', 'm6', 'm13', 'm14', 'M2', 'M9', 'M10', 'P8']	[0, 2, 4, 6]	[1, 3, 5, 7]
39	8/3	0.0625	1/3	['G3', 'D-4', 'E-4', 'B-4', 'F5']	['d5', 'm6', 'm10', 'm14', 'M2', 'M6', 'M10', 'P5', 'M9']	[0, 2, 4, 6, 9]	[1, 3, 5, 7, 10]
40	1.0	1.0	1/3	['A-3', 'C4', 'E-4', 'E-5']	['M3', 'P5', 'P12', 'm3', 'm10', 'P8']	[0, 3, 7]	[8, 0, 3]
40	4/3	0.0625	1/3	['A-3', 'C4', 'E-4', 'E-5']	['M3', 'P5', 'P12', 'm3', 'm10', 'P8']	[0, 3, 7]	[8, 0, 3]
40	5/3	0.0625	1/3	['A-3', 'C4', 'E-4', 'B-4', 'E-5']	['M3', 'P5', 'M9', 'P12', 'm3', 'm7', 'm10', 'P8', 'P4']	[0, 2, 4, 7]	[8, 10, 0, 3]
40	2.0	0.5	1/3	['G3', 'D-4', 'E-4', 'E-5']	['d5', 'm6', 'm13', 'M2', 'M9', 'P8']	[0, 2, 6]	[1, 3, 7]
40	7/3	0.0625	1/3	['G3', 'D-4', 'E-4', 'E-5']	['d5', 'm6', 'm13', 'M2', 'M9', 'P8']	[0, 2, 6]	[1, 3, 7]
40	8/3	0.0625	1/3	['G3', 'D-4', 'E-4', 'B-4', 'E-5']	['d5', 'm6', 'm10', 'm13', 'M2', 'M6', 'M9', 'P5', 'P8', 'P4']	[0, 2, 5, 8]	[7, 10, 1, 3]
41	1.0	1.0	1/3	['A-3', 'C4', 'E-4']	['M3', 'P5', 'm3']	[0, 3, 7]	[8, 0, 3]
41	4/3	0.0625	1/3	['A-3', 'C4', 'E-4', 'E-5']	['M3', 'P5', 'P12', 'm3', 'm10', 'P8']	[0, 3, 7]	[8, 0, 3]
41	5/3	0.0625	1/3	['A-3', 'C4', 'E-4', 'B-4']	['M3', 'P5', 'M9', 'm3', 'm7']	[0, 2, 4, 7]	[8, 10, 0, 3]
41	2.0	0.5	1/3	['G3', 'B-3']	['m3']	[0, 3]	[7, 10]
41	7/3	0.0625	1/6	['G3', 'B-3', 'E4']	['m3', 'M6', 'A4']	[0, 3, 6]	[4, 7, 10]
41	2.5	0.25	1/6	['G3', 'B-3', 'E4']	['m3', 'M6', 'A4']	[0, 3, 6]	[4, 7, 10]
41	8/3	0.0625	1/3	['G3', 'B-3', 'C#4', 'E4']	['m3', 'A4', 'M6', 'A2']	[0, 3, 6, 9]	[1, 4, 7, 10]
42	1.0	1.0	1/3	['F3', 'B-3', 'F4']	['P4', 'P8', 'P5']	[0, 5]	[5, 10]
42	4/3	0.0625	1/3	['F3', 'B-3', 'F4']	['P4', 'P8', 'P5']	[0, 5]	[5, 10]
42	5/3	0.0625	1/3	['F3', 'B-3', 'C4', 'F4']	['P4', 'P5', 'P8', 'M2']	[0, 2, 7]	[10, 0, 5]
42	2.0	0.5	0.5	['F3', 'B-3', 'D4', 'B-4', 'D5']	['P4', 'M6', 'P11', 'M13', 'M3', 'P8', 'M10', 'm6']	[0, 3, 7]	[10, 2, 5]
42	2.5	0.25	0.25	['F3', 'B-3', 'D4', 'D5']	['P4', 'M6', 'M13', 'M3', 'M10', 'P8']	[0, 3, 7]	[10, 2, 5]
42	2.75	0.125	0.25	['B-3', 'D4', 'B-4', 'D5']	['M3', 'P8', 'M10', 'm6']	[0, 4]	[10, 2]
43	1.0	1.0	1.0	['D4', 'F4', 'D5', 'F5']	['m3', 'P8', 'm10', 'M6']	[0, 3]	[2, 5]
43	2.0	0.5	0.5	['B-3', 'D4', 'B-4', 'D5']	['M3', 'P8', 'M10', 'm6']	[0, 4]	[10, 2]
43	2.5	0.25	0.5	['B-3', 'D4', 'B-4', 'D5']	['M3', 'P8', 'M10', 'm6']	[0, 4]	[10, 2]
44	1.0	1.0	1/3	['F3', 'C4', 'C5']	['P5', 'P12', 'P8']	[0, 5]	[0, 5]
44	4/3	0.0625	1/3	['F3', 'C4', 'A4', 'C5']	['P5', 'M10', 'P12', 'M6', 'P8', 'm3']	[0, 3, 7]	[5, 9, 0]
44	5/3	0.0625	1/3	['F3', 'C4', 'E-4', 'C5']	['P5', 'm7', 'P12', 'm3', 'P8', 'M6']	[0, 2, 5]	[0, 3, 5]
44	2.0	0.5	1/3	['D3', 'B-3', 'B-4']	['m6', 'm13', 'P8']	[0, 4]	[10, 2]
44	7/3	0.0625	1/6	['D3', 'B-3', 'F4', 'B-4']	['m6', 'm10', 'm13', 'P5', 'P8', 'P4']	[0, 3, 7]	[10, 2, 5]
44	2.5	0.25	1/6	['D3', 'B-3', 'F4', 'B-4', 'C5']	['m6', 'm10', 'm13', 'm14', 'P5', 'P8', 'M9', 'P4', 'M2']	[0, 2, 4, 7]	[10, 0, 2, 5]
44	8/3	0.0625	1/12	['D3', 'B-3', 'F4', 'G4', 'B-4', 'C5']	['m6', 'm10', 'P11', 'm13', 'm14', 'P5', 'M6', 'P8', 'M9', 'M2', 'P4', 'm3']	[0, 2, 4, 7, 9]	[10, 0, 2, 5, 7]
44	2.75	0.125	0.25	['F3', 'C4', 'F4', 'G4', 'B-4', 'C5']	['P5', 'P8', 'M9', 'P11', 'P12', 'P4', 'm7', 'M2', 'm3']	[0, 2, 5, 7]	[5, 7, 10, 0]
45	1.0	1.0	1/3	['B-3', 'D4', 'D5']	['M3', 'M10', 'P8']	[0, 4]	[10, 2]
45	4/3	0.0625	1/3	['B-3', 'D4', 'B-4', 'D5']	['M3', 'P8', 'M10', 'm6']	[0, 4]	[10, 2]
45	5/3	0.0625	1/3	['B-3', 'D4', 'E-4', 'D5']	['M3', 'P4', 'M10', 'm2', 'P8', 'M7']	[0, 1, 5]	[10, 2, 3]
45	2.0	0.5	1/3	['D3', 'F3']	['m3']	[0, 3]	[2, 5]
45	7/3	0.0625	1/6	['D3', 'F3', 'F4']	['m3', 'm10', 'P8']	[0, 3]	[2, 5]
45	2.5	0.25	1/6	['D3', 'F3', 'F4']	['m3', 'm10', 'P8']	[0, 3]	[2, 5]
45	8/3	0.0625	1/3	['D3', 'F3', 'D4', 'F4']	['m3', 'P8', 'm10', 'M6']	[0, 3]	[2, 5]
46	1.0	1.0	1/3	['D3', 'F3', 'F4']	['m3', 'm10', 'P8']	[0, 3]	[2, 5]
46	4/3	0.0625	1/3	['D3', 'F3', 'F4', 'A4']	['m3', 'm10', 'P12', 'P8', 'M10', 'M3']	[0, 3, 7]	[2, 5, 9]
46	5/3	0.0625	1/3	['D3', 'F3', 'E-4', 'F4']	['m3', 'm9', 'm10', 'm7', 'P8', 'M2']	[0, 1, 3]	[2, 3, 5]
46	2.0	0.5	0.5	['F3', 'A3', 'A4', 'D5']	['M3', 'M10', 'M13', 'P8', 'P11', 'P4']	[0, 3, 7]	[2, 5, 9]
46	2.5	0.25	0.25	['F3', 'A3', 'A4', 'D5']	['M3', 'M10', 'M13', 'P8', 'P11', 'P4']	[0, 3, 7]	[2, 5, 9]
46	2.75	0.125	0.25	['A3', 'D4', 'A4', 'D5', 'F5']	['P4', 'P8', 'P11', 'm13', 'P5', 'm10', 'm6', 'm3']	[0, 3, 7]	[2, 5, 9]
47	1.0	1.0	1.0	['D4', 'F4', 'A4', 'F5', 'A5']	['m3', 'P5', 'm10', 'P12', 'M3', 'P8', 'M10', 'm6']	[0, 3, 7]	[2, 5, 9]
47	2.0	0.5	1/3	['G3', 'B-3', 'E4', 'E5']	['m3', 'M6', 'M13', 'A4', 'A11', 'P8']	[0, 3, 6]	[4, 7, 10]
47	7/3	0.0625	1/6	['G3', 'B-3', 'E4', 'E5', 'G5']	['m3', 'M6', 'M13', 'P15', 'A4', 'A11', 'P8', 'm10']	[0, 3, 6]	[4, 7, 10]
47	2.5	0.25	1/6	['G3', 'B-3', 'E4', 'E5', 'G5']	['m3', 'M6', 'M13', 'P15', 'A4', 'A11', 'P8', 'm10']	[0, 3, 6]	[4, 7, 10]
47	8/3	0.0625	1/3	['G3', 'B-3', 'E4', 'B-4', 'E5']	['m3', 'M6', 'm10', 'M13', 'A4', 'P8', 'A11', 'd5']	[0, 3, 6]	[4, 7, 10]
48	1.0	1.0	1/3	['A3', 'D4', 'F4', 'D5']	['P4', 'm6', 'P11', 'm3', 'P8', 'M6']	[0, 3, 7]	[2, 5, 9]
48	4/3	0.0625	1/3	['A3', 'D4', 'F4', 'D5', 'F5']	['P4', 'm6', 'P11', 'm13', 'm3', 'P8', 'm10', 'M6']	[0, 3, 7]	[2, 5, 9]
48	5/3	0.0625	1/3	['A3', 'D4', 'F4', 'G4', 'D5']	['P4', 'm6', 'm7', 'P11', 'm3', 'P8', 'M2', 'M6', 'P5']	[0, 2, 4, 7]	[2, 5, 7, 9]
48	2.0	0.5	1/3	['A3', 'C#4', 'E4', 'C#5']	['M3', 'P5', 'M10', 'm3', 'P8', 'M6']	[0, 3, 7]	[9, 1, 4]
48	7/3	0.0625	1/6	['A3', 'C#4', 'E4', 'C#5', 'E5']	['M3', 'P5', 'M10', 'P12', 'm3', 'P8', 'm10', 'M6']	[0, 3, 7]	[9, 1, 4]
48	2.5	0.25	1/6	['A3', 'C#4', 'E4', 'C#5', 'E5']	['M3', 'P5', 'M10', 'P12', 'm3', 'P8', 'm10', 'M6']	[0, 3, 7]	[9, 1, 4]
48	8/3	0.0625	1/3	['A3', 'C#4', 'E4', 'A4', 'C#5']	['M3', 'P5', 'P8', 'M10', 'm3', 'm6', 'P4', 'M6']	[0, 3, 7]	[9, 1, 4]
49	1.0	1.0	1/3	['D3', 'A3', 'D4', 'D5']	['P5', 'P8', 'P15', 'P4', 'P11']	[0, 5]	[9, 2]
49	4/3	0.0625	1/3	['D3', 'A3', 'D4', 'A4', 'D5']	['P5', 'P8', 'P12', 'P15', 'P4', 'P11']	[0, 5]	[9, 2]
49	5/3	0.0625	1/3	['D3', 'A3', 'D4', 'E-4', 'D5']	['P5', 'P8', 'm9', 'P15', 'P4', 'd5', 'P11', 'm2', 'M7']	[0, 1, 6]	[9, 2, 3]
49	2.0	0.5	1/3	['D4']	[]	[0]	[2]
49	7/3	0.0625	1/6	['D4', 'A4', 'D5']	['P5', 'P8', 'P4']	[0, 5]	[9, 2]
49	2.5	0.25	1/6	['D4', 'A4', 'D5']	['P5', 'P8', 'P4']	[0, 5]	[9, 2]
49	8/3	0.0625	1/3	['D4', 'F4', 'D5']	['m3', 'P8', 'M6']	[0, 3]	[2, 5]
50	1.0	1.0	2.0	['G3', 'D-4', 'B-4', 'E-5']	['d5', 'm10', 'm13', 'M6', 'M9', 'P4']	[0, 2, 5, 8]	[7, 10, 1, 3]
50	1.0	1.0	1.5	['E-5']	[]	[0]	[3]
51	1.0	1.0	1.5	['A-3', 'C-4', 'A-4', 'E-5']	['m3', 'P8', 'P12', 'M6', 'M10', 'P5']	[0, 3, 7]	[8, 11, 3]
51	2.5	0.25	0.5	['A-3', 'C-4', 'A-4', 'E-5']	['m3', 'P8', 'P12', 'M6', 'M10', 'P5']	[0, 3, 7]	[8, 11, 3]
52	1.0	1.0	1.0	['E-3', 'B-3', 'G4', 'E-5', 'F-5']	['P5', 'M10', 'P15', 'm16', 'M6', 'P11', 'd12', 'm6', 'd7', 'm2']	[0, 1, 4, 7]	[3, 4, 7, 10]
52	2.0	0.5	1.0	['E-3', 'B-3', 'G4', 'E-5']	['P5', 'M10', 'P15', 'M6', 'P11', 'm6']	[0, 3, 7]	[3, 7, 10]
52	1.0	1.0	2.0	['E-3', 'B-3', 'G4', 'E-5']	['P5', 'M10', 'P15', 'M6', 'P11', 'm6']	[0, 3, 7]	[3, 7, 10]
53	1.0	1.0	2.0				
54	1.0	1.0	2.0	['E3', 'B-3', 'G4', 'D-5']	['d5', 'm10', 'd14', 'M6']	[0, 3, 6, 9]	[1, 4, 7, 10]
54	1.0	1.0	2.0	['E3', 'B-3', 'G4', 'D-5']	['d5', 'm10', 'd14', 'M6']	[0, 3, 6, 9]	[1, 4, 7, 10]
55	1.0	1.0	2.0				
56	1.0	1.0	2.0	['F3', 'B-3', 'F4', 'D5']	['P4', 'P8', 'M13', 'P5', 'M10', 'M6']	[0, 3, 7]	[10, 2, 5]
56	1.0	1.0	2.0	['F3', 'B-3', 'F4', 'D5']	['P4', 'P8', 'M13', 'P5', 'M10', 'M6']	[0, 3, 7]	[10, 2, 5]
57	1.0	1.0	2.0				
58	1.0	1.0	1/3	['B-3', 'D-4', 'D-5']	['m3', 'm10', 'P8']	[0, 3]	[10, 1]
58	4/3	0.0625	1/3	['B-3', 'D-4', 'B-4', 'D-5']	['m3', 'P8', 'm10', 'M6']	[0, 3]	[10, 1]
58	5/3	0.0625	1/3	['B-3', 'D-4', 'F4', 'D-5']	['m3', 'P5', 'm10', 'M3', 'P8', 'm6']	[0, 3, 7]	[10, 1, 5]
58	2.0	0.5	1/3	['F3', 'C4', 'C5']	['P5', 'P12', 'P8']	[0, 5]	[0, 5]
58	7/3	0.0625	1/6	['F3', 'C4', 'A4', 'C5']	['P5', 'M10', 'P12', 'M6', 'P8', 'm3']	[0, 3, 7]	[5, 9, 0]
58	2.5	0.25	1/6	['F3', 'C4', 'A4', 'C5']	['P5', 'M10', 'P12', 'M6', 'P8', 'm3']	[0, 3, 7]	[5, 9, 0]
58	8/3	0.0625	1/3	['F3', 'C4', 'F4', 'C5']	['P5', 'P8', 'P12', 'P4']	[0, 5]	[0, 5]
59	1.0	1.0	1/3	['D-3', 'B-3', 'B-4']	['M6', 'M13', 'P8']	[0, 3]	[10, 1]
59	4/3	0.0625	1/3	['D-3', 'B-3', 'B-4']	['M6', 'M13', 'P8']	[0, 3]	[10, 1]
59	5/3	0.0625	1/3	['D-3', 'B-3', 'F4', 'B-4']	['M6', 'M10', 'M13', 'P5', 'P8', 'P4']	[0, 3, 7]	[10, 1, 5]
59	2.0	0.5	1/3	['C3', 'A3', 'A4']	['M6', 'M13', 'P8']	[0, 3]	[9, 0]
59	7/3	0.0625	1/3	['C3', 'A3', 'A4']	['M6', 'M13', 'P8']	[0, 3]	[9, 0]
59	8/3	0.0625	1/3	['C3', 'A3', 'F4', 'A4']	['M6', 'P11', 'M13', 'm6', 'P8', 'M3']	[0, 3, 7]	[5, 9, 0]
60	1.0	1.0	1/3	['D-3', 'B-3', 'B-4']	['M6', 'M13', 'P8']	[0, 3]	[10, 1]
60	4/3	0.0625	1/3	['D-3', 'B-3', 'B-4']	['M6', 'M13', 'P8']	[0, 3]	[10, 1]
60	5/3	0.0625	1/3	['D-3', 'B-3', 'F4', 'B-4']	['M6', 'M10', 'M13', 'P5', 'P8', 'P4']	[0, 3, 7]	[10, 1, 5]
60	2.0	0.5	1/3	['E-3', 'G-3', 'C5']	['m3', 'M13', 'A11']	[0, 3, 6]	[0, 3, 6]
60	7/3	0.0625	1/6	['E-3', 'G-3', 'G-4', 'C5']	['m3', 'm10', 'M13', 'P8', 'A11', 'A4']	[0, 3, 6]	[0, 3, 6]
60	2.5	0.25	1/6	['E-3', 'G-3', 'G-4', 'C5']	['m3', 'm10', 'M13', 'P8', 'A11', 'A4']	[0, 3, 6]	[0, 3, 6]
60	8/3	0.0625	1/3	['E-3', 'G-3', 'C4', 'C5']	['m3', 'M6', 'M13', 'A4', 'A11', 'P8']	[0, 3, 6]	[0, 3, 6]
61	1.0	1.0	1/3	['F3', 'A4']	['M10']	[0, 4]	[5, 9]
61	4/3	0.0625	1/3	['F3', 'F4', 'A4']	['P8', 'M10', 'M3']	[0, 4]	[5, 9]
61	5/3	0.0625	1/3	['F3', 'C4', 'A4']	['P5', 'M10', 'M6']	[0, 3, 7]	[5, 9, 0]
61	2.0	0.5	1/3	['F3']	[]	[0]	[5]
61	7/3	0.0625	1/3	['F3', 'F4', 'A4']	['P8', 'M10', 'M3']	[0, 4]	[5, 9]
61	8/3	0.0625	1/3	['F3', 'C4']	['P5']	[0, 5]	[0, 5]
62	1.0	1.0	1/3	['G-3', 'A3', 'E-4', 'E-5']	['A2', 'M6', 'M13', 'd5', 'd12', 'P8']	[0, 3, 6]	[3, 6, 9]
62	4/3	0.0625	1/3	['G-3', 'A3', 'E-4', 'E-5']	['A2', 'M6', 'M13', 'd5', 'd12', 'P8']	[0, 3, 6]	[3, 6, 9]
62	5/3	0.0625	1/3	['G-3', 'A3', 'E-4', 'C5', 'E-5']	['A2', 'M6', 'A11', 'M13', 'd5', 'm10', 'd12', 'P8', 'm3']	[0, 3, 6, 9]	[0, 3, 6, 9]
62	2.0	0.5	1/3	['F3', 'B-3', 'D-4', 'D-5']	['P4', 'm6', 'm13', 'm3', 'm10', 'P8']	[0, 3, 7]	[10, 1, 5]
62	7/3	0.0625	1/6	['F3', 'B-3', 'D-4', 'D-5']	['P4', 'm6', 'm13', 'm3', 'm10', 'P8']	[0, 3, 7]	[10, 1, 5]
62	2.5	0.25	1/6	['F3', 'B-3', 'D-4', 'D-5']	['P4', 'm6', 'm13', 'm3', 'm10', 'P8']	[0, 3, 7]	[10, 1, 5]
62	8/3	0.0625	1/3	['F3', 'B-3', 'D-4', 'F4', 'D-5']	['P4', 'm6', 'P8', 'm13', 'm3', 'P5', 'm10', 'M3']	[0, 3, 7]	[10, 1, 5]
63	1.0	1.0	1/3	['E-3', 'F3', 'C4', 'C5']	['M2', 'M6', 'M13', 'P5', 'P12', 'P8']	[0, 2, 5]	[0, 3, 5]
63	4/3	0.0625	1/3	['E-3', 'F3', 'C4', 'C5']	['M2', 'M6', 'M13', 'P5', 'P12', 'P8']	[0, 2, 5]	[0, 3, 5]
63	5/3	0.0625	1/3	['E-3', 'F3', 'C4', 'F4', 'C5']	['M2', 'M6', 'M9', 'M13', 'P5', 'P8', 'P12', 'P4']	[0, 2, 5]	[0, 3, 5]
63	2.0	0.5	1/3	['C3', 'F3', 'A3', 'A4']	['P4', 'M6', 'M13', 'M3', 'M10', 'P8']	[0, 3, 7]	[5, 9, 0]
63	7/3	0.0625	1/3	['C3', 'F3', 'A3', 'A4']	['P4', 'M6', 'M13', 'M3', 'M10', 'P8']	[0, 3, 7]	[5, 9, 0]
63	8/3	0.0625	1/3	['C3', 'F3', 'A3', 'F4', 'A4']	['P4', 'M6', 'P11', 'M13', 'M3', 'P8', 'M10', 'm6']	[0, 3, 7]	[5, 9, 0]
64	1.0	1.0	1/3	['D-3', 'F3', 'B-3', 'B-4']	['M3', 'M6', 'M13', 'P4', 'P11', 'P8']	[0, 3, 7]	[10, 1, 5]
64	4/3	0.0625	1/3	['D-3', 'F3', 'B-3', 'B-4']	['M3', 'M6', 'M13', 'P4', 'P11', 'P8']	[0, 3, 7]	[10, 1, 5]
64	5/3	0.0625	1/3	['D-3', 'F3', 'B-3', 'F4', 'B-4']	['M3', 'M6', 'M10', 'M13', 'P4', 'P8', 'P11', 'P5']	[0, 3, 7]	[10, 1, 5]
64	2.0	0.5	1/3	['F3', 'C4', 'C5']	['P5', 'P12', 'P8']	[0, 5]	[0, 5]
64	7/3	0.0625	1/6	['F3', 'C4', 'A4', 'C5']	['P5', 'M10', 'P12', 'M6', 'P8', 'm3']	[0, 3, 7]	[5, 9, 0]
64	2.5	0.25	1/6	['F3', 'C4', 'A4', 'C5']	['P5', 'M10', 'P12', 'M6', 'P8', 'm3']	[0, 3, 7]	[5, 9, 0]
64	8/3	0.0625	1/3	['F3', 'C4', 'F4', 'C5']	['P5', 'P8', 'P12', 'P4']	[0, 5]	[0, 5]
65	1.0	1.0	1/3	['B-3', 'D-4', 'D-5']	['m3', 'm10', 'P8']	[0, 3]	[10, 1]
65	4/3	0.0625	1/3	['B-3', 'D-4', 'B-4', 'D-5']	['m3', 'P8', 'm10', 'M6']	[0, 3]	[10, 1]
65	5/3	0.0625	1/3	['B-3', 'D-4', 'F4', 'D-5']	['m3', 'P5', 'm10', 'M3', 'P8', 'm6']	[0, 3, 7]	[10, 1, 5]
65	2.0	0.5	1/3	['G-3', 'B-3']	['M3']	[0, 4]	[6, 10]
65	7/3	0.0625	1/3	['G-3', 'B-3', 'B-4']	['M3', 'M10', 'P8']	[0, 4]	[6, 10]
65	8/3	0.0625	1/3	['G-3', 'B-3', 'E4']	['M3', 'A6', 'A4']	[0, 2, 6]	[4, 6, 10]
66	1.0	1.0	1/3	['D-3', 'B-3']	['M6']	[0, 3]	[10, 1]
66	4/3	0.0625	1/3	['D-3', 'B-3', 'B-4']	['M6', 'M13', 'P8']	[0, 3]	[10, 1]
66	5/3	0.0625	1/3	['D-3', 'B-3', 'F4']	['M6', 'M10', 'P5']	[0, 3, 7]	[10, 1, 5]
66	2.0	0.5	1/3	['F3', 'C4']	['P5']	[0, 5]	[0, 5]
66	7/3	0.0625	1/3	['F3', 'C4', 'A4', 'C5']	['P5', 'M10', 'P12', 'M6', 'P8', 'm3']	[0, 3, 7]	[5, 9, 0]
66	8/3	0.0625	1/3	['F3', 'C4', 'F4']	['P5', 'P8', 'P4']	[0, 5]	[0, 5]
67	1.0	1.0	1/3	['B-3', 'D-4']	['m3']	[0, 3]	[10, 1]
67	4/3	0.0625	1/3	['B-3', 'D-4', 'B-4', 'D-5']	['m3', 'P8', 'm10', 'M6']	[0, 3]	[10, 1]
67	5/3	0.0625	1/3	['B-3', 'D-4', 'F4']	['m3', 'P5', 'M3']	[0, 3, 7]	[10, 1, 5]
67	2.0	0.5	1/3	['B-3', 'D-4']	['m3']	[0, 3]	[10, 1]
67	7/3	0.0625	1/3	['B-3', 'D-4', 'B-4', 'D-5']	['m3', 'P8', 'm10', 'M6']	[0, 3]	[10, 1]
67	8/3	0.0625	1/3	['B-3', 'D-4', 'F4']	['m3', 'P5', 'M3']	[0, 3, 7]	[10, 1, 5]
68	1.0	1.0	1/3	['A-2', 'G-3', 'A-3', 'E-5']	['m7', 'P8', 'P19', 'M2', 'M13', 'P12']	[0, 2, 5]	[3, 6, 8]
68	4/3	0.0625	1/3	['A-2', 'G-3', 'A-3', 'A-4', 'E-5']	['m7', 'P8', 'P15', 'P19', 'M2', 'M9', 'M13', 'P12', 'P5']	[0, 2, 5]	[3, 6, 8]
68	5/3	0.0625	1/3	['A-2', 'G-3', 'A-3', 'E-4', 'E-5']	['m7', 'P8', 'P12', 'P19', 'M2', 'M6', 'M13', 'P5']	[0, 2, 5]	[3, 6, 8]
68	2.0	0.5	1/3	['A-2', 'F3', 'A-3', 'D-5']	['M6', 'P8', 'P18', 'm3', 'm13', 'P11']	[0, 3, 7]	[1, 5, 8]
68	7/3	0.0625	1/6	['A-2', 'F3', 'A-3', 'A-4', 'D-5']	['M6', 'P8', 'P15', 'P18', 'm3', 'm10', 'm13', 'P11', 'P4']	[0, 3, 7]	[1, 5, 8]
68	2.5	0.25	1/6	['A-2', 'F3', 'A-3', 'A-4', 'D-5']	['M6', 'P8', 'P15', 'P18', 'm3', 'm10', 'm13', 'P11', 'P4']	[0, 3, 7]	[1, 5, 8]
68	8/3	0.0625	1/3	['A-2', 'F3', 'A-3', 'D-4', 'D-5']	['M6', 'P8', 'P11', 'P18', 'm3', 'm6', 'm13', 'P4']	[0, 3, 7]	[1, 5, 8]
69	1.0	1.0	1/3	['A-2', 'E-3', 'A-3', 'A-4']	['P5', 'P8', 'P15', 'P4', 'P11']	[0, 5]	[3, 8]
69	4/3	0.0625	1/3	['A-2', 'E-3', 'A-3', 'A-4', 'C5']	['P5', 'P8', 'P15', 'M17', 'P4', 'P11', 'M13', 'M10', 'M3']	[0, 3, 7]	[8, 0, 3]
69	5/3	0.0625	1/3	['A-2', 'E-3', 'A-3', 'C4', 'A-4']	['P5', 'P8', 'M10', 'P15', 'P4', 'M6', 'P11', 'M3', 'm6']	[0, 3, 7]	[8, 0, 3]
69	2.0	0.5	1/3	['A-2', 'F3', 'A-3', 'D-5']	['M6', 'P8', 'P18', 'm3', 'm13', 'P11']	[0, 3, 7]	[1, 5, 8]
69	7/3	0.0625	1/3	['A-2', 'F3', 'A-3', 'A-4', 'D-5']	['M6', 'P8', 'P15', 'P18', 'm3', 'm10', 'm13', 'P11', 'P4']	[0, 3, 7]	[1, 5, 8]
69	8/3	0.0625	1/3	['A-2', 'F3', 'A-3', 'D-4', 'D-5']	['M6', 'P8', 'P11', 'P18', 'm3', 'm6', 'm13', 'P4']	[0, 3, 7]	[1, 5, 8]
70	1.0	1.0	1/3	['A-2', 'E-3', 'B-3', 'G-5']	['P5', 'M9', 'm21', 'm17', 'm13']	[0, 2, 4, 7]	[3, 6, 8, 10]
70	4/3	0.0625	1/3	['A-2', 'E-3', 'B-3', 'B-4', 'G-5']	['P5', 'M9', 'M16', 'm21', 'P12', 'm17', 'P8', 'm13', 'm6']	[0, 2, 4, 7]	[3, 6, 8, 10]
70	5/3	0.0625	1/3	['A-2', 'E-3', 'B-3', 'G-4', 'G-5']	['P5', 'M9', 'm14', 'm21', 'm10', 'm17', 'm6', 'm13', 'P8']	[0, 2, 4, 7]	[3, 6, 8, 10]
70	2.0	0.5	1/3	['A-2', 'A-3', 'G-5']	['P8', 'm21', 'm14']	[0, 2]	[6, 8]
70	7/3	0.0625	1/6	['A-2', 'A-3', 'C5', 'G-5']	['P8', 'M17', 'm21', 'M10', 'm14', 'd5']	[0, 2, 6]	[6, 8, 0]
70	2.5	0.25	1/6	['A-2', 'A-3', 'C5', 'G-5']	['P8', 'M17', 'm21', 'M10', 'm14', 'd5']	[0, 2, 6]	[6, 8, 0]
70	8/3	0.0625	1/3	['A-2', 'A-3', 'G-4', 'G-5']	['P8', 'm14', 'm21', 'm7']	[0, 2]	[6, 8]
71	1.0	1.0	1/3	['A-2', 'D-3', 'A-3', 'G-5']	['P4', 'P8', 'm21', 'P5', 'P18', 'm14']	[0, 2, 7]	[6, 8, 1]
71	4/3	0.0625	1/3	['A-2', 'D-3', 'A-3', 'D-5', 'G-5']	['P4', 'P8', 'P18', 'm21', 'P5', 'P15', 'P11', 'm14']	[0, 2, 7]	[6, 8, 1]
71	5/3	0.0625	1/3	['A-2', 'D-3', 'A-3', 'G-4', 'G-5']	['P4', 'P8', 'm14', 'm21', 'P5', 'P11', 'P18', 'm7']	[0, 2, 7]	[6, 8, 1]
71	2.0	0.5	1/3	['A-2', 'A-3', 'F5']	['P8', 'M20', 'M13']	[0, 3]	[5, 8]
71	7/3	0.0625	1/6	['A-2', 'A-3', 'D-5', 'F5']	['P8', 'P18', 'M20', 'P11', 'M13', 'M3']	[0, 3, 7]	[1, 5, 8]
71	2.5	0.25	1/6	['A-2', 'A-3', 'D-5', 'F5']	['P8', 'P18', 'M20', 'P11', 'M13', 'M3']	[0, 3, 7]	[1, 5, 8]
71	8/3	0.0625	1/3	['A-2', 'A-3', 'F4']	['P8', 'M13', 'M6']	[0, 3]	[5, 8]
72	1.0	1.0	1/3	['A-2', 'G-3', 'A-3', 'E-5']	['m7', 'P8', 'P19', 'M2', 'M13', 'P12']	[0, 2, 5]	[3, 6, 8]
72	4/3	0.0625	1/3	['A-2', 'G-3', 'A-3', 'A-4', 'E-5']	['m7', 'P8', 'P15', 'P19', 'M2', 'M9', 'M13', 'P12', 'P5']	[0, 2, 5]	[3, 6, 8]
72	5/3	0.0625	1/3	['A-2', 'G-3', 'A-3', 'F4', 'E-5']	['m7', 'P8', 'M13', 'P19', 'M2', 'M7', 'M6', 'P12']	[0, 2, 3, 5]	[3, 5, 6, 8]
72	2.0	0.5	1/3	['A-2', 'F3', 'A-3', 'D-5']	['M6', 'P8', 'P18', 'm3', 'm13', 'P11']	[0, 3, 7]	[1, 5, 8]
72	7/3	0.0625	1/6	['A-2', 'F3', 'A-3', 'A-4', 'D-5']	['M6', 'P8', 'P15', 'P18', 'm3', 'm10', 'm13', 'P11', 'P4']	[0, 3, 7]	[1, 5, 8]
72	2.5	0.25	1/6	['A-2', 'F3', 'A-3', 'A-4', 'D-5']	['M6', 'P8', 'P15', 'P18', 'm3', 'm10', 'm13', 'P11', 'P4']	[0, 3, 7]	[1, 5, 8]
72	8/3	0.0625	1/3	['A-2', 'F3', 'A-3', 'D-4', 'D-5']	['M6', 'P8', 'P11', 'P18', 'm3', 'm6', 'm13', 'P4']	[0, 3, 7]	[1, 5, 8]
73	1.0	1.0	1/3	['A-2', 'E-3', 'A-3', 'A-4']	['P5', 'P8', 'P15', 'P4', 'P11']	[0, 5]	[3, 8]
73	4/3	0.0625	1/3	['A-2', 'E-3', 'A-3', 'A-4', 'C5']	['P5', 'P8', 'P15', 'M17', 'P4', 'P11', 'M13', 'M10', 'M3']	[0, 3, 7]	[8, 0, 3]
73	5/3	0.0625	1/3	['A-2', 'E-3', 'A-3', 'C4', 'A-4']	['P5', 'P8', 'M10', 'P15', 'P4', 'M6', 'P11', 'M3', 'm6']	[0, 3, 7]	[8, 0, 3]
73	2.0	0.5	1/3	['A-2', 'F3', 'A-3', 'D-5']	['M6', 'P8', 'P18', 'm3', 'm13', 'P11']	[0, 3, 7]	[1, 5, 8]
73	7/3	0.0625	1/3	['A-2', 'F3', 'A-3', 'A-4', 'D-5']	['M6', 'P8', 'P15', 'P18', 'm3', 'm10', 'm13', 'P11', 'P4']	[0, 3, 7]	[1, 5, 8]
73	8/3	0.0625	1/3	['A-2', 'F3', 'A-3', 'D-4', 'D-5']	['M6', 'P8', 'P11', 'P18', 'm3', 'm6', 'm13', 'P4']	[0, 3, 7]	[1, 5, 8]
74	1.0	1.0	1/3	['A-2', 'E-3', 'B-3', 'G-5']	['P5', 'M9', 'm21', 'm17', 'm13']	[0, 2, 4, 7]	[3, 6, 8, 10]
74	4/3	0.0625	1/3	['A-2', 'E-3', 'B-3', 'B-4', 'G-5']	['P5', 'M9', 'M16', 'm21', 'P12', 'm17', 'P8', 'm13', 'm6']	[0, 2, 4, 7]	[3, 6, 8, 10]
74	5/3	0.0625	1/3	['A-2', 'E-3', 'B-3', 'G-4', 'G-5']	['P5', 'M9', 'm14', 'm21', 'm10', 'm17', 'm6', 'm13', 'P8']	[0, 2, 4, 7]	[3, 6, 8, 10]
74	2.0	0.5	1/3	['A-2', 'A-3', 'G-5']	['P8', 'm21', 'm14']	[0, 2]	[6, 8]
74	7/3	0.0625	1/6	['A-2', 'A-3', 'C5', 'G-5']	['P8', 'M17', 'm21', 'M10', 'm14', 'd5']	[0, 2, 6]	[6, 8, 0]
74	2.5	0.25	1/6	['A-2', 'A-3', 'C5', 'G-5']	['P8', 'M17', 'm21', 'M10', 'm14', 'd5']	[0, 2, 6]	[6, 8, 0]
74	8/3	0.0625	1/3	['A-2', 'A-3', 'G-4', 'G-5']	['P8', 'm14', 'm21', 'm7']	[0, 2]	[6, 8]
75	1.0	1.0	1/3	['A-2', 'D-3', 'A-3', 'G-5']	['P4', 'P8', 'm21', 'P5', 'P18', 'm14']	[0, 2, 7]	[6, 8, 1]
75	4/3	0.0625	1/3	['A-2', 'D-3', 'A-3', 'D-5', 'G-5']	['P4', 'P8', 'P18', 'm21', 'P5', 'P15', 'P11', 'm14']	[0, 2, 7]	[6, 8, 1]
75	5/3	0.0625	1/3	['A-2', 'D-3', 'A-3', 'G-4', 'G-5']	['P4', 'P8', 'm14', 'm21', 'P5', 'P11', 'P18', 'm7']	[0, 2, 7]	[6, 8, 1]
75	2.0	0.5	1/3	['A-2', 'A-3', 'F5']	['P8', 'M20', 'M13']	[0, 3]	[5, 8]
75	7/3	0.0625	1/6	['A-2', 'A-3', 'D-5', 'F5']	['P8', 'P18', 'M20', 'P11', 'M13', 'M3']	[0, 3, 7]	[1, 5, 8]
75	2.5	0.25	1/6	['A-2', 'A-3', 'D-5', 'F5']	['P8', 'P18', 'M20', 'P11', 'M13', 'M3']	[0, 3, 7]	[1, 5, 8]
75	8/3	0.0625	1/3	['A-2', 'A-3', 'F4']	['P8', 'M13', 'M6']	[0, 3]	[5, 8]
76	1.0	1.0	1/3	['A-2', 'A-3']	['P8']	[0]	[8]
76	4/3	0.0625	1/3	['A-2', 'A-3', 'D-5', 'F5']	['P8', 'P18', 'M20', 'P11', 'M13', 'M3']	[0, 3, 7]	[1, 5, 8]
76	5/3	0.0625	1/3	['A-2', 'A-3', 'F4']	['P8', 'M13', 'M6']	[0, 3]	[5, 8]
76	2.0	0.5	1/3	['A2', 'A3']	['P8']	[0]	[9]
76	7/3	0.0625	1/3	['A2', 'A3', 'D-5', 'F5']	['P8', 'd18', 'm20', 'd11', 'm13', 'M3']	[0, 4, 8]	[1, 5, 9]
76	8/3	0.0625	1/3	['A2', 'A3', 'F4']	['P8', 'm13', 'm6']	[0, 4]	[5, 9]
77	1.0	1.0	1/3	['B-2', 'B-3']	['P8']	[0]	[10]
77	4/3	0.0625	1/3	['B-2', 'B-3', 'D-5', 'F5']	['P8', 'm17', 'P19', 'm10', 'P12', 'M3']	[0, 3, 7]	[10, 1, 5]
77	5/3	0.0625	1/3	['B-2', 'B-3', 'F4']	['P8', 'P12', 'P5']	[0, 5]	[5, 10]
77	2.0	0.5	1/3	['B-3', 'D4']	['M3']	[0, 4]	[10, 2]
77	7/3	0.0625	1/6	['B-3', 'D4', 'D5', 'F5']	['M3', 'M10', 'P12', 'P8', 'm10', 'm3']	[0, 3, 7]	[10, 2, 5]
77	2.5	0.25	1/6	['B-3', 'D4', 'D5', 'F5']	['M3', 'M10', 'P12', 'P8', 'm10', 'm3']	[0, 3, 7]	[10, 2, 5]
77	8/3	0.0625	1/3	['B-3', 'D4', 'F4', 'D5']	['M3', 'P5', 'M10', 'm3', 'P8', 'M6']	[0, 3, 7]	[10, 2, 5]
78	1.0	1.0	1/3	['D4', 'F4', 'F5']	['m3', 'm10', 'P8']	[0, 3]	[2, 5]
78	4/3	0.0625	1/3	['D4', 'F4', 'D5', 'F5']	['m3', 'P8', 'm10', 'M6']	[0, 3]	[2, 5]
78	5/3	0.0625	1/3	['D4', 'F4', 'F5']	['m3', 'm10', 'P8']	[0, 3]	[2, 5]
78	2.0	0.5	1/3	['F3', 'C4', 'C5']	['P5', 'P12', 'P8']	[0, 5]	[0, 5]
78	7/3	0.0625	1/6	['F3', 'C4', 'A4', 'C5']	['P5', 'M10', 'P12', 'M6', 'P8', 'm3']	[0, 3, 7]	[5, 9, 0]
78	2.5	0.25	1/6	['F3', 'C4', 'A4', 'C5']	['P5', 'M10', 'P12', 'M6', 'P8', 'm3']	[0, 3, 7]	[5, 9, 0]
78	8/3	0.0625	1/3	['F3', 'C4', 'F4', 'C5']	['P5', 'P8', 'P12', 'P4']	[0, 5]	[0, 5]
79	1.0	1.0	1/3	['B-3', 'D4', 'D5']	['M3', 'M10', 'P8']	[0, 4]	[10, 2]
79	4/3	0.0625	1/3	['B-3', 'D4', 'B-4', 'D5']	['M3', 'P8', 'M10', 'm6']	[0, 4]	[10, 2]
79	5/3	0.0625	1/3	['B-3', 'D4', 'F4', 'D5']	['M3', 'P5', 'M10', 'm3', 'P8', 'M6']	[0, 3, 7]	[10, 2, 5]
79	2.0	0.5	1/3	['D3', 'B-3', 'B-4']	['m6', 'm13', 'P8']	[0, 4]	[10, 2]
79	7/3	0.0625	1/6	['D3', 'B-3', 'B-4']	['m6', 'm13', 'P8']	[0, 4]	[10, 2]
79	2.5	0.25	1/6	['D3', 'B-3', 'B-4']	['m6', 'm13', 'P8']	[0, 4]	[10, 2]
79	8/3	0.0625	1/3	['D3', 'B-3', 'F4', 'B-4']	['m6', 'm10', 'm13', 'P5', 'P8', 'P4']	[0, 3, 7]	[10, 2, 5]
80	1.0	1.0	1/3	['D4', 'F4', 'F5']	['m3', 'm10', 'P8']	[0, 3]	[2, 5]
80	4/3	0.0625	1/3	['D4', 'F4', 'D5', 'F5']	['m3', 'P8', 'm10', 'M6']	[0, 3]	[2, 5]
80	5/3	0.0625	1/3	['D4', 'F4', 'F5']	['m3', 'm10', 'P8']	[0, 3]	[2, 5]
80	2.0	0.5	1/3	['F3', 'C4', 'C5']	['P5', 'P12', 'P8']	[0, 5]	[0, 5]
80	7/3	0.0625	1/6	['F3', 'C4', 'A4', 'C5']	['P5', 'M10', 'P12', 'M6', 'P8', 'm3']	[0, 3, 7]	[5, 9, 0]
80	2.5	0.25	1/6	['F3', 'C4', 'A4', 'C5']	['P5', 'M10', 'P12', 'M6', 'P8', 'm3']	[0, 3, 7]	[5, 9, 0]
80	8/3	0.0625	1/3	['F3', 'C4', 'F4', 'C5']	['P5', 'P8', 'P12', 'P4']	[0, 5]	[0, 5]
81	1.0	1.0	1/3	['B-3', 'D4', 'D5']	['M3', 'M10', 'P8']	[0, 4]	[10, 2]
81	4/3	0.0625	1/3	['B-3', 'D4', 'B-4', 'D5']	['M3', 'P8', 'M10', 'm6']	[0, 4]	[10, 2]
81	5/3	0.0625	1/3	['B-3', 'D4', 'F4', 'D5']	['M3', 'P5', 'M10', 'm3', 'P8', 'M6']	[0, 3, 7]	[10, 2, 5]
81	2.0	0.5	1/3	['D3', 'B-3']	['m6']	[0, 4]	[10, 2]
81	7/3	0.0625	1/6	['D3', 'B-3', 'B-4']	['m6', 'm13', 'P8']	[0, 4]	[10, 2]
81	2.5	0.25	1/6	['D3', 'B-3', 'B-4', 'D5']	['m6', 'm13', 'P15', 'P8', 'M10', 'M3']	[0, 4]	[10, 2]
81	8/3	0.0625	1/3	['D3', 'B-3', 'F4', 'D5']	['m6', 'm10', 'P15', 'P5', 'M10', 'M6']	[0, 3, 7]	[10, 2, 5]
82	1.0	1.0	1/3	['E-4', 'G4', 'G5']	['M3', 'M10', 'P8']	[0, 4]	[3, 7]
82	4/3	0.0625	1/3	['E-4', 'G4', 'E-5', 'G5']	['M3', 'P8', 'M10', 'm6']	[0, 4]	[3, 7]
82	5/3	0.0625	1/3	['E-4', 'G4', 'G5']	['M3', 'M10', 'P8']	[0, 4]	[3, 7]
82	2.0	0.5	1/3	['G3', 'D4', 'D5']	['P5', 'P12', 'P8']	[0, 5]	[2, 7]
82	7/3	0.0625	1/6	['G3', 'D4', 'B4', 'D5']	['P5', 'M10', 'P12', 'M6', 'P8', 'm3']	[0, 3, 7]	[7, 11, 2]
82	2.5	0.25	1/6	['G3', 'D4', 'B4', 'D5']	['P5', 'M10', 'P12', 'M6', 'P8', 'm3']	[0, 3, 7]	[7, 11, 2]
82	8/3	0.0625	1/3	['G3', 'D4', 'G4', 'D5']	['P5', 'P8', 'P12', 'P4']	[0, 5]	[2, 7]
83	1.0	1.0	1/3	['C4', 'E-4', 'E-5']	['m3', 'm10', 'P8']	[0, 3]	[0, 3]
83	4/3	0.0625	1/3	['C4', 'E-4', 'C5', 'E-5']	['m3', 'P8', 'm10', 'M6']	[0, 3]	[0, 3]
83	5/3	0.0625	1/3	['C4', 'E-4', 'G4', 'E-5']	['m3', 'P5', 'm10', 'M3', 'P8', 'm6']	[0, 3, 7]	[0, 3, 7]
83	2.0	0.5	1/3	['G3', 'D-4', 'E-4', 'E-5']	['d5', 'm6', 'm13', 'M2', 'M9', 'P8']	[0, 2, 6]	[1, 3, 7]
83	7/3	0.0625	1/6	['G3', 'D-4', 'E-4', 'E-5']	['d5', 'm6', 'm13', 'M2', 'M9', 'P8']	[0, 2, 6]	[1, 3, 7]
83	2.5	0.25	1/6	['G3', 'D-4', 'E-4', 'E-5']	['d5', 'm6', 'm13', 'M2', 'M9', 'P8']	[0, 2, 6]	[1, 3, 7]
83	8/3	0.0625	1/3	['G3', 'D-4', 'E-4', 'B-4', 'E-5']	['d5', 'm6', 'm10', 'm13', 'M2', 'M6', 'M9', 'P5', 'P8', 'P4']	[0, 2, 5, 8]	[7, 10, 1, 3]
84	1.0	1.0	1/3	['A-3', 'C4', 'E-4', 'E-5']	['M3', 'P5', 'P12', 'm3', 'm10', 'P8']	[0, 3, 7]	[8, 0, 3]
84	4/3	0.0625	1/3	['A-3', 'C4', 'E-4', 'E-5']	['M3', 'P5', 'P12', 'm3', 'm10', 'P8']	[0, 3, 7]	[8, 0, 3]
84	5/3	0.0625	1/3	['A-3', 'C4', 'E-4', 'C5', 'E-5']	['M3', 'P5', 'M10', 'P12', 'm3', 'P8', 'm10', 'M6']	[0, 3, 7]	[8, 0, 3]
84	2.0	0.5	1/3	['G3', 'D-4', 'E-4', 'E-5']	['d5', 'm6', 'm13', 'M2', 'M9', 'P8']	[0, 2, 6]	[1, 3, 7]
84	7/3	0.0625	1/6	['G3', 'D-4', 'E-4', 'E-5']	['d5', 'm6', 'm13', 'M2', 'M9', 'P8']	[0, 2, 6]	[1, 3, 7]
84	2.5	0.25	1/6	['G3', 'D-4', 'E-4', 'E-5', 'F-5']	['d5', 'm6', 'm13', 'd14', 'M2', 'M9', 'm10', 'P8', 'm9', 'm2']	[0, 2, 3, 6]	[1, 3, 4, 7]
84	8/3	0.0625	1/3	['G3', 'D-4', 'E-4', 'B-4', 'F-5']	['d5', 'm6', 'm10', 'd14', 'M2', 'M6', 'P5', 'm9']	[0, 1, 3, 6, 9]	[7, 10, 1, 3, 4]
85	1.0	1.0	1/3	['A-3', 'C4', 'E-4', 'E-5']	['M3', 'P5', 'P12', 'm3', 'm10', 'P8']	[0, 3, 7]	[8, 0, 3]
85	4/3	0.0625	1/3	['A-3', 'C4', 'E-4', 'E-5']	['M3', 'P5', 'P12', 'm3', 'm10', 'P8']	[0, 3, 7]	[8, 0, 3]
85	5/3	0.0625	1/3	['A-3', 'C4', 'E-4', 'C5', 'E-5']	['M3', 'P5', 'M10', 'P12', 'm3', 'P8', 'm10', 'M6']	[0, 3, 7]	[8, 0, 3]
85	2.0	0.5	1/3	['G3', 'D-4', 'E-4', 'E-5']	['d5', 'm6', 'm13', 'M2', 'M9', 'P8']	[0, 2, 6]	[1, 3, 7]
85	7/3	0.0625	1/3	['G3', 'D-4', 'E-4', 'E-5']	['d5', 'm6', 'm13', 'M2', 'M9', 'P8']	[0, 2, 6]	[1, 3, 7]
85	8/3	0.0625	1/3	['G3', 'D-4', 'E-4', 'B-4', 'E-5']	['d5', 'm6', 'm10', 'm13', 'M2', 'M6', 'M9', 'P5', 'P8', 'P4']	[0, 2, 5, 8]	[7, 10, 1, 3]
86	1.0	1.0	1/3	['A-3', 'C4', 'E-4']	['M3', 'P5', 'm3']	[0, 3, 7]	[8, 0, 3]
86	4/3	0.0625	1/3	['A-3', 'C4', 'E-4', 'E-5']	['M3', 'P5', 'P12', 'm3', 'm10', 'P8']	[0, 3, 7]	[8, 0, 3]
86	5/3	0.0625	1/3	['A-3', 'C4', 'E-4', 'C5']	['M3', 'P5', 'M10', 'm3', 'P8', 'M6']	[0, 3, 7]	[8, 0, 3]
86	2.0	0.5	1/3	['G3', 'B-3', 'E5']	['m3', 'M13', 'A11']	[0, 3, 6]	[4, 7, 10]
86	7/3	0.0625	1/3	['G3', 'B-3', 'E4', 'E5']	['m3', 'M6', 'M13', 'A4', 'A11', 'P8']	[0, 3, 6]	[4, 7, 10]
86	8/3	0.0625	1/3	['G3', 'B-3', 'C#4', 'E5']	['m3', 'A4', 'M13', 'A2', 'A11', 'm10']	[0, 3, 6, 9]	[1, 4, 7, 10]
87	1.0	1.0	1/3	['F3', 'B-3', 'F5']	['P4', 'P15', 'P12']	[0, 5]	[5, 10]
87	4/3	0.0625	1/3	['F3', 'B-3', 'F4', 'F5']	['P4', 'P8', 'P15', 'P5', 'P12']	[0, 5]	[5, 10]
87	5/3	0.0625	1/3	['F3', 'B-3', 'D4', 'F5']	['P4', 'M6', 'P15', 'M3', 'P12', 'm10']	[0, 3, 7]	[10, 2, 5]
87	2.0	0.5	0.5	['F3', 'B-3', 'D4', 'B-4', 'D5']	['P4', 'M6', 'P11', 'M13', 'M3', 'P8', 'M10', 'm6']	[0, 3, 7]	[10, 2, 5]
87	2.5	0.25	0.25	['F3', 'B-3', 'D4', 'B-4']	['P4', 'M6', 'P11', 'M3', 'P8', 'm6']	[0, 3, 7]	[10, 2, 5]
87	2.75	0.125	0.25	['B-3', 'D4', 'B-4', 'D5']	['M3', 'P8', 'M10', 'm6']	[0, 4]	[10, 2]
88	1.0	1.0	1.0	['D4', 'F4', 'D5', 'F5']	['m3', 'P8', 'm10', 'M6']	[0, 3]	[2, 5]
88	2.0	0.5	1.0	['B-3', 'D4', 'B-4', 'D5']	['M3', 'P8', 'M10', 'm6']	[0, 4]	[10, 2]
89	1.0	1.0	1/3	['F3', 'C4', 'C5']	['P5', 'P12', 'P8']	[0, 5]	[0, 5]
89	4/3	0.0625	1/3	['F3', 'C4', 'A4', 'C5']	['P5', 'M10', 'P12', 'M6', 'P8', 'm3']	[0, 3, 7]	[5, 9, 0]
89	5/3	0.0625	1/3	['F3', 'C4', 'F4', 'C5']	['P5', 'P8', 'P12', 'P4']	[0, 5]	[0, 5]
89	2.0	0.5	1/3	['D3', 'B-3', 'D5']	['m6', 'P15', 'M10']	[0, 4]	[10, 2]
89	7/3	0.0625	1/6	['D3', 'B-3', 'F4', 'B-4', 'D5']	['m6', 'm10', 'm13', 'P15', 'P5', 'P8', 'M10', 'P4', 'M6', 'M3']	[0, 3, 7]	[10, 2, 5]
89	2.5	0.25	1/6	['D3', 'B-3', 'F4', 'B-4', 'E-5']	['m6', 'm10', 'm13', 'm16', 'P5', 'P8', 'P11', 'P4', 'm7']	[0, 2, 3, 7]	[10, 2, 3, 5]
89	8/3	0.0625	1/12	['D3', 'B-3', 'A4', 'C5', 'E-5']	['m6', 'P12', 'm14', 'm16', 'M7', 'M9', 'P11', 'm3', 'd5']	[0, 1, 3, 5, 6]	[9, 10, 0, 2, 3]
89	2.75	0.125	0.25	['F3', 'C4', 'A4', 'C5', 'E-5']	['P5', 'M10', 'P12', 'm14', 'M6', 'P8', 'm10', 'm3', 'd5']	[0, 2, 5, 8]	[9, 0, 3, 5]
90	1.0	1.0	1/3	['B-3', 'D4', 'D5']	['M3', 'M10', 'P8']	[0, 4]	[10, 2]
90	4/3	0.0625	1/3	['B-3', 'D4', 'B-4', 'D5']	['M3', 'P8', 'M10', 'm6']	[0, 4]	[10, 2]
90	5/3	0.0625	1/3	['B-3', 'D4', 'F4', 'D5']	['M3', 'P5', 'M10', 'm3', 'P8', 'M6']	[0, 3, 7]	[10, 2, 5]
90	2.0	0.5	1/3	['D3', 'F3', 'D5']	['m3', 'P15', 'M13']	[0, 3]	[2, 5]
90	7/3	0.0625	1/6	['D3', 'F3', 'F4', 'D5']	['m3', 'm10', 'P15', 'P8', 'M13', 'M6']	[0, 3]	[2, 5]
90	2.5	0.25	1/6	['D3', 'F3', 'F4', 'F5']	['m3', 'm10', 'm17', 'P8', 'P15']	[0, 3]	[2, 5]
90	8/3	0.0625	1/3	['D3', 'F3', 'D4', 'F5']	['m3', 'P8', 'm17', 'M6', 'P15', 'm10']	[0, 3]	[2, 5]
91	1.0	1.0	1/3	['D3', 'F3', 'A5']	['m3', 'P19', 'M17']	[0, 3, 7]	[2, 5, 9]
91	4/3	0.0625	1/3	['D3', 'F3', 'A4', 'A5']	['m3', 'P12', 'P19', 'M10', 'M17', 'P8']	[0, 3, 7]	[2, 5, 9]
91	5/3	0.0625	1/3	['D3', 'F3', 'F4', 'A5']	['m3', 'm10', 'P19', 'P8', 'M17', 'M10']	[0, 3, 7]	[2, 5, 9]
91	2.0	0.5	0.5	['F3', 'A3', 'A4', 'D5', 'A5']	['M3', 'M10', 'M13', 'M17', 'P8', 'P11', 'P15', 'P4', 'P5']	[0, 3, 7]	[2, 5, 9]
91	2.5	0.25	0.25	['F3', 'A3', 'A4', 'D5', 'G5']	['M3', 'M10', 'M13', 'M16', 'P8', 'P11', 'm14', 'P4', 'm7']	[0, 2, 4, 7]	[2, 5, 7, 9]
91	2.75	0.125	0.25	['A3', 'D4', 'A4', 'D5', 'F5', 'G5']	['P4', 'P8', 'P11', 'm13', 'm14', 'P5', 'm10', 'm6', 'm7', 'm3', 'M2']	[0, 2, 4, 7]	[2, 5, 7, 9]
92	1.0	1.0	1.0	['D4', 'F4', 'A4', 'F5', 'A5']	['m3', 'P5', 'm10', 'P12', 'M3', 'P8', 'M10', 'm6']	[0, 3, 7]	[2, 5, 9]
92	2.0	0.5	1/3	['G3', 'B-3', 'E4', 'E5']	['m3', 'M6', 'M13', 'A4', 'A11', 'P8']	[0, 3, 6]	[4, 7, 10]
92	7/3	0.0625	1/3	['G3', 'B-3', 'E4', 'E5', 'G5']	['m3', 'M6', 'M13', 'P15', 'A4', 'A11', 'P8', 'm10']	[0, 3, 6]	[4, 7, 10]
92	8/3	0.0625	1/3	['G3', 'B-3', 'E4', 'B-4', 'E5']	['m3', 'M6', 'm10', 'M13', 'A4', 'P8', 'A11', 'd5']	[0, 3, 6]	[4, 7, 10]
93	1.0	1.0	1/3	['A3', 'D4', 'F4', 'D5']	['P4', 'm6', 'P11', 'm3', 'P8', 'M6']	[0, 3, 7]	[2, 5, 9]
93	4/3	0.0625	1/3	['A3', 'D4', 'F4', 'D5', 'F5']	['P4', 'm6', 'P11', 'm13', 'm3', 'P8', 'm10', 'M6']	[0, 3, 7]	[2, 5, 9]
93	5/3	0.0625	1/3	['A3', 'D4', 'F4', 'A4', 'D5']	['P4', 'm6', 'P8', 'P11', 'm3', 'P5', 'M3', 'M6']	[0, 3, 7]	[2, 5, 9]
93	2.0	0.5	1/3	['A3', 'C#4', 'E4', 'C#5']	['M3', 'P5', 'M10', 'm3', 'P8', 'M6']	[0, 3, 7]	[9, 1, 4]
93	7/3	0.0625	1/6	['A3', 'C#4', 'E4', 'C#5', 'E5']	['M3', 'P5', 'M10', 'P12', 'm3', 'P8', 'm10', 'M6']	[0, 3, 7]	[9, 1, 4]
93	2.5	0.25	1/6	['A3', 'C#4', 'E4', 'C#5', 'E5']	['M3', 'P5', 'M10', 'P12', 'm3', 'P8', 'm10', 'M6']	[0, 3, 7]	[9, 1, 4]
93	8/3	0.0625	1/3	['A3', 'C#4', 'E4', 'A4', 'C#5']	['M3', 'P5', 'P8', 'M10', 'm3', 'm6', 'P4', 'M6']	[0, 3, 7]	[9, 1, 4]
94	1.0	1.0	1/3	['D3', 'A3', 'D4', 'D5']	['P5', 'P8', 'P15', 'P4', 'P11']	[0, 5]	[9, 2]
94	4/3	0.0625	1/3	['D3', 'A3', 'D4', 'A4', 'D5']	['P5', 'P8', 'P12', 'P15', 'P4', 'P11']	[0, 5]	[9, 2]
94	5/3	0.0625	1/3	['D3', 'A3', 'D4', 'F4', 'D5']	['P5', 'P8', 'm10', 'P15', 'P4', 'm6', 'P11', 'm3', 'M6']	[0, 3, 7]	[2, 5, 9]
94	2.0	0.5	1/3	['B-2', 'B-3']	['P8']	[0]	[10]
94	7/3	0.0625	1/6	['B-2', 'B-3', 'A-4', 'B-4', 'D5']	['P8', 'm14', 'P15', 'M17', 'm7', 'M10', 'M2', 'A4', 'M3']	[0, 2, 6]	[8, 10, 2]
94	2.5	0.25	1/6	['B-2', 'B-3', 'A-4', 'B-4', 'D5']	['P8', 'm14', 'P15', 'M17', 'm7', 'M10', 'M2', 'A4', 'M3']	[0, 2, 6]	[8, 10, 2]
94	8/3	0.0625	1/3	['B-2', 'B-3', 'F4', 'D5']	['P8', 'P12', 'M17', 'P5', 'M10', 'M6']	[0, 3, 7]	[10, 2, 5]
95	1.0	1.0	2.0	['E-2', 'E-3', 'E-4', 'G4', 'B-4', 'E-5']	['P8', 'P15', 'M17', 'P19', 'P22', 'M10', 'P12', 'M3', 'P5', 'm3', 'm6', 'P4']	[0, 3, 7]	[3, 7, 10]
95	1.0	1.0	1.0	['E-5']	[]	[0]	[3]
96	1.0	1.0	1.0	['E-2', 'E-3', 'E-4', 'G-4', 'B-4', 'E-5']	['P8', 'P15', 'm17', 'P19', 'P22', 'm10', 'P12', 'm3', 'P5', 'M3', 'M6', 'P4']	[0, 3, 7]	[3, 6, 10]
96	2.0	0.5	1.0	['E-2', 'E-3', 'E-4', 'G-4', 'B-4', 'E-5', 'G-5']	['P8', 'P15', 'm17', 'P19', 'P22', 'm24', 'm10', 'P12', 'm3', 'P5', 'M3', 'M6', 'P4', 'm6']	[0, 3, 7]	[3, 6, 10]
97	1.0	1.0	4.0	['F2', 'F3', 'C4', 'E-4', 'F4', 'A4', 'F5']	['P8', 'P12', 'm14', 'P15', 'M17', 'P22', 'P5', 'm7', 'M10', 'm3', 'P4', 'M6', 'P11', 'M2', 'A4', 'M9', 'M3', 'm6']	[0, 2, 5, 8]	[9, 0, 3, 5]
97	1.0	1.0	1.0	['F5']	[]	[0]	[5]
99	1.0	1.0	1/3	['B-1', 'B-2']	['P8']	[0]	[10]
99	4/3	0.0625	1/3	['B-1', 'B-2', 'D4', 'F4', 'B-4']	['P8', 'M17', 'P19', 'P22', 'M10', 'P12', 'P15', 'm3', 'm6', 'P4']	[0, 3, 7]	[10, 2, 5]
99	5/3	0.0625	1/3	['B-1', 'B-2', 'B-3']	['P8', 'P15']	[0]	[10]
99	2.0	0.5	1/3	['B-1', 'B-2']	['P8']	[0]	[10]
99	7/3	0.0625	1/3	['B-1', 'B-2', 'B-3', 'D4', 'F4']	['P8', 'P15', 'M17', 'P19', 'M10', 'P12', 'M3', 'P5', 'm3']	[0, 3, 7]	[10, 2, 5]
99	8/3	0.0625	1/3	['B-1', 'B-2', 'F3']	['P8', 'P12', 'P5']	[0, 5]	[5, 10]
100	1.0	1.0	1/3	['B-1', 'B-2']	['P8']	[0]	[10]
100	4/3	0.0625	1/3	['B-1', 'B-2', 'B-3', 'D4']	['P8', 'P15', 'M17', 'M10', 'M3']	[0, 4]	[10, 2]
100	5/3	0.0625	1/3	['B-1', 'B-2', 'F3']	['P8', 'P12', 'P5']	[0, 5]	[5, 10]
100	2.0	0.5	1/3	['B-1', 'B-2']	['P8']	[0]	[10]
100	7/3	0.0625	1/3	['B-1', 'B-2', 'F3', 'B-3']	['P8', 'P12', 'P15', 'P5', 'P4']	[0, 5]	[5, 10]
100	8/3	0.0625	1/3	['B-1', 'B-2', 'D3']	['P8', 'M10', 'M3']	[0, 4]	[10, 2]
101	1.0	1.0	1.0	['B-1', 'B-2', 'D3', 'F3', 'B-3']	['P8', 'M10', 'P12', 'P15', 'M3', 'P5', 'm3', 'm6', 'P4']	[0, 3, 7]	[10, 2, 5]
101	2.0	0.5	1.0				
102	1.0	1.0	1.0	['B-1', 'B-2', 'E-3', 'G-3', 'B-3']	['P8', 'P11', 'm13', 'P15', 'P4', 'm6', 'm3', 'P5', 'M3']	[0, 3, 7]	[3, 6, 10]
102	2.0	0.5	1.0				
103	1.0	1.0	2.0	['B-1', 'B-2', 'D3', 'F3', 'B-3']	['P8', 'M10', 'P12', 'P15', 'M3', 'P5', 'm3', 'm6', 'P4']	[0, 3, 7]	[10, 2, 5]
