1	1.0	1.0	1.0	['A4', 'A5']	['P8']	[0]	[9]
1	1.5	0.25	1.0	['A4', 'A5']	['P8']	[0]	[9]
1	2.0	0.5	1.0	['A4', 'A5']	['P8']	[0]	[9]
1	2.5	0.25	1.0	['A4', 'A5']	['P8']	[0]	[9]
2	1.0	1.0	1.0	['A4', 'A5']	['P8']	[0]	[9]
2	1.5	0.25	1.0	['A4', 'A5']	['P8']	[0]	[9]
2	2.0	0.5	1.0	['D4', 'A4', 'A5']	['P5', 'P12', 'P8']	[0, 5]	[9, 2]
2	2.5	0.25	1.0	['A3', 'A4', 'A5']	['P8', 'P15']	[0]	[9]
3	1.0	1.0	1.0	['D4', 'A4', 'A5']	['P5', 'P12', 'P8']	[0, 5]	[9, 2]
3	1.5	0.25	1.0	['E4', 'A4', 'A5']	['P4', 'P11', 'P8']	[0, 5]	[4, 9]
3	2.0	0.5	1.0	['F#4', 'A4', 'A5']	['m3', 'm10', 'P8']	[0, 3]	[6, 9]
3	2.5	0.25	1.0	['G4', 'A4', 'A5']	['M2', 'M9', 'P8']	[0, 2]	[7, 9]
4	1.0	1.0	2.0	['D2', 'A2', 'F#3', 'A4', 'D5', 'A5']	['P5', 'M10', 'P19', 'P22', 'P26', 'M6', 'P15', 'P18', 'm10', 'm13', 'm17', 'P4', 'P8']	[0, 3, 7]	[2, 6, 9]
4	2.0	0.5	1.0	['A3', 'A4', 'B4', 'B5']	['P8', 'M9', 'M16', 'M2']	[0, 2]	[9, 11]
4	2.5	0.25	0.5	['A3', 'A4', 'C#5', 'C#6']	['P8', 'M10', 'M17', 'M3']	[0, 4]	[9, 1]
4	2.75	0.125	0.5	['A3', 'A4', 'D5', 'D6']	['P8', 'P11', 'P18', 'P4']	[0, 5]	[9, 2]
5	1.0	1.0	1.0	['B3', 'A4', 'C#5', 'C#6']	['m7', 'M9', 'M16', 'M3', 'M10', 'P8']	[0, 2, 4]	[9, 11, 1]
5	1.5	0.25	1.0	['B3', 'A4', 'B4', 'B5']	['m7', 'P8', 'P15', 'M2', 'M9']	[0, 2]	[9, 11]
5	2.0	0.5	1.0	['C#4', 'A4', 'A5']	['m6', 'm13', 'P8']	[0, 4]	[9, 1]
5	2.5	0.25	1.0	['D4', 'F#4', 'A4', 'F#5']	['M3', 'P5', 'M10', 'm3', 'P8', 'M6']	[0, 3, 7]	[2, 6, 9]
6	1.0	1.0	2.0	['D3', 'A3', 'B3', 'G4', 'A4', 'D5', 'G5']	['P5', 'M6', 'P11', 'P12', 'P15', 'P18', 'M2', 'm7', 'P8', 'm14', 'm6', 'm10', 'm13', 'P4']	[0, 2, 4, 7]	[7, 9, 11, 2]
6	2.0	0.5	1.0	['D4', 'A4', 'A5']	['P5', 'P12', 'P8']	[0, 5]	[9, 2]
6	2.5	0.25	0.5	['A3', 'A4', 'B4', 'B5']	['P8', 'M9', 'M16', 'M2']	[0, 2]	[9, 11]
6	2.75	0.125	0.5	['A3', 'A4', 'C#5', 'C#6']	['P8', 'M10', 'M17', 'M3']	[0, 4]	[9, 1]
7	1.0	1.0	1.0	['B3', 'A4', 'B4', 'B5']	['m7', 'P8', 'P15', 'M2', 'M9']	[0, 2]	[9, 11]
7	1.5	0.25	1.0	['B3', 'A4', 'A5']	['m7', 'm14', 'P8']	[0, 2]	[9, 11]
7	2.0	0.5	1.0	['C#4', 'G4', 'A4', 'G5']	['d5', 'm6', 'd12', 'M2', 'P8', 'm7']	[0, 2, 6]	[7, 9, 1]
7	2.5	0.25	1.0	['C#4', 'E4', 'A4', 'E5']	['m3', 'm6', 'm10', 'P4', 'P8', 'P5']	[0, 3, 7]	[9, 1, 4]
8	1.0	1.0	1.0	['D3', 'D4', 'F#4', 'A4', 'F#5']	['P8', 'M10', 'P12', 'M17', 'M3', 'P5', 'm3', 'M6']	[0, 3, 7]	[2, 6, 9]
8	1.5	0.25	1.0	['A3', 'F#4', 'A4', 'F#5']	['M6', 'P8', 'M13', 'm3']	[0, 3]	[6, 9]
8	2.0	0.5	1.0	['B3', 'G4', 'A4', 'G5']	['m6', 'm7', 'm13', 'M2', 'P8']	[0, 2, 4]	[7, 9, 11]
8	2.5	0.25	0.5	['C#4', 'A4', 'A5']	['m6', 'm13', 'P8']	[0, 4]	[9, 1]
8	2.75	0.125	0.5	['C#4', 'A4', 'B4', 'B5']	['m6', 'm7', 'm14', 'M2', 'M9', 'P8']	[0, 2, 4]	[9, 11, 1]
9	1.0	1.0	0.5	['D4', 'A4', 'A5']	['P5', 'P12', 'P8']	[0, 5]	[9, 2]
9	1.25	0.125	0.5	['D4', 'A4', 'G5']	['P5', 'P11', 'm7']	[0, 2, 7]	[7, 9, 2]
9	1.5	0.25	0.5	['D4', 'A4', 'F#5']	['P5', 'M10', 'M6']	[0, 3, 7]	[2, 6, 9]
9	1.75	0.125	0.5	['D4', 'A4', 'E5']	['P5', 'M9']	[0, 2, 7]	[2, 4, 9]
9	2.0	0.5	0.5	['E4', 'A4', 'D5']	['P4', 'm7']	[0, 2, 7]	[2, 4, 9]
9	2.25	0.125	0.5	['E4', 'A4', 'C#5']	['P4', 'M6', 'M3']	[0, 3, 7]	[9, 1, 4]
9	2.5	0.25	0.5	['E4', 'A4', 'B4']	['P4', 'P5', 'M2']	[0, 2, 7]	[9, 11, 4]
9	2.75	0.125	0.5	['E4', 'A4']	['P4']	[0, 5]	[4, 9]
10	1.0	1.0	0.5	['F#4', 'D5']	['m6']	[0, 4]	[2, 6]
10	1.25	0.125	0.5	['F#4', 'C#5']	['P5']	[0, 5]	[1, 6]
10	1.5	0.25	0.5	['D4', 'B4']	['M6']	[0, 3]	[11, 2]
10	1.75	0.125	0.5	['D4', 'A4']	['P5']	[0, 5]	[9, 2]
10	2.0	0.5	0.5	['A3', 'G4']	['m7']	[0, 2]	[7, 9]
10	2.25	0.125	0.5	['A3', 'F#4']	['M6']	[0, 3]	[6, 9]
10	2.5	0.25	0.5	['F#3', 'E4']	['m7']	[0, 2]	[4, 6]
10	2.75	0.125	0.5	['F#3', 'D4']	['m6']	[0, 4]	[2, 6]
11	1.0	1.0	1.0	['D2', 'G#2', 'A2', 'D4', 'G4']	['A4', 'P5', 'P15', 'P18', 'm2', 'd12', 'd15', 'P11', 'm14', 'P4']	[0, 1, 2, 7]	[7, 8, 9, 2]
11	1.5	0.25	0.5	['D2', 'A2', 'B3', 'G4']	['P5', 'M13', 'P18', 'M9', 'm14', 'm6']	[0, 2, 4, 7]	[7, 9, 11, 2]
11	1.75	0.125	0.5	['D2', 'A2', 'G4']	['P5', 'P18', 'm14']	[0, 2, 7]	[7, 9, 2]
11	2.0	0.5	1.0	['D4', 'G4']	['P4']	[0, 5]	[2, 7]
11	2.5	0.25	0.5	['C#4', 'G4']	['d5']	[0, 6]	[1, 7]
11	2.75	0.125	0.5	['G4']	[]	[0]	[7]
12	1.0	1.0	0.5	['D4', 'F#4']	['M3']	[0, 4]	[2, 6]
12	1.25	0.125	0.5	['D4', 'G4']	['P4']	[0, 5]	[2, 7]
12	1.5	0.25	0.5	['A3', 'E4']	['P5']	[0, 5]	[4, 9]
12	1.75	0.125	0.5	['A3', 'F#4']	['M6']	[0, 3]	[6, 9]
12	2.0	0.5	1.0	['F#3', 'D4']	['m6']	[0, 4]	[2, 6]
12	2.5	0.25	1.0	['A3', 'F#4']	['M6']	[0, 3]	[6, 9]
13	1.0	1.0	1.0	['D3', 'G#3', 'A3', 'D4', 'G4']	['A4', 'P5', 'P8', 'P11', 'm2', 'd5', 'd8', 'P4', 'm7']	[0, 1, 2, 7]	[7, 8, 9, 2]
13	1.5	0.25	0.5	['D3', 'A3', 'B3', 'G4']	['P5', 'M6', 'P11', 'M2', 'm7', 'm6']	[0, 2, 4, 7]	[7, 9, 11, 2]
13	1.75	0.125	0.5	['D3', 'A3', 'G4']	['P5', 'P11', 'm7']	[0, 2, 7]	[7, 9, 2]
13	2.0	0.5	1.0	['D4', 'G4']	['P4']	[0, 5]	[2, 7]
13	2.5	0.25	0.5	['C#4', 'G4']	['d5']	[0, 6]	[1, 7]
13	2.75	0.125	0.5	['G4']	[]	[0]	[7]
14	1.0	1.0	0.5	['D3', 'A3', 'D4', 'F#4']	['P5', 'P8', 'M10', 'P4', 'M6', 'M3']	[0, 3, 7]	[2, 6, 9]
14	1.25	0.125	0.5	['D3', 'A3', 'D4', 'G4']	['P5', 'P8', 'P11', 'P4', 'm7']	[0, 2, 7]	[7, 9, 2]
14	1.5	0.25	0.5	['D3', 'A3', 'D4', 'A4']	['P5', 'P8', 'P12', 'P4']	[0, 5]	[9, 2]
14	1.75	0.125	0.5	['D3', 'A3', 'D4', 'B4']	['P5', 'P8', 'M13', 'P4', 'M9', 'M6']	[0, 2, 5]	[9, 11, 2]
14	2.0	0.5	1.0	['A3', 'C#5']	['M10']	[0, 4]	[9, 1]
14	2.5	0.25	1.0	['F#3', 'D5']	['m13']	[0, 4]	[2, 6]
15	1.0	1.0	1.0	['A2', 'G4', 'B4', 'D#5']	['m14', 'M16', 'A18', 'M3', 'A5']	[0, 2, 4, 8]	[7, 9, 11, 3]
15	1.5	0.25	0.5	['A3', 'D#5']	['A11']	[0, 6]	[3, 9]
15	1.75	0.125	0.5	['A3', 'E5']	['P12']	[0, 5]	[4, 9]
15	2.0	0.5	0.5	['D4', 'G4', 'A4', 'E5']	['P4', 'P5', 'M9', 'M2', 'M6']	[0, 2, 5, 7]	[2, 4, 7, 9]
15	2.25	0.125	0.5	['C#4', 'G4', 'A4', 'E5']	['d5', 'm6', 'm10', 'M2', 'M6', 'P5']	[0, 2, 5, 8]	[1, 4, 7, 9]
15	2.5	0.25	0.5	['B3', 'G4', 'A4', 'E5']	['m6', 'm7', 'P11', 'M2', 'M6', 'P5']	[0, 2, 4, 7]	[4, 7, 9, 11]
15	2.75	0.125	0.5	['A3', 'G4', 'A4', 'E5']	['m7', 'P8', 'P12', 'M2', 'M6', 'P5']	[0, 2, 5]	[4, 7, 9]
16	1.0	1.0	1.0	['A2', 'A4', 'D5', 'E#5']	['P15', 'P18', 'A19', 'P4', 'A5', 'A2']	[0, 3, 7]	[2, 5, 9]
16	1.5	0.25	0.5	['A3', 'E#5']	['A12']	[0, 4]	[5, 9]
16	1.75	0.125	0.5	['A3', 'F#5']	['M13']	[0, 3]	[6, 9]
16	2.0	0.5	0.5	['D4', 'B4', 'D5', 'F#5']	['M6', 'P8', 'M10', 'm3', 'P5', 'M3']	[0, 3, 7]	[11, 2, 6]
16	2.25	0.125	0.5	['C#4', 'B4', 'D5', 'F#5']	['m7', 'm9', 'P11', 'm3', 'P5', 'M3']	[0, 2, 3, 7]	[11, 1, 2, 6]
16	2.5	0.25	0.5	['B3', 'B4', 'D5', 'F#5']	['P8', 'm10', 'P12', 'm3', 'P5', 'M3']	[0, 3, 7]	[11, 2, 6]
16	2.75	0.125	0.5	['A#3', 'B4', 'D5', 'F#5']	['m9', 'd11', 'm13', 'm3', 'P5', 'M3']	[0, 1, 4, 8]	[10, 11, 2, 6]
17	1.0	1.0	0.5	['A2', 'B3', 'B4', 'D5', 'F#5']	['M9', 'M16', 'P18', 'M20', 'P8', 'm10', 'P12', 'm3', 'P5', 'M3']	[0, 3, 5, 8]	[6, 9, 11, 2]
17	1.25	0.125	0.5				
17	1.5	0.25	1.0	['G5']	[]	[0]	[7]
17	2.0	0.5	0.5	['A3', 'F4', 'B4', 'G5']	['m6', 'M9', 'm14', 'A4']	[0, 2, 4, 6]	[5, 7, 9, 11]
17	2.25	0.125	0.5	['A3', 'F4', 'B4']	['m6', 'M9', 'A4']	[0, 2, 6]	[5, 9, 11]
17	2.5	0.25	1.0	['A3', 'F4', 'B4', 'G#5']	['m6', 'M9', 'M14', 'A4', 'A9', 'M6']	[0, 2, 3, 6]	[5, 8, 9, 11]
18	1.0	1.0	0.5	['A3', 'E4', 'G4', 'A4', 'G#5']	['P5', 'm7', 'P8', 'M14', 'm3', 'P4', 'M10', 'M2', 'A8', 'M7']	[0, 1, 2, 5]	[4, 7, 8, 9]
18	1.25	0.125	0.5	['A3', 'E4', 'G4', 'A4', 'A5']	['P5', 'm7', 'P8', 'P15', 'm3', 'P4', 'P11', 'M2', 'M9']	[0, 2, 5]	[4, 7, 9]
18	1.5	0.25	0.5	['A3', 'E4', 'G4', 'A4', 'B5']	['P5', 'm7', 'P8', 'M16', 'm3', 'P4', 'P12', 'M2', 'M10', 'M9']	[0, 2, 4, 7]	[4, 7, 9, 11]
18	1.75	0.125	0.5	['A3', 'E4', 'G4', 'A4', 'C#6']	['P5', 'm7', 'P8', 'M17', 'm3', 'P4', 'M13', 'M2', 'A11', 'M10']	[0, 2, 5, 8]	[1, 4, 7, 9]
18	2.0	0.5	0.5	['A#3', 'E6']	['d19']	[0, 6]	[4, 10]
18	2.25	0.125	0.5	['B3', 'D6']	['m17']	[0, 3]	[11, 2]
18	2.5	0.25	0.5	['C#4', 'C#6']	['P15']	[0]	[1]
18	2.75	0.125	0.5	['D4', 'B5']	['M13']	[0, 3]	[11, 2]
19	1.0	1.0	1.0	['A3', 'C#4', 'A4', 'G5', 'A5', 'G6']	['M3', 'P8', 'm14', 'P15', 'm21', 'm6', 'd12', 'm13', 'd19', 'm7', 'M2']	[0, 2, 6]	[7, 9, 1]
19	1.5	0.25	1.0	['A3', 'C#4', 'A4', 'C#6']	['M3', 'P8', 'M17', 'm6', 'P15', 'M10']	[0, 4]	[9, 1]
19	2.0	0.5	0.5	['A3', 'B3', 'B5']	['M2', 'M16', 'P15']	[0, 2]	[9, 11]
19	2.25	0.125	0.5	['A3', 'C#4', 'B5']	['M3', 'M16', 'm14']	[0, 2, 4]	[9, 11, 1]
19	2.5	0.25	0.5	['A3', 'D4', 'A5']	['P4', 'P15', 'P12']	[0, 5]	[9, 2]
19	2.75	0.125	0.5	['A3', 'E4', 'A5']	['P5', 'P15', 'P11']	[0, 5]	[4, 9]
20	1.0	1.0	0.5	['A3', 'F#4', 'A4', 'A5', 'D6', 'A6']	['M6', 'P8', 'P15', 'P18', 'P22', 'm3', 'm10', 'm13', 'm17', 'P11', 'P4', 'P5']	[0, 3, 7]	[2, 6, 9]
20	1.25	0.125	0.5	['A4', 'A5', 'D6', 'A6']	['P8', 'P11', 'P15', 'P4', 'P5']	[0, 5]	[9, 2]
20	1.5	0.25	0.5	['A3', 'A4', 'A5', 'D6', 'A6']	['P8', 'P15', 'P18', 'P22', 'P11', 'P4', 'P5']	[0, 5]	[9, 2]
20	1.75	0.125	0.5	['B3', 'A4', 'G#6']	['m7', 'M20', 'M14']	[0, 1, 3]	[8, 9, 11]
20	2.0	0.5	0.5	['C#4', 'G6']	['d19']	[0, 6]	[1, 7]
20	2.25	0.125	0.5	['D4', 'F#6']	['M17']	[0, 4]	[2, 6]
20	2.5	0.25	0.5	['E4', 'E6']	['P15']	[0]	[4]
20	2.75	0.125	0.5	['F#4', 'D6']	['m13']	[0, 4]	[2, 6]
21	1.0	1.0	0.5	['G4', 'D#5', 'B5', 'D#6']	['A5', 'M10', 'A12', 'm6', 'P8', 'M3']	[0, 4, 8]	[3, 7, 11]
21	1.25	0.125	0.5	['D#5', 'E5', 'E6']	['m2', 'm9', 'P8']	[0, 1]	[3, 4]
21	1.5	0.25	0.5	['A3', 'E5', 'F#5', 'F#6']	['P12', 'M13', 'M20', 'M2', 'M9', 'P8']	[0, 2, 5]	[4, 6, 9]
21	1.75	0.125	0.5	['A3', 'E5', 'E6']	['P12', 'P19', 'P8']	[0, 5]	[4, 9]
21	2.0	0.5	0.5	['A3', 'D5', 'D6']	['P11', 'P18', 'P8']	[0, 5]	[9, 2]
21	2.25	0.125	0.5	['A3', 'C#5', 'C#6']	['M10', 'M17', 'P8']	[0, 4]	[9, 1]
21	2.5	0.25	0.5	['A3', 'B3', 'B4', 'B5']	['M2', 'M9', 'M16', 'P8', 'P15']	[0, 2]	[9, 11]
21	2.75	0.125	0.5	['A3', 'C#4', 'A4', 'A5']	['M3', 'P8', 'P15', 'm6', 'm13']	[0, 4]	[9, 1]
22	1.0	1.0	0.5	['A3', 'D4', 'D5', 'F#5', 'D6']	['P4', 'P11', 'M13', 'P18', 'P8', 'M10', 'P15', 'M3', 'm6']	[0, 3, 7]	[2, 6, 9]
22	1.25	0.125	0.5	['A3', 'E4', 'D5', 'F#5', 'D6']	['P5', 'P11', 'M13', 'P18', 'm7', 'M9', 'm14', 'M3', 'P8', 'm6']	[0, 2, 4, 7]	[2, 4, 6, 9]
22	1.5	0.25	0.5	['A3', 'F#4', 'D5', 'F#5', 'D6']	['M6', 'P11', 'M13', 'P18', 'm6', 'P8', 'm13', 'M3']	[0, 3, 7]	[2, 6, 9]
22	1.75	0.125	0.5	['A3', 'G4', 'D5', 'C#6']	['m7', 'P11', 'M17', 'P5', 'A11', 'M7']	[0, 1, 5, 7]	[7, 9, 1, 2]
22	2.0	0.5	0.5	['A4', 'B5']	['M9']	[0, 2]	[9, 11]
22	2.25	0.125	0.5	['B4', 'A5']	['m7']	[0, 2]	[9, 11]
22	2.5	0.25	0.5	['C#5', 'G5']	['d5']	[0, 6]	[1, 7]
22	2.75	0.125	0.5	['D5', 'F#5']	['M3']	[0, 4]	[2, 6]
23	1.0	1.0	0.5	['G2', 'D3', 'B3', 'D5', 'B5', 'D6']	['P5', 'M10', 'P19', 'M24', 'P26', 'M6', 'P15', 'M20', 'P22', 'm10', 'm17', 'P8', 'm3']	[0, 3, 7]	[7, 11, 2]
23	1.25	0.125	0.5				
23	1.5	0.25	0.5	['D4', 'B4', 'C#6']	['M6', 'M14', 'M9']	[0, 1, 3]	[11, 1, 2]
23	1.75	0.125	0.5	['D4', 'B4', 'D6']	['M6', 'P15', 'm10']	[0, 3]	[11, 2]
23	2.0	0.5	0.5	['D4', 'B4', 'B5']	['M6', 'M13', 'P8']	[0, 3]	[11, 2]
23	2.25	0.125	0.5	['D4', 'B4']	['M6']	[0, 3]	[11, 2]
23	2.5	0.25	0.5	['D#4', 'A#4', 'A#5']	['P5', 'P12', 'P8']	[0, 5]	[10, 3]
23	2.75	0.125	0.5	['D#4', 'B4', 'B5']	['m6', 'm13', 'P8']	[0, 4]	[11, 3]
24	1.0	1.0	0.5	['E4', 'G4', 'G5']	['m3', 'm10', 'P8']	[0, 3]	[4, 7]
24	1.25	0.125	0.5	['E4', 'G4']	['m3']	[0, 3]	[4, 7]
24	1.5	0.25	0.5	['F#4', 'B4', 'F#5']	['P4', 'P8', 'P5']	[0, 5]	[6, 11]
24	1.75	0.125	0.5	['F#4', 'B4', 'G5']	['P4', 'm9', 'm6']	[0, 1, 5]	[6, 7, 11]
24	2.0	0.5	0.5	['G4', 'E5', 'G5']	['M6', 'P8', 'm3']	[0, 3]	[4, 7]
24	2.25	0.125	0.5	['G4', 'E5', 'G5']	['M6', 'P8', 'm3']	[0, 3]	[4, 7]
24	2.5	0.25	0.5	['A4', 'D#5', 'E5', 'G5']	['A4', 'P5', 'm7', 'm2', 'd4', 'm3']	[0, 1, 4, 6]	[3, 4, 7, 9]
24	2.75	0.125	0.5	['G4', 'D5', 'E5', 'F#5']	['P5', 'M6', 'M7', 'M2', 'M3']	[0, 1, 3, 5]	[2, 4, 6, 7]
25	1.0	1.0	0.5	['A3', 'E4', 'G4', 'C#5', 'E5']	['P5', 'm7', 'M10', 'P12', 'm3', 'M6', 'P8', 'A4']	[0, 2, 5, 8]	[1, 4, 7, 9]
25	1.25	0.125	0.5	['A3', 'E4', 'G4', 'C#5', 'E5', 'B5']	['P5', 'm7', 'M10', 'P12', 'M16', 'm3', 'M6', 'P8', 'A4']	[0, 2, 4, 6, 9]	[7, 9, 11, 1, 4]
25	1.5	0.25	1.0	['A3', 'E4', 'G4', 'C#5', 'E5', 'B5']	['P5', 'm7', 'M10', 'P12', 'M16', 'm3', 'M6', 'P8', 'A4']	[0, 2, 4, 6, 9]	[7, 9, 11, 1, 4]
25	2.0	0.5	0.5	['A3', 'E4', 'G4', 'B5']	['P5', 'm7', 'M16', 'm3', 'P12', 'M10']	[0, 2, 4, 7]	[4, 7, 9, 11]
25	2.25	0.125	0.5				
25	2.5	0.25	0.5	['A3', 'F#4', 'A4', 'D5']	['M6', 'P8', 'P11', 'm3', 'm6', 'P4']	[0, 3, 7]	[2, 6, 9]
25	2.75	0.125	0.5	['B5']	[]	[0]	[11]
26	1.0	1.0	0.5	['B5']	[]	[0]	[11]
26	1.25	0.125	0.5				
26	1.5	0.25	0.5	['A3', 'F#4', 'A4', 'D#5']	['M6', 'P8', 'A11', 'm3', 'A4']	[0, 3, 6]	[3, 6, 9]
26	1.75	0.125	0.5	['B5']	[]	[0]	[11]
26	2.0	0.5	0.5	['B5']	[]	[0]	[11]
26	2.25	0.125	0.5				
26	2.5	0.25	0.5	['A3', 'G4', 'B4', 'E5']	['m7', 'M9', 'P12', 'M3', 'M6', 'P4']	[0, 2, 4, 7]	[4, 7, 9, 11]
26	2.75	0.125	0.5	['B5']	[]	[0]	[11]
27	1.0	1.0	1.0	['B5']	[]	[0]	[11]
27	1.5	0.25	0.5	['E4', 'G4', 'A4', 'B5']	['m3', 'P4', 'P12', 'M2', 'M10', 'M9']	[0, 2, 4, 7]	[4, 7, 9, 11]
27	1.75	0.125	0.5	['A3', 'A4', 'B5']	['P8', 'M16', 'M9']	[0, 2]	[9, 11]
27	2.0	0.5	0.5	['A3', 'A4', 'B5']	['P8', 'M16', 'M9']	[0, 2]	[9, 11]
27	2.25	0.125	0.5	['A#5']	[]	[0]	[10]
27	2.5	0.25	0.5	['C#5', 'G5', 'B5']	['d5', 'm7', 'M3']	[0, 2, 6]	[7, 11, 1]
27	2.75	0.125	0.5	['D5', 'A#5']	['A5']	[0, 4]	[10, 2]
28	1.0	1.0	0.5	['C#5', 'G5', 'B5']	['d5', 'm7', 'M3']	[0, 2, 6]	[7, 11, 1]
28	1.25	0.125	0.5	['D5', 'A#5']	['A5']	[0, 4]	[10, 2]
28	1.5	0.25	0.5	['C#5', 'G5', 'B5']	['d5', 'm7', 'M3']	[0, 2, 6]	[7, 11, 1]
28	1.75	0.125	0.5	['D5', 'A#5']	['A5']	[0, 4]	[10, 2]
28	2.0	0.5	0.5	['C#5', 'G5', 'B5']	['d5', 'm7', 'M3']	[0, 2, 6]	[7, 11, 1]
28	2.25	0.125	0.5	['D5', 'A5']	['P5']	[0, 5]	[9, 2]
28	2.5	0.25	0.3333333333333333	['C#5', 'G5', 'B5']	['d5', 'm7', 'M3']	[0, 2, 6]	[7, 11, 1]
28	267/100	0.0625	0.16666666666666666	['C#5', 'A5']	['m6']	[0, 4]	[9, 1]
28	2.75	0.125	0.16666666666666666	['D5', 'A5']	['P5']	[0, 5]	[9, 2]
28	283/100	0.0625	0.3333333333333333	['D5', 'B5']	['M6']	[0, 3]	[11, 2]
29	1.0	1.0	0.5	['C#5', 'E5', 'G5', 'A5']	['m3', 'd5', 'm6', 'P4', 'M2']	[0, 2, 5, 8]	[1, 4, 7, 9]
29	1.25	0.125	0.5	['A5']	[]	[0]	[9]
29	1.5	0.25	1.0	['B5']	[]	[0]	[11]
29	2.0	0.5	0.5	['A4', 'A5']	['P8']	[0]	[9]
29	2.25	0.125	0.5	['A5']	[]	[0]	[9]
29	2.5	0.25	0.5	['A4', 'B5']	['M9']	[0, 2]	[9, 11]
29	2.75	0.125	0.5	['A4', 'B5']	['M9']	[0, 2]	[9, 11]
30	1.0	1.0	1.0	['A4', 'A5']	['P8']	[0]	[9]
30	1.5	0.25	1.0	['A4', 'B5']	['M9']	[0, 2]	[9, 11]
30	2.0	0.5	0.5	['D4', 'A4', 'D5', 'A5']	['P5', 'P8', 'P12', 'P4']	[0, 5]	[9, 2]
30	2.25	0.125	0.5	['D4', 'A4', 'B5']	['P5', 'M13', 'M9']	[0, 2, 5]	[9, 11, 2]
30	2.5	0.25	0.5	['A3', 'A4', 'A5']	['P8', 'P15']	[0]	[9]
30	2.75	0.125	0.5	['A3', 'A4', 'B5']	['P8', 'M16', 'M9']	[0, 2]	[9, 11]
31	1.0	1.0	0.5	['D4', 'D5', 'A5']	['P8', 'P12', 'P5']	[0, 5]	[9, 2]
31	1.25	0.125	0.5	['D4', 'B5']	['M13']	[0, 3]	[11, 2]
31	1.5	0.25	0.5	['E4', 'E5', 'A5']	['P8', 'P11', 'P4']	[0, 5]	[4, 9]
31	1.75	0.125	0.5	['E4', 'B5']	['P12']	[0, 5]	[11, 4]
31	2.0	0.5	0.5	['D3', 'F#4', 'F#5', 'A5']	['M10', 'M17', 'P19', 'P8', 'm10', 'm3']	[0, 3, 7]	[2, 6, 9]
31	2.25	0.125	0.5	['F#4', 'B5']	['P11']	[0, 5]	[6, 11]
31	2.5	0.25	0.5	['A2', 'G4', 'G5', 'A5']	['m14', 'm21', 'P22', 'P8', 'M9', 'M2']	[0, 2]	[7, 9]
31	2.75	0.125	0.5	['G4', 'B5']	['M10']	[0, 4]	[7, 11]
32	1.0	1.0	0.5	['D2', 'A2', 'D3', 'A4', 'D5', 'A5']	['P5', 'P8', 'P19', 'P22', 'P26', 'P4', 'P15', 'P18', 'P12']	[0, 5]	[9, 2]
32	1.25	0.125	0.5	['A4', 'D5', 'A5']	['P4', 'P8', 'P5']	[0, 5]	[9, 2]
32	1.5	0.25	0.5	['E3', 'A4', 'D5', 'A5']	['P11', 'm14', 'P18', 'P4', 'P8', 'P5']	[0, 2, 7]	[2, 4, 9]
32	1.75	0.125	0.5	['A4', 'D5', 'A5']	['P4', 'P8', 'P5']	[0, 5]	[9, 2]
32	2.0	0.5	0.5	['F#3', 'B4', 'B5']	['P11', 'P18', 'P8']	[0, 5]	[6, 11]
32	2.25	0.125	0.5	['B4', 'B5']	['P8']	[0]	[11]
32	2.5	0.25	0.5	['G3', 'C#5', 'C#6']	['A11', 'A18', 'P8']	[0, 6]	[1, 7]
32	2.75	0.125	0.5	['D5', 'D6']	['P8']	[0]	[2]
33	1.0	1.0	1.0	['A3', 'C#5', 'C#6']	['M10', 'M17', 'P8']	[0, 4]	[9, 1]
33	1.5	0.25	1.0	['A3', 'B4', 'B5']	['M9', 'M16', 'P8']	[0, 2]	[9, 11]
33	2.0	0.5	1.0	['B3', 'A4', 'A5']	['m7', 'm14', 'P8']	[0, 2]	[9, 11]
33	2.5	0.25	0.5	['C#4', 'F#4', 'F#5']	['P4', 'P11', 'P8']	[0, 5]	[1, 6]
33	2.75	0.125	0.5	['D4', 'F#4', 'F#5']	['M3', 'M10', 'P8']	[0, 4]	[2, 6]
34	1.0	1.0	1.0	['D3', 'C#4', 'G4', 'A4', 'G5']	['M7', 'P11', 'P12', 'P18', 'd5', 'm6', 'd12', 'M2', 'P8', 'm7']	[0, 1, 5, 7]	[7, 9, 1, 2]
34	1.5	0.25	1.0	['B3', 'G4', 'A4', 'G5']	['m6', 'm7', 'm13', 'M2', 'P8']	[0, 2, 4]	[7, 9, 11]
34	2.0	0.5	1.0	['A3', 'A4', 'A5']	['P8', 'P15']	[0]	[9]
34	2.5	0.25	0.5	['F#3', 'B4', 'B5']	['P11', 'P18', 'P8']	[0, 5]	[6, 11]
34	2.75	0.125	0.5	['F#3', 'C#5', 'C#6']	['P12', 'P19', 'P8']	[0, 5]	[1, 6]
35	1.0	1.0	1.0	['G3', 'B4', 'B5']	['M10', 'M17', 'P8']	[0, 4]	[7, 11]
35	1.5	0.25	1.0	['G3', 'A4', 'A5']	['M9', 'M16', 'P8']	[0, 2]	[7, 9]
35	2.0	0.5	1.0	['A3', 'G4', 'G5']	['m7', 'm14', 'P8']	[0, 2]	[7, 9]
35	2.5	0.25	0.5	['B3', 'E4', 'E5']	['P4', 'P11', 'P8']	[0, 5]	[11, 4]
35	2.75	0.125	0.5	['C#4', 'E4', 'E5']	['m3', 'm10', 'P8']	[0, 3]	[1, 4]
36	1.0	1.0	1.0	['D3', 'B3', 'F#4', 'A4', 'F#5']	['M6', 'M10', 'P12', 'M17', 'P5', 'm7', 'm3', 'P8']	[0, 3, 5, 8]	[6, 9, 11, 2]
36	1.5	0.25	1.0	['A3', 'F#4', 'A4', 'F#5']	['M6', 'P8', 'M13', 'm3']	[0, 3]	[6, 9]
36	2.0	0.5	1.0	['G3', 'G4', 'G5']	['P8', 'P15']	[0]	[7]
36	2.5	0.25	0.5	['E3', 'A4', 'A5']	['P11', 'P18', 'P8']	[0, 5]	[4, 9]
36	2.75	0.125	0.5	['E3', 'B4', 'B5']	['P12', 'P19', 'P8']	[0, 5]	[11, 4]
37	1.0	1.0	0.5	['F#3', 'A4', 'A5']	['m10', 'm17', 'P8']	[0, 3]	[6, 9]
37	1.25	0.125	0.5	['F#3', 'A4', 'G5']	['m10', 'm16', 'm7']	[0, 1, 3]	[6, 7, 9]
37	1.5	0.25	0.5	['G3', 'A4', 'F#5']	['M9', 'M14', 'M6']	[0, 1, 3]	[6, 7, 9]
37	1.75	0.125	0.5	['G3', 'A4', 'E5']	['M9', 'M13', 'P5']	[0, 2, 5]	[4, 7, 9]
37	2.0	0.5	0.5	['D3', 'A3', 'A4', 'D5']	['P5', 'P12', 'P15', 'P8', 'P11', 'P4']	[0, 5]	[9, 2]
37	2.25	0.125	0.5	['D3', 'A3', 'A4', 'C#5']	['P5', 'P12', 'M14', 'P8', 'M10', 'M3']	[0, 1, 5]	[9, 1, 2]
37	2.5	0.25	0.5	['E3', 'A3', 'A4', 'B4']	['P4', 'P11', 'P12', 'P8', 'M9', 'M2']	[0, 2, 7]	[9, 11, 4]
37	2.75	0.125	0.5	['E3', 'A3', 'A4']	['P4', 'P11', 'P8']	[0, 5]	[4, 9]
38	1.0	1.0	0.5	['F#3', 'A3', 'A4', 'D5']	['m3', 'm10', 'm13', 'P8', 'P11', 'P4']	[0, 3, 7]	[2, 6, 9]
38	1.25	0.125	0.5	['F#3', 'A3', 'A4', 'C#5']	['m3', 'm10', 'P12', 'P8', 'M10', 'M3']	[0, 3, 7]	[6, 9, 1]
38	1.5	0.25	0.5	['F#3', 'A3', 'A4', 'B4']	['m3', 'm10', 'P11', 'P8', 'M9', 'M2']	[0, 2, 5]	[6, 9, 11]
38	1.75	0.125	0.5	['F#3', 'A3', 'A4']	['m3', 'm10', 'P8']	[0, 3]	[6, 9]
38	2.0	0.5	0.5	['D3', 'A3', 'G4', 'A4']	['P5', 'P11', 'P12', 'm7', 'P8', 'M2']	[0, 2, 7]	[7, 9, 2]
38	2.25	0.125	0.5	['D3', 'A3', 'F#4', 'A4']	['P5', 'M10', 'P12', 'M6', 'P8', 'm3']	[0, 3, 7]	[2, 6, 9]
38	2.5	0.25	0.5	['D3', 'A3', 'E4', 'A4']	['P5', 'M9', 'P12', 'P8', 'P4']	[0, 2, 7]	[2, 4, 9]
38	2.75	0.125	0.5	['D3', 'A3', 'D4', 'A4']	['P5', 'P8', 'P12', 'P4']	[0, 5]	[9, 2]
39	1.0	1.0	1.0	['D2', 'G#2', 'A2', 'D4', 'G4']	['A4', 'P5', 'P15', 'P18', 'm2', 'd12', 'd15', 'P11', 'm14', 'P4']	[0, 1, 2, 7]	[7, 8, 9, 2]
39	1.5	0.25	0.5	['D2', 'A2', 'B3', 'G4']	['P5', 'M13', 'P18', 'M9', 'm14', 'm6']	[0, 2, 4, 7]	[7, 9, 11, 2]
39	1.75	0.125	0.5	['D2', 'A2', 'G4']	['P5', 'P18', 'm14']	[0, 2, 7]	[7, 9, 2]
39	2.0	0.5	1.0	['D4', 'G4']	['P4']	[0, 5]	[2, 7]
39	2.5	0.25	0.5	['C#4', 'G4']	['d5']	[0, 6]	[1, 7]
39	2.75	0.125	0.5	['G4']	[]	[0]	[7]
40	1.0	1.0	0.5	['D4', 'F#4']	['M3']	[0, 4]	[2, 6]
40	1.25	0.125	0.5	['D4', 'G4']	['P4']	[0, 5]	[2, 7]
40	1.5	0.25	0.5	['A3', 'E4']	['P5']	[0, 5]	[4, 9]
40	1.75	0.125	0.5	['A3', 'F#4']	['M6']	[0, 3]	[6, 9]
40	2.0	0.5	1.0	['F#3', 'D4']	['m6']	[0, 4]	[2, 6]
40	2.5	0.25	1.0	['A3', 'F#4']	['M6']	[0, 3]	[6, 9]
41	1.0	1.0	1.0	['D3', 'G#3', 'A3', 'D4', 'G4']	['A4', 'P5', 'P8', 'P11', 'm2', 'd5', 'd8', 'P4', 'm7']	[0, 1, 2, 7]	[7, 8, 9, 2]
41	1.5	0.25	0.5	['D3', 'A3', 'B3', 'G4']	['P5', 'M6', 'P11', 'M2', 'm7', 'm6']	[0, 2, 4, 7]	[7, 9, 11, 2]
41	1.75	0.125	0.5	['D3', 'A3', 'G4']	['P5', 'P11', 'm7']	[0, 2, 7]	[7, 9, 2]
41	2.0	0.5	1.0	['D4', 'G4']	['P4']	[0, 5]	[2, 7]
41	2.5	0.25	0.5	['C#4', 'G4']	['d5']	[0, 6]	[1, 7]
41	2.75	0.125	0.5	['G4']	[]	[0]	[7]
42	1.0	1.0	0.5	['D3', 'A3', 'D4', 'F#4']	['P5', 'P8', 'M10', 'P4', 'M6', 'M3']	[0, 3, 7]	[2, 6, 9]
42	1.25	0.125	0.5	['D3', 'A3', 'D4', 'G4']	['P5', 'P8', 'P11', 'P4', 'm7']	[0, 2, 7]	[7, 9, 2]
42	1.5	0.25	0.5	['D3', 'A3', 'D4', 'A4']	['P5', 'P8', 'P12', 'P4']	[0, 5]	[9, 2]
42	1.75	0.125	0.5	['D3', 'A3', 'D4', 'B4']	['P5', 'P8', 'M13', 'P4', 'M9', 'M6']	[0, 2, 5]	[9, 11, 2]
42	2.0	0.5	1.0	['A3', 'C#5']	['M10']	[0, 4]	[9, 1]
42	2.5	0.25	1.0	['F#3', 'D5']	['m13']	[0, 4]	[2, 6]
43	1.0	1.0	1.0	['A2', 'G4', 'B4', 'D#5']	['m14', 'M16', 'A18', 'M3', 'A5']	[0, 2, 4, 8]	[7, 9, 11, 3]
43	1.5	0.25	0.5	['A3', 'D#5']	['A11']	[0, 6]	[3, 9]
43	1.75	0.125	0.5	['A3', 'E5']	['P12']	[0, 5]	[4, 9]
43	2.0	0.5	0.5	['D4', 'G4', 'A4', 'E5']	['P4', 'P5', 'M9', 'M2', 'M6']	[0, 2, 5, 7]	[2, 4, 7, 9]
43	2.25	0.125	0.5	['C#4', 'G4', 'A4', 'E5']	['d5', 'm6', 'm10', 'M2', 'M6', 'P5']	[0, 2, 5, 8]	[1, 4, 7, 9]
43	2.5	0.25	0.5	['B3', 'G4', 'A4', 'E5']	['m6', 'm7', 'P11', 'M2', 'M6', 'P5']	[0, 2, 4, 7]	[4, 7, 9, 11]
43	2.75	0.125	0.5	['A3', 'G4', 'A4', 'E5']	['m7', 'P8', 'P12', 'M2', 'M6', 'P5']	[0, 2, 5]	[4, 7, 9]
44	1.0	1.0	1.0	['A2', 'A4', 'D5', 'E#5']	['P15', 'P18', 'A19', 'P4', 'A5', 'A2']	[0, 3, 7]	[2, 5, 9]
44	1.5	0.25	0.5	['A3', 'E#5']	['A12']	[0, 4]	[5, 9]
44	1.75	0.125	0.5	['A3', 'F#5']	['M13']	[0, 3]	[6, 9]
44	2.0	0.5	0.5	['D4', 'B4', 'D5', 'F#5']	['M6', 'P8', 'M10', 'm3', 'P5', 'M3']	[0, 3, 7]	[11, 2, 6]
44	2.25	0.125	0.5	['C#4', 'B4', 'D5', 'F#5']	['m7', 'm9', 'P11', 'm3', 'P5', 'M3']	[0, 2, 3, 7]	[11, 1, 2, 6]
44	2.5	0.25	0.5	['B3', 'B4', 'D5', 'F#5']	['P8', 'm10', 'P12', 'm3', 'P5', 'M3']	[0, 3, 7]	[11, 2, 6]
44	2.75	0.125	0.5	['A#3', 'B4', 'D5', 'F#5']	['m9', 'd11', 'm13', 'm3', 'P5', 'M3']	[0, 1, 4, 8]	[10, 11, 2, 6]
45	1.0	1.0	0.5	['A2', 'B3', 'B4', 'D5', 'F#5']	['M9', 'M16', 'P18', 'M20', 'P8', 'm10', 'P12', 'm3', 'P5', 'M3']	[0, 3, 5, 8]	[6, 9, 11, 2]
45	1.25	0.125	0.5				
45	1.5	0.25	1.0	['G5']	[]	[0]	[7]
45	2.0	0.5	0.5	['A3', 'F4', 'B4', 'G5']	['m6', 'M9', 'm14', 'A4']	[0, 2, 4, 6]	[5, 7, 9, 11]
45	2.25	0.125	0.5	['A3', 'F4', 'B4']	['m6', 'M9', 'A4']	[0, 2, 6]	[5, 9, 11]
45	2.5	0.25	1.0	['A3', 'F4', 'B4', 'G#5']	['m6', 'M9', 'M14', 'A4', 'A9', 'M6']	[0, 2, 3, 6]	[5, 8, 9, 11]
46	1.0	1.0	0.5	['A3', 'E4', 'G4', 'A4', 'G#5']	['P5', 'm7', 'P8', 'M14', 'm3', 'P4', 'M10', 'M2', 'A8', 'M7']	[0, 1, 2, 5]	[4, 7, 8, 9]
46	1.25	0.125	0.5	['A3', 'E4', 'G4', 'A4', 'A5']	['P5', 'm7', 'P8', 'P15', 'm3', 'P4', 'P11', 'M2', 'M9']	[0, 2, 5]	[4, 7, 9]
46	1.5	0.25	0.5	['A3', 'E4', 'G4', 'A4', 'B5']	['P5', 'm7', 'P8', 'M16', 'm3', 'P4', 'P12', 'M2', 'M10', 'M9']	[0, 2, 4, 7]	[4, 7, 9, 11]
46	1.75	0.125	0.5	['A3', 'E4', 'G4', 'A4', 'C#6']	['P5', 'm7', 'P8', 'M17', 'm3', 'P4', 'M13', 'M2', 'A11', 'M10']	[0, 2, 5, 8]	[1, 4, 7, 9]
46	2.0	0.5	0.5	['A#3', 'E6']	['d19']	[0, 6]	[4, 10]
46	2.25	0.125	0.5	['B3', 'D6']	['m17']	[0, 3]	[11, 2]
46	2.5	0.25	0.5	['C#4', 'A4', 'C#6']	['m6', 'P15', 'M10']	[0, 4]	[9, 1]
46	2.75	0.125	0.5	['D4', 'A4', 'B5']	['P5', 'M13', 'M9']	[0, 2, 5]	[9, 11, 2]
47	1.0	1.0	1.0	['A3', 'C#4', 'A4', 'G5', 'A5', 'G6']	['M3', 'P8', 'm14', 'P15', 'm21', 'm6', 'd12', 'm13', 'd19', 'm7', 'M2']	[0, 2, 6]	[7, 9, 1]
47	1.5	0.25	1.0	['A3', 'C#4', 'A4', 'G5', 'C#6']	['M3', 'P8', 'm14', 'M17', 'm6', 'd12', 'P15', 'm7', 'M10', 'A4']	[0, 2, 6]	[7, 9, 1]
47	2.0	0.5	0.5	['A3', 'B3', 'B5']	['M2', 'M16', 'P15']	[0, 2]	[9, 11]
47	2.25	0.125	0.5	['A3', 'C#4', 'B5']	['M3', 'M16', 'm14']	[0, 2, 4]	[9, 11, 1]
47	2.5	0.25	0.5	['A3', 'D4', 'A4', 'A5']	['P4', 'P8', 'P15', 'P5', 'P12']	[0, 5]	[9, 2]
47	2.75	0.125	0.5	['A3', 'E4', 'A4', 'A5']	['P5', 'P8', 'P15', 'P4', 'P11']	[0, 5]	[4, 9]
48	1.0	1.0	0.5	['A3', 'F#4', 'A4', 'F#5', 'A5', 'D6', 'A6']	['M6', 'P8', 'M13', 'P15', 'P18', 'P22', 'm3', 'm10', 'm13', 'm17', 'P11', 'm6', 'P4', 'P5']	[0, 3, 7]	[2, 6, 9]
48	1.25	0.125	0.5	['A4', 'F#5', 'A5', 'D6', 'A6']	['M6', 'P8', 'P11', 'P15', 'm3', 'm6', 'm10', 'P4', 'P5']	[0, 3, 7]	[2, 6, 9]
48	1.5	0.25	0.5	['A3', 'A4', 'F#5', 'A5', 'D6', 'A6']	['P8', 'M13', 'P15', 'P18', 'P22', 'M6', 'P11', 'm3', 'm6', 'm10', 'P4', 'P5']	[0, 3, 7]	[2, 6, 9]
48	1.75	0.125	0.5	['B3', 'A4', 'F#5', 'G#6']	['m7', 'P12', 'M20', 'M6', 'M14', 'M9']	[0, 2, 3, 5]	[6, 8, 9, 11]
48	2.0	0.5	0.5	['C#4', 'G6']	['d19']	[0, 6]	[1, 7]
48	2.25	0.125	0.5	['D4', 'F#6']	['M17']	[0, 4]	[2, 6]
48	2.5	0.25	0.5	['E4', 'E6']	['P15']	[0]	[4]
48	2.75	0.125	0.5	['F#4', 'D6']	['m13']	[0, 4]	[2, 6]
49	1.0	1.0	0.5	['G4', 'D#5', 'B5', 'D#6']	['A5', 'M10', 'A12', 'm6', 'P8', 'M3']	[0, 4, 8]	[3, 7, 11]
49	1.25	0.125	0.5	['D#5', 'E5', 'E6']	['m2', 'm9', 'P8']	[0, 1]	[3, 4]
49	1.5	0.25	0.5	['A3', 'E5', 'F#5', 'F#6']	['P12', 'M13', 'M20', 'M2', 'M9', 'P8']	[0, 2, 5]	[4, 6, 9]
49	1.75	0.125	0.5	['A3', 'E5', 'E6']	['P12', 'P19', 'P8']	[0, 5]	[4, 9]
49	2.0	0.5	0.5	['A3', 'D5', 'D6']	['P11', 'P18', 'P8']	[0, 5]	[9, 2]
49	2.25	0.125	0.5	['A3', 'C#5', 'C#6']	['M10', 'M17', 'P8']	[0, 4]	[9, 1]
49	2.5	0.25	0.5	['A3', 'B3', 'B4', 'B5']	['M2', 'M9', 'M16', 'P8', 'P15']	[0, 2]	[9, 11]
49	2.75	0.125	0.5	['A3', 'C#4', 'A4', 'A5']	['M3', 'P8', 'P15', 'm6', 'm13']	[0, 4]	[9, 1]
50	1.0	1.0	0.5	['A3', 'D4', 'D5', 'F#5', 'D6']	['P4', 'P11', 'M13', 'P18', 'P8', 'M10', 'P15', 'M3', 'm6']	[0, 3, 7]	[2, 6, 9]
50	1.25	0.125	0.5	['A3', 'E4', 'D5', 'F#5', 'D6']	['P5', 'P11', 'M13', 'P18', 'm7', 'M9', 'm14', 'M3', 'P8', 'm6']	[0, 2, 4, 7]	[2, 4, 6, 9]
50	1.5	0.25	0.5	['A3', 'F#4', 'D5', 'F#5', 'D6']	['M6', 'P11', 'M13', 'P18', 'm6', 'P8', 'm13', 'M3']	[0, 3, 7]	[2, 6, 9]
50	1.75	0.125	0.5	['A3', 'G4', 'D5', 'C#6']	['m7', 'P11', 'M17', 'P5', 'A11', 'M7']	[0, 1, 5, 7]	[7, 9, 1, 2]
50	2.0	0.5	0.5	['A4', 'B5']	['M9']	[0, 2]	[9, 11]
50	2.25	0.125	0.5	['B4', 'A5']	['m7']	[0, 2]	[9, 11]
50	2.5	0.25	0.5	['C#5', 'G5']	['d5']	[0, 6]	[1, 7]
50	2.75	0.125	0.5	['D5', 'F#5']	['M3']	[0, 4]	[2, 6]
51	1.0	1.0	0.5	['G2', 'D3', 'B3', 'D5']	['P5', 'M10', 'P19', 'M6', 'P15', 'm10']	[0, 3, 7]	[7, 11, 2]
51	1.25	0.125	0.5	['G2', 'D3', 'B3', 'B5', 'D6']	['P5', 'M10', 'M24', 'P26', 'M6', 'M20', 'P22', 'P15', 'm17', 'm3']	[0, 3, 7]	[7, 11, 2]
51	1.5	0.25	1.0	['D5', 'B5', 'D6']	['M6', 'P8', 'm3']	[0, 3]	[11, 2]
51	2.0	0.5	1.0	['D5', 'B5', 'D6']	['M6', 'P8', 'm3']	[0, 3]	[11, 2]
51	2.5	0.25	0.5	['C#5', 'A#5', 'C#6']	['M6', 'P8', 'm3']	[0, 3]	[10, 1]
51	2.75	0.125	0.5	['D5', 'B5', 'D6']	['M6', 'P8', 'm3']	[0, 3]	[11, 2]
52	1.0	1.0	0.5	['B4', 'G5', 'B5']	['m6', 'P8', 'M3']	[0, 4]	[7, 11]
52	1.25	0.125	0.5	['B4']	[]	[0]	[11]
52	1.5	0.25	0.5	['D#4', 'A#4', 'F#5', 'A#5']	['P5', 'm10', 'P12', 'm6', 'P8', 'M3']	[0, 3, 7]	[3, 6, 10]
52	1.75	0.125	0.5	['D#4', 'B4', 'G5', 'B5']	['m6', 'd11', 'm13', 'P8', 'M3']	[0, 4, 8]	[3, 7, 11]
52	2.0	0.5	0.5	['E4', 'G4', 'B4', 'G5']	['m3', 'P5', 'm10', 'M3', 'P8', 'm6']	[0, 3, 7]	[4, 7, 11]
52	2.25	0.125	0.5	['E4', 'G4']	['m3']	[0, 3]	[4, 7]
52	2.5	0.25	0.5	['F#4', 'A#4', 'F#5']	['M3', 'P8', 'm6']	[0, 4]	[6, 10]
52	2.75	0.125	0.5	['F#4', 'G4', 'B4', 'G5']	['m2', 'P4', 'm9', 'M3', 'P8', 'm6']	[0, 1, 5]	[6, 7, 11]
53	1.0	1.0	0.5	['E4', 'G4', 'B4', 'E5']	['m3', 'P5', 'P8', 'M3', 'M6', 'P4']	[0, 3, 7]	[4, 7, 11]
53	1.25	0.125	0.5	['E4']	[]	[0]	[4]
53	1.5	0.25	0.5	['A4', 'D#5']	['A4']	[0, 6]	[3, 9]
53	1.75	0.125	0.5	['G4', 'E5']	['M6']	[0, 3]	[4, 7]
53	2.0	0.5	0.5	['A3', 'E4', 'G4', 'C#5', 'E5', 'G5']	['P5', 'm7', 'M10', 'P12', 'm14', 'm3', 'M6', 'P8', 'm10', 'A4', 'd5']	[0, 2, 5, 8]	[1, 4, 7, 9]
53	2.25	0.125	0.5	['E5', 'G5', 'B5']	['m3', 'P5', 'M3']	[0, 3, 7]	[4, 7, 11]
53	2.5	0.25	1.0	['A4', 'B5']	['M9']	[0, 2]	[9, 11]
54	1.0	1.0	0.5	['A4', 'B5']	['M9']	[0, 2]	[9, 11]
54	1.25	0.125	0.5	['A4']	[]	[0]	[9]
54	1.5	0.25	0.5	['A3', 'F#4', 'A4', 'D5']	['M6', 'P8', 'P11', 'm3', 'm6', 'P4']	[0, 3, 7]	[2, 6, 9]
54	1.75	0.125	0.5	['A4', 'B5']	['M9']	[0, 2]	[9, 11]
54	2.0	0.5	0.5	['B5']	[]	[0]	[11]
54	2.25	0.125	0.5				
54	2.5	0.25	0.5	['A3', 'F#4', 'D#5']	['M6', 'A11']	[0, 3, 6]	[3, 6, 9]
54	2.75	0.125	0.5	['B5']	[]	[0]	[11]
55	1.0	1.0	0.5	['B5']	[]	[0]	[11]
55	1.25	0.125	0.5				
55	1.5	0.25	0.5	['A3', 'G4', 'B4', 'E5']	['m7', 'M9', 'P12', 'M3', 'M6', 'P4']	[0, 2, 4, 7]	[4, 7, 9, 11]
55	1.75	0.125	0.5	['B5']	[]	[0]	[11]
55	2.0	0.5	2.0	['B5']	[]	[0]	[11]
56	1.0	1.0	0.5	['G#3', 'C#4', 'E#4', 'B4', 'D#5', 'E#5']	['P4', 'M6', 'm10', 'P12', 'M13', 'M3', 'm7', 'M9', 'M10', 'd5', 'P8', 'A4', 'M2']	[0, 2, 4, 6, 9]	[11, 1, 3, 5, 8]
56	1.25	0.125	0.5	['G#3', 'C#4', 'E#4', 'B5']	['P4', 'M6', 'm17', 'M3', 'm14', 'd12']	[0, 2, 5, 8]	[5, 8, 11, 1]
56	1.5	0.25	2.0	['G#3', 'C#4', 'E#4', 'B5']	['P4', 'M6', 'm17', 'M3', 'm14', 'd12']	[0, 2, 5, 8]	[5, 8, 11, 1]
56	2.5	0.25	0.5	['C#4', 'D#6']	['M16']	[0, 2]	[1, 3]
56	2.75	0.125	0.5	['C#4', 'C##6']	['A15']	[0, 1]	[1, 2]
57	1.0	1.0	0.5	['C#4', 'D#6']	['M16']	[0, 2]	[1, 3]
57	1.25	0.125	0.5	['C#4']	[]	[0]	[1]
57	1.5	0.25	0.5	['C#4', 'B5']	['m14']	[0, 2]	[11, 1]
57	1.75	0.125	0.5	['C#4', 'A#5']	['M13']	[0, 3]	[10, 1]
57	2.0	0.5	0.5	['C#4', 'B5']	['m14']	[0, 2]	[11, 1]
57	2.25	0.125	0.5	['D#4', 'B5']	['m13']	[0, 4]	[11, 3]
57	2.5	0.25	0.5	['E#4', 'B5']	['d12']	[0, 6]	[5, 11]
57	2.75	0.125	0.5	['F#4', 'B5']	['P11']	[0, 5]	[6, 11]
58	1.0	1.0	1.0	['C#3', 'G#4', 'B5']	['P12', 'm21', 'm10']	[0, 2, 5]	[8, 11, 1]
58	1.5	0.25	0.5	['G#3', 'E#5']	['M13']	[0, 3]	[5, 8]
58	1.75	0.125	0.5	['B3', 'E#5']	['A11']	[0, 6]	[5, 11]
58	2.0	0.5	1.0	['E#4', 'D#5']	['m7']	[0, 2]	[3, 5]
58	2.5	0.25	1.0	['C#5']	[]	[0]	[1]
59	1.0	1.0	1.0	['C#3', 'C#5', 'F#5', 'C#6']	['P15', 'P18', 'P22', 'P4', 'P8', 'P5']	[0, 5]	[1, 6]
59	1.5	0.25	0.5	['A#3', 'C#5', 'F#5', 'C#6']	['m10', 'm13', 'm17', 'P4', 'P8', 'P5']	[0, 3, 7]	[6, 10, 1]
59	1.75	0.125	0.5	['C#4', 'B#5']	['M14']	[0, 1]	[0, 1]
59	2.0	0.5	0.5	['F#4', 'B5']	['P11']	[0, 5]	[6, 11]
59	2.25	0.125	0.5	['F#4', 'A#5']	['M10']	[0, 4]	[6, 10]
59	2.5	0.25	0.5	['G#5']	[]	[0]	[8]
59	2.75	0.125	0.5	['F#5']	[]	[0]	[6]
60	1.0	1.0	0.5	['C#3', 'D5', 'F##5']	['m16', 'A18', 'A3']	[0, 1, 6]	[1, 2, 7]
60	1.25	0.125	0.5	['C#3', 'D5', 'G#5']	['m16', 'P19', 'A4']	[0, 1, 6]	[8, 1, 2]
60	1.5	0.25	0.5	['B3', 'D5', 'A#5']	['m10', 'M14', 'A5']	[0, 1, 4]	[10, 11, 2]
60	1.75	0.125	0.5	['D#4', 'D5', 'G#5']	['d8', 'P11', 'A4']	[0, 1, 6]	[2, 3, 8]
60	2.0	0.5	0.5	['B3', 'C#4', 'G#4', 'C#5', 'F#5']	['M2', 'M6', 'M9', 'P12', 'P5', 'P8', 'P11', 'P4', 'm7']	[0, 2, 5, 7]	[6, 8, 11, 1]
60	2.25	0.125	0.5	['B3', 'C#4', 'G#4', 'C#5', 'E#5']	['M2', 'M6', 'M9', 'A11', 'P5', 'P8', 'M10', 'P4', 'M3']	[0, 2, 5, 8]	[5, 8, 11, 1]
60	2.5	0.25	0.5	['C#5', 'D#5']	['M2']	[0, 2]	[1, 3]
60	2.75	0.125	0.5	['C#5']	[]	[0]	[1]
61	1.0	1.0	0.5	['C#3', 'C#5', 'F#5']	['P15', 'P18', 'P4']	[0, 5]	[1, 6]
61	1.25	0.125	0.5	['A#3', 'C#5', 'F#5']	['m10', 'm13', 'P4']	[0, 3, 7]	[6, 10, 1]
61	1.5	0.25	0.5	['C#4', 'C#5', 'F#5']	['P8', 'P11', 'P4']	[0, 5]	[1, 6]
61	1.75	0.125	0.5	['F#4', 'E#5']	['M7']	[0, 1]	[5, 6]
61	2.0	0.5	0.5	['D#5']	[]	[0]	[3]
61	2.25	0.125	0.5	['C#5']	[]	[0]	[1]
61	2.5	0.25	0.5	['B4']	[]	[0]	[11]
61	2.75	0.125	0.5	['A#4']	[]	[0]	[10]
62	1.0	1.0	1.0	['B2', 'F#3', 'D#5', 'F#5']	['P5', 'M17', 'P19', 'M13', 'P15', 'm3']	[0, 3, 7]	[11, 3, 6]
62	1.5	0.25	2.0	['F#4', 'D#5', 'F#5']	['M6', 'P8', 'm3']	[0, 3]	[3, 6]
62	2.5	0.25	0.5	['F#4', 'C##5', 'E#5']	['A5', 'M7', 'm3']	[0, 1, 4]	[2, 5, 6]
62	2.75	0.125	0.5	['F#4', 'D#5', 'F#5']	['M6', 'P8', 'm3']	[0, 3]	[3, 6]
63	1.0	1.0	1.0	['F#4', 'B4', 'D#5']	['P4', 'M6', 'M3']	[0, 3, 7]	[11, 3, 6]
63	1.5	0.25	0.5	['F#4', 'A#4', 'C##5']	['M3', 'A5']	[0, 4, 8]	[2, 6, 10]
63	1.75	0.125	0.5	['F#4', 'B4', 'D#5']	['P4', 'M6', 'M3']	[0, 3, 7]	[11, 3, 6]
63	2.0	0.5	1.0	['F#4', 'B4']	['P4']	[0, 5]	[6, 11]
63	2.5	0.25	0.5	['F#4', 'A#4']	['M3']	[0, 4]	[6, 10]
63	2.75	0.125	0.5	['F#4', 'B4']	['P4']	[0, 5]	[6, 11]
64	1.0	1.0	0.5	['B1', 'F#4']	['P19']	[0, 5]	[6, 11]
64	1.25	0.125	0.5	['B1', 'E4']	['P18']	[0, 5]	[11, 4]
64	1.5	0.25	0.5	['F#2', 'D#4']	['M13']	[0, 3]	[3, 6]
64	1.75	0.125	0.5	['F#2', 'C#4']	['P12']	[0, 5]	[1, 6]
64	2.0	0.5	0.5	['D#3', 'B3']	['m6']	[0, 4]	[11, 3]
64	2.25	0.125	0.5	['D#3', 'A#3']	['P5']	[0, 5]	[10, 3]
64	2.5	0.25	0.5	['F#2', 'B3']	['P11']	[0, 5]	[6, 11]
64	2.75	0.125	0.5	['F#2', 'G#3']	['M9']	[0, 2]	[6, 8]
65	1.0	1.0	1.0	['B1', 'F#3']	['P12']	[0, 5]	[6, 11]
65	1.5	0.25	1.0	['F#2', 'F#3']	['P8']	[0]	[6]
65	2.0	0.5	1.0	['D#3', 'B4']	['m13']	[0, 4]	[11, 3]
65	2.5	0.25	1.0	['F#2', 'F#4']	['P15']	[0]	[6]
66	1.0	1.0	1.0	['B1', 'B4']	['P22']	[0]	[11]
66	1.5	0.25	1.0	['F#2', 'C#5']	['P19']	[0, 5]	[1, 6]
66	2.0	0.5	1.0	['D#3', 'D#5']	['P15']	[0]	[3]
66	2.5	0.25	1.0	['F#2', 'E5']	['m21']	[0, 2]	[4, 6]
67	1.0	1.0	1.0	['B1', 'F#5']	['P26']	[0, 5]	[6, 11]
67	1.5	0.25	1.0	['F#2', 'F#5']	['P22']	[0]	[6]
67	2.0	0.5	1.0	['D#3', 'F#5', 'G#5']	['m17', 'P18', 'M2']	[0, 2, 5]	[3, 6, 8]
67	2.5	0.25	0.5	['F#2', 'F#5', 'A#5']	['P22', 'M24', 'M3']	[0, 4]	[6, 10]
67	2.75	0.125	0.5	['F#2', 'F#5', 'B5']	['P22', 'P25', 'P4']	[0, 5]	[6, 11]
68	1.0	1.0	1.0	['B1', 'F#5', 'A#5']	['P26', 'M28', 'M3']	[0, 1, 5]	[6, 10, 11]
68	1.5	0.25	1.0	['F#2', 'F#5', 'G#5']	['P22', 'M23', 'M2']	[0, 2]	[6, 8]
68	2.0	0.5	1.0	['D#3', 'F#5']	['m17']	[0, 3]	[3, 6]
68	2.5	0.25	1.0	['F#2', 'D#5', 'F#5']	['M20', 'P22', 'm3']	[0, 3]	[3, 6]
69	1.0	1.0	1.0	['B1', 'F#5']	['P26']	[0, 5]	[6, 11]
69	1.5	0.25	1.0	['F#2', 'F#5']	['P22']	[0]	[6]
69	2.0	0.5	0.5	['D#3', 'G#5']	['P18']	[0, 5]	[3, 8]
69	2.25	0.125	0.5	['D#3', 'A#5']	['P19']	[0, 5]	[10, 3]
69	2.5	0.25	0.5	['F#2', 'G#5']	['M23']	[0, 2]	[6, 8]
69	2.75	0.125	0.5	['F#2', 'A#5']	['M24']	[0, 4]	[6, 10]
70	1.0	1.0	0.5	['B1', 'F#5']	['P26']	[0, 5]	[6, 11]
70	1.25	0.125	0.5	['B1', 'G#5']	['M27']	[0, 3]	[8, 11]
70	1.5	0.25	0.5	['F#2', 'F#5']	['P22']	[0]	[6]
70	1.75	0.125	0.5	['F#2', 'G#5']	['M23']	[0, 2]	[6, 8]
70	2.0	0.5	0.5	['D#3', 'D#5']	['P15']	[0]	[3]
70	2.25	0.125	0.5	['D#3', 'E5']	['m16']	[0, 1]	[3, 4]
70	2.5	0.25	0.5	['F#2', 'D#5']	['M20']	[0, 3]	[3, 6]
70	2.75	0.125	0.5	['F#2', 'E5']	['m21']	[0, 2]	[4, 6]
71	1.0	1.0	1.0	['B1', 'F#5']	['P26']	[0, 5]	[6, 11]
71	1.5	0.25	0.5	['F#2', 'G#5']	['M23']	[0, 2]	[6, 8]
71	1.75	0.125	0.5	['F#2', 'A#5']	['M24']	[0, 4]	[6, 10]
71	2.0	0.5	0.5	['D#3', 'B4', 'B5', 'C#6']	['m13', 'm20', 'm21', 'P8', 'M9', 'M2']	[0, 2, 4]	[11, 1, 3]
71	2.25	0.125	0.5	['D#3', 'B4', 'A#5']	['m13', 'P19', 'M7']	[0, 1, 5]	[10, 11, 3]
71	2.5	0.25	0.5	['F#2', 'F#4', 'B5']	['P15', 'P25', 'P11']	[0, 5]	[6, 11]
71	2.75	0.125	0.5	['F#2', 'F#4', 'G#5']	['P15', 'M23', 'M9']	[0, 2]	[6, 8]
72	1.0	1.0	0.5	['B1', 'B4', 'F#5']	['P22', 'P26', 'P5']	[0, 5]	[6, 11]
72	1.25	0.125	0.5	['B1', 'B4', 'E5']	['P22', 'P25', 'P4']	[0, 5]	[11, 4]
72	1.5	0.25	0.5	['F#2', 'C#5', 'F#5']	['P19', 'P22', 'P4']	[0, 5]	[1, 6]
72	1.75	0.125	0.5	['F#2', 'C#5', 'D#5']	['P19', 'M20', 'M2']	[0, 2, 5]	[1, 3, 6]
72	2.0	0.5	0.5	['D#3', 'B4', 'D#5']	['m13', 'P15', 'M3']	[0, 4]	[11, 3]
72	2.25	0.125	0.5	['D#3', 'A#4', 'D#5']	['P12', 'P15', 'P4']	[0, 5]	[10, 3]
72	2.5	0.25	0.5	['F#2', 'B4', 'E5']	['P18', 'm21', 'P4']	[0, 2, 7]	[4, 6, 11]
72	2.75	0.125	0.5	['F#2', 'G#4', 'E5']	['M16', 'm21', 'm6']	[0, 2, 4]	[4, 6, 8]
73	1.0	1.0	0.5	['B1', 'F#4', 'F#5']	['P19', 'P26', 'P8']	[0, 5]	[6, 11]
73	1.25	0.125	0.5	['B1', 'E4', 'F#5']	['P18', 'P26', 'M9']	[0, 2, 7]	[4, 6, 11]
73	1.5	0.25	0.5	['F#2', 'F#4', 'F#5']	['P15', 'P22', 'P8']	[0]	[6]
73	1.75	0.125	0.5	['F#2', 'D#4', 'F#5']	['M13', 'P22', 'm10']	[0, 3]	[3, 6]
73	2.0	0.5	0.5	['D#3', 'B3', 'F#5']	['m6', 'm17', 'P12']	[0, 3, 7]	[11, 3, 6]
73	2.25	0.125	0.5	['D#3', 'C#4', 'F#5']	['m7', 'm17', 'P11']	[0, 2, 5]	[1, 3, 6]
73	2.5	0.25	0.5	['F#2', 'D#4', 'F#5']	['M13', 'P22', 'm10']	[0, 3]	[3, 6]
73	2.75	0.125	0.5	['F#2', 'G#3', 'F#5']	['M9', 'P22', 'm14']	[0, 2]	[6, 8]
74	1.0	1.0	0.5	['B1', 'F#3', 'F#5']	['P12', 'P26', 'P15']	[0, 5]	[6, 11]
74	1.25	0.125	0.5	['B1', 'G#3', 'F#5']	['M13', 'P26', 'm14']	[0, 2, 5]	[6, 8, 11]
74	1.5	0.25	0.5	['F#2', 'D#3', 'F#5']	['M6', 'P22', 'm17']	[0, 3]	[3, 6]
74	1.75	0.125	0.5	['F#2', 'E3', 'F#5']	['m7', 'P22', 'M16']	[0, 2]	[4, 6]
74	2.0	0.5	0.5	['D#3', 'F#3']	['m3']	[0, 3]	[3, 6]
74	2.25	0.125	0.5	['D#3', 'A#3']	['P5']	[0, 5]	[10, 3]
74	2.5	0.25	0.5	['F#2', 'B3']	['P11']	[0, 5]	[6, 11]
74	2.75	0.125	0.5	['F#2', 'D#4']	['M13']	[0, 3]	[3, 6]
75	1.0	1.0	1.0	['B1', 'F#2', 'E4', 'F#4']	['P5', 'P18', 'P19', 'm14', 'P15', 'M2']	[0, 2, 7]	[4, 6, 11]
75	1.5	0.25	0.5	['B1', 'F#2', 'F#3', 'F#4']	['P5', 'P12', 'P19', 'P8', 'P15']	[0, 5]	[6, 11]
75	1.75	0.125	0.5	['B1', 'F#2', 'F#4']	['P5', 'P19', 'P15']	[0, 5]	[6, 11]
75	2.0	0.5	1.0	['B1', 'F#2', 'E4', 'F#4']	['P5', 'P18', 'P19', 'm14', 'P15', 'M2']	[0, 2, 7]	[4, 6, 11]
75	2.5	0.25	0.5	['B1', 'F#2', 'F#3', 'F#4']	['P5', 'P12', 'P19', 'P8', 'P15']	[0, 5]	[6, 11]
75	2.75	0.125	0.5	['B1', 'F#2', 'F#4']	['P5', 'P19', 'P15']	[0, 5]	[6, 11]
76	1.0	1.0	1.5	['B1', 'F#2', 'E4', 'F#4']	['P5', 'P18', 'P19', 'm14', 'P15', 'M2']	[0, 2, 7]	[4, 6, 11]
76	1.75	0.125	0.5	['B1', 'F#2', 'D#4', 'F#4']	['P5', 'M17', 'P19', 'M13', 'P15', 'm3']	[0, 3, 7]	[11, 3, 6]
76	2.0	0.5	0.5	['B1', 'F#2', 'C#4', 'F#4']	['P5', 'M16', 'P19', 'P12', 'P15', 'P4']	[0, 2, 7]	[11, 1, 6]
76	2.25	0.125	0.5	['B1', 'F#2', 'B3', 'G#4']	['P5', 'P15', 'M20', 'P11', 'M16', 'M6']	[0, 2, 5]	[6, 8, 11]
76	2.5	0.25	0.5	['B1', 'F#2', 'A#3', 'A#4']	['P5', 'M14', 'M21', 'M10', 'M17', 'P8']	[0, 1, 5]	[6, 10, 11]
76	2.75	0.125	0.5	['B1', 'F#2', 'G#3', 'B4']	['P5', 'M13', 'P22', 'M9', 'P18', 'm10']	[0, 2, 5]	[6, 8, 11]
77	1.0	1.0	1.0	['F#3', 'E4', 'F#4', 'C#5']	['m7', 'P8', 'P12', 'M2', 'M6', 'P5']	[0, 2, 5]	[1, 4, 6]
77	1.5	0.25	1.0	['F#2', 'E4', 'F#4', 'C#5']	['m14', 'P15', 'P19', 'M2', 'M6', 'P5']	[0, 2, 5]	[1, 4, 6]
77	2.0	0.5	1.0	['G#2', 'E4', 'F#4', 'C#5']	['m13', 'm14', 'P18', 'M2', 'M6', 'P5']	[0, 2, 4, 7]	[1, 4, 6, 8]
77	2.5	0.25	1.0	['A#2', 'E4', 'F#4', 'C#5']	['d12', 'm13', 'm17', 'M2', 'M6', 'P5']	[0, 2, 5, 8]	[10, 1, 4, 6]
78	1.0	1.0	1.0	['B2', 'D#4', 'F#4', 'C#5']	['M10', 'P12', 'M16', 'm3', 'm7', 'P5']	[0, 2, 4, 7]	[11, 1, 3, 6]
78	1.5	0.25	0.5	['F#3', 'D#4', 'F#4', 'C#5']	['M6', 'P8', 'P12', 'm3', 'm7', 'P5']	[0, 2, 5]	[1, 3, 6]
78	1.75	0.125	0.5	['F#3', 'D#5']	['M13']	[0, 3]	[3, 6]
78	2.0	0.5	0.5	['B3', 'B4']	['P8']	[0]	[11]
78	2.25	0.125	0.5	['B3', 'F#4']	['P5']	[0, 5]	[6, 11]
78	2.5	0.25	0.5	['G#3', 'D#4']	['P5']	[0, 5]	[3, 8]
78	2.75	0.125	0.5	['G#3', 'E4']	['m6']	[0, 4]	[4, 8]
79	1.0	1.0	1.0	['B2', 'F#4', 'E5', 'F#5']	['P12', 'P18', 'P19', 'm7', 'P8', 'M2']	[0, 2, 7]	[4, 6, 11]
79	1.5	0.25	0.5	['B2', 'F#3', 'F#4', 'F#5']	['P5', 'P12', 'P19', 'P8', 'P15']	[0, 5]	[6, 11]
79	1.75	0.125	0.5	['B2', 'F#3', 'F#4', 'F#5']	['P5', 'P12', 'P19', 'P8', 'P15']	[0, 5]	[6, 11]
79	2.0	0.5	1.0	['B2', 'G#3', 'E5', 'F#5']	['M6', 'P18', 'P19', 'm13', 'm14', 'M2']	[0, 2, 4, 7]	[4, 6, 8, 11]
79	2.5	0.25	0.5	['B2', 'A#3', 'F#4', 'F#5']	['M7', 'P12', 'P19', 'm6', 'm13', 'P8']	[0, 1, 5]	[6, 10, 11]
79	2.75	0.125	0.5	['B2', 'A#3', 'F#4', 'F#5']	['M7', 'P12', 'P19', 'm6', 'm13', 'P8']	[0, 1, 5]	[6, 10, 11]
80	1.0	1.0	1.5	['B2', 'F#3', 'B3', 'F#4', 'E5', 'F#5']	['P5', 'P8', 'P12', 'P18', 'P19', 'P4', 'm14', 'P15', 'P11', 'm7', 'M2']	[0, 2, 7]	[4, 6, 11]
80	1.75	0.125	0.5	['B2', 'F#3', 'B3', 'G#4', 'D#5', 'F#5']	['P5', 'P8', 'M13', 'M17', 'P19', 'P4', 'M9', 'P15', 'M6', 'M10', 'P12', 'm7', 'm3']	[0, 3, 5, 8]	[3, 6, 8, 11]
80	2.0	0.5	0.5	['B2', 'G#3', 'B3', 'F#4', 'C#5']	['M6', 'P8', 'P12', 'M16', 'm3', 'm7', 'P11', 'P5', 'M9']	[0, 2, 5, 7]	[6, 8, 11, 1]
80	2.25	0.125	0.5	['B2', 'G#3', 'B3', 'F#4', 'B4']	['M6', 'P8', 'P12', 'P15', 'm3', 'm7', 'm10', 'P5', 'P4']	[0, 2, 5]	[6, 8, 11]
80	2.5	0.25	0.5	['B2', 'G#3', 'B3', 'F#4', 'A#4']	['M6', 'P8', 'P12', 'M14', 'm3', 'm7', 'M9', 'P5', 'M7', 'M3']	[0, 1, 3, 5]	[6, 8, 10, 11]
80	2.75	0.125	0.5	['B2', 'G#3', 'B3', 'F#4', 'G#4']	['M6', 'P8', 'P12', 'M13', 'm3', 'm7', 'P5', 'M2']	[0, 2, 5]	[6, 8, 11]
81	1.0	1.0	1.0	['A#2', 'F#3', 'F#4', 'C#5']	['m6', 'm13', 'm17', 'P8', 'P12', 'P5']	[0, 3, 7]	[6, 10, 1]
81	1.5	0.25	1.0	['A#2', 'F#3', 'F#4', 'C#5']	['m6', 'm13', 'm17', 'P8', 'P12', 'P5']	[0, 3, 7]	[6, 10, 1]
81	2.0	0.5	0.5	['B2', 'F#3', 'D#5']	['P5', 'M17', 'M13']	[0, 3, 7]	[11, 3, 6]
81	2.25	0.125	0.5	['B2', 'F#3', 'C#5']	['P5', 'M16', 'P12']	[0, 2, 7]	[11, 1, 6]
81	2.5	0.25	0.5	['B2', 'F#3', 'D#5']	['P5', 'M17', 'M13']	[0, 3, 7]	[11, 3, 6]
81	2.75	0.125	0.5	['B2', 'F#3', 'B4']	['P5', 'P15', 'P11']	[0, 5]	[6, 11]
82	1.0	1.0	1.0	['C#3', 'F#3', 'C#4', 'A#4']	['P4', 'P8', 'M13', 'P5', 'M10', 'M6']	[0, 3, 7]	[6, 10, 1]
82	1.5	0.25	0.5	['C#3', 'F#3', 'C#4', 'B4']	['P4', 'P8', 'm14', 'P5', 'P11', 'm7']	[0, 2, 7]	[11, 1, 6]
82	1.75	0.125	0.5	['C#3', 'F#3', 'C#4', 'C#5']	['P4', 'P8', 'P15', 'P5', 'P12']	[0, 5]	[1, 6]
82	2.0	0.5	0.5	['D#3', 'F#3', 'B3', 'B4']	['m3', 'm6', 'm13', 'P4', 'P11', 'P8']	[0, 3, 7]	[11, 3, 6]
82	2.25	0.125	0.5	['D#3', 'F#3', 'B3', 'A#4']	['m3', 'm6', 'P12', 'P4', 'M10', 'M7']	[0, 1, 5, 8]	[10, 11, 3, 6]
82	2.5	0.25	0.5	['D#3', 'G#3', 'B3', 'B4']	['P4', 'm6', 'm13', 'm3', 'm10', 'P8']	[0, 3, 7]	[8, 11, 3]
82	2.75	0.125	0.5	['D#3', 'G#3', 'B3', 'G#4']	['P4', 'm6', 'P11', 'm3', 'P8', 'M6']	[0, 3, 7]	[8, 11, 3]
83	1.0	1.0	1.0	['F#2', 'C#4', 'F#4']	['P12', 'P15', 'P4']	[0, 5]	[1, 6]
83	1.5	0.25	1.0	['C#3', 'C#4', 'F#4']	['P8', 'P11', 'P4']	[0, 5]	[1, 6]
83	2.0	0.5	0.5	['F#3', 'B3', 'D#4', 'F#4']	['P4', 'M6', 'P8', 'M3', 'P5', 'm3']	[0, 3, 7]	[11, 3, 6]
83	2.25	0.125	0.5	['F#3', 'E#4', 'F#4']	['M7', 'P8', 'm2']	[0, 1]	[5, 6]
83	2.5	0.25	0.5	['C#3', 'F#4']	['P11']	[0, 5]	[1, 6]
83	2.75	0.125	0.5	['C#3', 'F#4', 'G#4']	['P11', 'P12', 'M2']	[0, 2, 7]	[6, 8, 1]
84	1.0	1.0	1.0	['F#2', 'C#4', 'F#4']	['P12', 'P15', 'P4']	[0, 5]	[1, 6]
84	1.5	0.25	1.0	['C#3', 'C#4', 'F#4']	['P8', 'P11', 'P4']	[0, 5]	[1, 6]
84	2.0	0.5	0.5	['F#3', 'D#4', 'G#4']	['M6', 'M9', 'P4']	[0, 2, 5]	[3, 6, 8]
84	2.25	0.125	0.5	['F#3', 'A#4']	['M10']	[0, 4]	[6, 10]
84	2.5	0.25	0.5	['C#3', 'B4']	['m14']	[0, 2]	[11, 1]
84	2.75	0.125	0.5	['C#3', 'D#5']	['M16']	[0, 2]	[1, 3]
85	1.0	1.0	1.0	['F#2', 'F#4', 'C#5']	['P15', 'P19', 'P5']	[0, 5]	[1, 6]
85	1.5	0.25	1.0	['C#3', 'F#4', 'C#5']	['P11', 'P15', 'P5']	[0, 5]	[1, 6]
85	2.0	0.5	0.5	['A#3', 'C#4', 'C#5']	['m3', 'm10', 'P8']	[0, 3]	[10, 1]
85	2.25	0.125	0.5	['A#3', 'C#4', 'B4']	['m3', 'm9', 'm7']	[0, 1, 3]	[10, 11, 1]
85	2.5	0.25	0.5	['C#3', 'C#4', 'A#4']	['P8', 'M13', 'M6']	[0, 3]	[10, 1]
85	2.75	0.125	0.5	['C#3', 'C#4', 'B4']	['P8', 'm14', 'm7']	[0, 2]	[11, 1]
86	1.0	1.0	1.0	['F#2', 'F#4', 'C#5']	['P15', 'P19', 'P5']	[0, 5]	[1, 6]
86	1.5	0.25	1.0	['C#3', 'F#4', 'C#5']	['P11', 'P15', 'P5']	[0, 5]	[1, 6]
86	2.0	0.5	0.5	['A#3', 'C#4', 'C#5']	['m3', 'm10', 'P8']	[0, 3]	[10, 1]
86	2.25	0.125	0.5	['A#3', 'C#4', 'B4']	['m3', 'm9', 'm7']	[0, 1, 3]	[10, 11, 1]
86	2.5	0.25	0.5	['C#3', 'C#4', 'A#4']	['P8', 'M13', 'M6']	[0, 3]	[10, 1]
86	2.75	0.125	0.5	['C#3', 'C#4', 'B4']	['P8', 'm14', 'm7']	[0, 2]	[11, 1]
87	1.0	1.0	1.0	['F#2', 'F#4', 'C#5']	['P15', 'P19', 'P5']	[0, 5]	[1, 6]
87	1.5	0.25	1.0	['C#3', 'F#4', 'C#5']	['P11', 'P15', 'P5']	[0, 5]	[1, 6]
87	2.0	0.5	0.5	['A#3', 'C#5', 'D#5']	['m10', 'P11', 'M2']	[0, 2, 5]	[10, 1, 3]
87	2.25	0.125	0.5	['A#3', 'C#5', 'E#5']	['m10', 'P12', 'M3']	[0, 3, 7]	[10, 1, 5]
87	2.5	0.25	0.5	['C#3', 'C#5', 'D#5']	['P15', 'M16', 'M2']	[0, 2]	[1, 3]
87	2.75	0.125	0.5	['C#3', 'C#5', 'E#5']	['P15', 'M17', 'M3']	[0, 4]	[1, 5]
88	1.0	1.0	0.5	['F#2', 'C#5']	['P19']	[0, 5]	[1, 6]
88	1.25	0.125	0.5	['F#2', 'C#5', 'D#5']	['P19', 'M20', 'M2']	[0, 2, 5]	[1, 3, 6]
88	1.5	0.25	0.5	['C#3', 'C#5']	['P15']	[0]	[1]
88	1.75	0.125	0.5	['C#3', 'C#5', 'D#5']	['P15', 'M16', 'M2']	[0, 2]	[1, 3]
88	2.0	0.5	0.5	['A#3', 'A#4', 'C#5']	['P8', 'm10', 'm3']	[0, 3]	[10, 1]
88	2.25	0.125	0.5	['A#3', 'B4', 'C#5']	['m9', 'm10', 'M2']	[0, 1, 3]	[10, 11, 1]
88	2.5	0.25	0.5	['C#3', 'A#4', 'C#5']	['M13', 'P15', 'm3']	[0, 3]	[10, 1]
88	2.75	0.125	0.5	['C#3', 'B4', 'C#5']	['m14', 'P15', 'M2']	[0, 2]	[11, 1]
89	1.0	1.0	1.0	['F#2', 'C#5']	['P19']	[0, 5]	[1, 6]
89	1.5	0.25	1.0	['C#3', 'C#5']	['P15']	[0]	[1]
89	2.0	0.5	1.0	['A#3', 'A#4', 'D#5']	['P8', 'P11', 'P4']	[0, 5]	[10, 3]
89	2.5	0.25	0.5	['C#3', 'D#5', 'E#5']	['M16', 'M17', 'M2']	[0, 2, 4]	[1, 3, 5]
89	2.75	0.125	0.5	['C#3', 'D#5', 'F#5']	['M16', 'P18', 'm3']	[0, 2, 5]	[1, 3, 6]
90	1.0	1.0	1.0	['F#2', 'C#5', 'E#5']	['P19', 'M21', 'M3']	[0, 1, 5]	[1, 5, 6]
90	1.5	0.25	1.0	['C#3', 'A#4', 'D#5']	['M13', 'M16', 'P4']	[0, 2, 5]	[10, 1, 3]
90	2.0	0.5	1.0	['A#3', 'F#4', 'C#5']	['m6', 'm10', 'P5']	[0, 3, 7]	[6, 10, 1]
90	2.5	0.25	1.0	['C#3', 'D#4', 'A#4']	['M9', 'M13', 'P5']	[0, 2, 5]	[10, 1, 3]
91	1.0	1.0	1.0	['F#2', 'B3', 'C#4', 'G#4', 'B4']	['P11', 'P12', 'M16', 'P18', 'M2', 'M6', 'P8', 'P5', 'm7', 'm3']	[0, 2, 5, 7]	[6, 8, 11, 1]
91	1.5	0.25	1.0	['C#3', 'B3', 'C#4', 'G#4', 'B4']	['m7', 'P8', 'P12', 'm14', 'M2', 'M6', 'P5', 'm3']	[0, 2, 5]	[8, 11, 1]
91	2.0	0.5	0.5	['G#3', 'D#4', 'B4']	['P5', 'm10', 'm6']	[0, 3, 7]	[8, 11, 3]
91	2.25	0.125	0.5	['G#3', 'D#4', 'A#4']	['P5', 'M9']	[0, 2, 7]	[8, 10, 3]
91	2.5	0.25	0.5	['C#3', 'D#4', 'G#4']	['M9', 'P12', 'P4']	[0, 2, 7]	[1, 3, 8]
91	2.75	0.125	0.5	['C#3', 'D#4', 'D#5']	['M9', 'M16', 'P8']	[0, 2]	[1, 3]
92	1.0	1.0	1.0	['F#2', 'D#4', 'B4']	['M13', 'P18', 'm6']	[0, 3, 7]	[11, 3, 6]
92	1.5	0.25	1.0	['C#3', 'D#4', 'B4']	['M9', 'm14', 'm6']	[0, 2, 4]	[11, 1, 3]
92	2.0	0.5	0.5	['G#3', 'D#4', 'B4']	['P5', 'm10', 'm6']	[0, 3, 7]	[8, 11, 3]
92	2.25	0.125	0.5	['G#3', 'D#4', 'A#4']	['P5', 'M9']	[0, 2, 7]	[8, 10, 3]
92	2.5	0.25	0.5	['C#3', 'D#4', 'G#4']	['M9', 'P12', 'P4']	[0, 2, 7]	[1, 3, 8]
92	2.75	0.125	0.5	['C#3', 'D#4', 'D#5']	['M9', 'M16', 'P8']	[0, 2]	[1, 3]
93	1.0	1.0	1.0	['F#2', 'D#4', 'B4']	['M13', 'P18', 'm6']	[0, 3, 7]	[11, 3, 6]
93	1.5	0.25	1.0	['C#3', 'D#4', 'B4']	['M9', 'm14', 'm6']	[0, 2, 4]	[11, 1, 3]
93	2.0	0.5	0.5	['B3', 'B4', 'D#5']	['P8', 'M10', 'M3']	[0, 4]	[11, 3]
93	2.25	0.125	0.5	['B3', 'B4', 'E#5']	['P8', 'A11', 'A4']	[0, 6]	[5, 11]
93	2.5	0.25	0.5	['C#3', 'B4', 'C#5']	['m14', 'P15', 'M2']	[0, 2]	[11, 1]
93	2.75	0.125	0.5	['C#3', 'B4', 'D#5']	['m14', 'M16', 'M3']	[0, 2, 4]	[11, 1, 3]
94	1.0	1.0	0.5	['F#2', 'B4']	['P18']	[0, 5]	[6, 11]
94	1.25	0.125	0.5	['F#2', 'C#5']	['P19']	[0, 5]	[1, 6]
94	1.5	0.25	0.5	['C#3', 'A#4']	['M13']	[0, 3]	[10, 1]
94	1.75	0.125	0.5	['C#3', 'B4']	['m14']	[0, 2]	[11, 1]
94	2.0	0.5	0.5	['B3', 'G#4']	['M6']	[0, 3]	[8, 11]
94	2.25	0.125	0.5	['B3', 'A#4']	['M7']	[0, 1]	[10, 11]
94	2.5	0.25	0.5	['C#3', 'C#4']	['P8']	[0]	[1]
94	2.75	0.125	0.5	['C#3', 'A#4']	['M13']	[0, 3]	[10, 1]
95	1.0	1.0	1.0	['F#2', 'F#4']	['P15']	[0]	[6]
95	1.5	0.25	1.0	['C#3', 'F#4']	['P11']	[0, 5]	[1, 6]
95	2.0	0.5	0.5	['A#3', 'A#4', 'F#5']	['P8', 'm13', 'm6']	[0, 4]	[6, 10]
95	2.25	0.125	0.5	['A#3', 'G#4', 'G#5']	['m7', 'm14', 'P8']	[0, 2]	[8, 10]
95	2.5	0.25	0.5	['C#3', 'F#4', 'D#5']	['P11', 'M16', 'M6']	[0, 2, 5]	[1, 3, 6]
95	2.75	0.125	0.5	['C#3', 'D#5', 'F#5']	['M16', 'P18', 'm3']	[0, 2, 5]	[1, 3, 6]
96	1.0	1.0	0.5	['F#2', 'C#5']	['P19']	[0, 5]	[1, 6]
96	1.25	0.125	0.5	['F#2', 'C#5', 'D#5']	['P19', 'M20', 'M2']	[0, 2, 5]	[1, 3, 6]
96	1.5	0.25	0.5	['C#3', 'A#4', 'C#5']	['M13', 'P15', 'm3']	[0, 3]	[10, 1]
96	1.75	0.125	0.5	['C#3', 'C#5']	['P15']	[0]	[1]
96	2.0	0.5	0.5	['A#3', 'F#4', 'C#5']	['m6', 'm10', 'P5']	[0, 3, 7]	[6, 10, 1]
96	2.25	0.125	0.5	['A#3', 'G#4', 'C#5']	['m7', 'm10', 'P4']	[0, 2, 5]	[8, 10, 1]
96	2.5	0.25	0.5	['C#3', 'D#4', 'C#5']	['M9', 'P15', 'm7']	[0, 2]	[1, 3]
96	2.75	0.125	0.5	['C#3', 'F#4', 'C#5']	['P11', 'P15', 'P5']	[0, 5]	[1, 6]
97	1.0	1.0	0.5	['F#2', 'C#4', 'C#5']	['P12', 'P19', 'P8']	[0, 5]	[1, 6]
97	1.25	0.125	0.5	['F#2', 'D#4', 'C#5']	['M13', 'P19', 'm7']	[0, 2, 5]	[1, 3, 6]
97	1.5	0.25	0.5	['C#2', 'A#3', 'C#5']	['M13', 'P22', 'm10']	[0, 3]	[10, 1]
97	1.75	0.125	0.5	['C#2', 'C#4', 'C#5']	['P15', 'P22', 'P8']	[0]	[1]
97	2.0	0.5	0.6666666666666666	['F#1', 'F#3', 'C#5']	['P15', 'P26', 'P12']	[0, 5]	[1, 6]
97	233/100	0.0625	0.6666666666666666	['F#1', 'G#3', 'C#5']	['M16', 'P26', 'P11']	[0, 2, 7]	[6, 8, 1]
97	267/100	0.0625	0.6666666666666666	['F#1', 'D#3', 'C#5']	['M13', 'P26', 'm14']	[0, 2, 5]	[1, 3, 6]
98	1.0	1.0	0.6666666666666666	['F#1', 'F#3', 'C#5']	['P15', 'P26', 'P12']	[0, 5]	[1, 6]
98	133/100	0.0625	0.3333333333333333	['F#1', 'G#3', 'C#5']	['M16', 'P26', 'P11']	[0, 2, 7]	[6, 8, 1]
98	1.5	0.25	0.3333333333333333	['F#1', 'G#3']	['M16']	[0, 2]	[6, 8]
98	167/100	0.0625	0.6666666666666666	['F#1', 'C#3']	['P12']	[0, 5]	[1, 6]
98	2.0	0.5	0.6666666666666666	['F#1', 'F#3']	['P15']	[0]	[6]
98	233/100	0.0625	0.6666666666666666	['F#1', 'G#3']	['M16']	[0, 2]	[6, 8]
98	267/100	0.0625	0.6666666666666666	['F#1', 'D#3']	['M13']	[0, 3]	[3, 6]
99	1.0	1.0	1.0	['F#1', 'F#3']	['P15']	[0]	[6]
99	1.5	0.25	1.0	['F#1', 'C#3']	['P12']	[0, 5]	[1, 6]
99	2.0	0.5	1.0	['F#1', 'F#3']	['P15']	[0]	[6]
99	2.5	0.25	1.0	['F#1', 'D#3']	['M13']	[0, 3]	[3, 6]
100	1.0	1.0	1.0	['F#1', 'F#3']	['P15']	[0]	[6]
100	1.5	0.25	1.0	['F#1', 'C#3']	['P12']	[0, 5]	[1, 6]
100	2.0	0.5	1.0	['F#1', 'F#3']	['P15']	[0]	[6]
100	2.5	0.25	1.0	['F#1', 'D#3']	['M13']	[0, 3]	[3, 6]
101	1.0	1.0	1.0	['F#3']	[]	[0]	[6]
101	1.5	0.25	1.0	['F#3']	[]	[0]	[6]
101	2.0	0.5	1.0	['F#3']	[]	[0]	[6]
101	2.5	0.25	1.0	['F#3']	[]	[0]	[6]
102	1.0	1.0	1.0	['F#3']	[]	[0]	[6]
102	1.5	0.25	1.0	['F#3']	[]	[0]	[6]
102	2.0	0.5	1.0	['F#3']	[]	[0]	[6]
102	2.5	0.25	1.0	['F#3']	[]	[0]	[6]
103	1.0	1.0	0.5	['F#2', 'E4', 'F#4']	['m14', 'P15', 'M2']	[0, 2]	[4, 6]
103	1.25	0.125	0.5	['E4', 'F#4']	['M2']	[0, 2]	[4, 6]
103	1.5	0.25	1.0	['E4', 'F#4']	['M2']	[0, 2]	[4, 6]
103	2.0	0.5	1.0	['F#3', 'E4', 'F#4']	['m7', 'P8', 'M2']	[0, 2]	[4, 6]
103	2.5	0.25	1.0	['C#3', 'C#4', 'E4', 'F#4']	['P8', 'm10', 'P11', 'm3', 'P4', 'M2']	[0, 2, 5]	[1, 4, 6]
104	1.0	1.0	1.0	['F#3', 'E4', 'F#4']	['m7', 'P8', 'M2']	[0, 2]	[4, 6]
104	1.5	0.25	1.0	['G#3', 'E4', 'F#4', 'G#4']	['m6', 'm7', 'P8', 'M2', 'M3']	[0, 2, 4]	[4, 6, 8]
104	2.0	0.5	1.0	['A#3', 'E4', 'F#4', 'A#4']	['d5', 'm6', 'P8', 'M2', 'A4', 'M3']	[0, 2, 6]	[4, 6, 10]
104	2.5	0.25	1.0	['B3', 'E4', 'F#4', 'B4']	['P4', 'P5', 'P8', 'M2']	[0, 2, 7]	[4, 6, 11]
105	1.0	1.0	1.0	['A#3', 'E4', 'F#4', 'A#4']	['d5', 'm6', 'P8', 'M2', 'A4', 'M3']	[0, 2, 6]	[4, 6, 10]
105	1.5	0.25	1.0	['E4', 'F#4', 'A#4']	['M2', 'A4', 'M3']	[0, 2, 6]	[4, 6, 10]
105	2.0	0.5	1.0	['F#3', 'E4', 'F#4', 'A#4']	['m7', 'P8', 'M10', 'M2', 'A4', 'M3']	[0, 2, 6]	[4, 6, 10]
105	2.5	0.25	1.0	['C#3', 'E4', 'F#4', 'G#4', 'A#4']	['m10', 'P11', 'P12', 'M13', 'M2', 'M3', 'A4']	[0, 2, 4, 6, 9]	[4, 6, 8, 10, 1]
106	1.0	1.0	1.0	['F#3', 'E4', 'F#4', 'A#4']	['m7', 'P8', 'M10', 'M2', 'A4', 'M3']	[0, 2, 6]	[4, 6, 10]
106	1.5	0.25	1.0	['G#3', 'E4', 'F#4', 'B4']	['m6', 'm7', 'm10', 'M2', 'P5', 'P4']	[0, 2, 4, 7]	[4, 6, 8, 11]
106	2.0	0.5	1.0	['A#3', 'E4', 'F#4', 'C#5']	['d5', 'm6', 'm10', 'M2', 'M6', 'P5']	[0, 2, 5, 8]	[10, 1, 4, 6]
106	2.5	0.25	1.0	['B3', 'E4', 'F#4', 'D#5']	['P4', 'P5', 'M10', 'M2', 'M7', 'M6']	[0, 2, 3, 7]	[11, 3, 4, 6]
107	1.0	1.0	1.0	['F#2', 'A#3', 'E4', 'F#4', 'C#5']	['M10', 'm14', 'P15', 'P19', 'd5', 'm6', 'm10', 'M2', 'M6', 'P5']	[0, 2, 5, 8]	[10, 1, 4, 6]
107	1.5	0.25	1.0	['A#3', 'E4', 'F#4', 'C#5']	['d5', 'm6', 'm10', 'M2', 'M6', 'P5']	[0, 2, 5, 8]	[10, 1, 4, 6]
107	2.0	0.5	1.0	['A#3', 'E4', 'F#4', 'C#5']	['d5', 'm6', 'm10', 'M2', 'M6', 'P5']	[0, 2, 5, 8]	[10, 1, 4, 6]
107	2.5	0.25	1.0	['A#3', 'E4', 'F#4', 'C#5']	['d5', 'm6', 'm10', 'M2', 'M6', 'P5']	[0, 2, 5, 8]	[10, 1, 4, 6]
108	1.0	1.0	1.0	['A#3', 'E4', 'F#4']	['d5', 'm6', 'M2']	[0, 2, 6]	[4, 6, 10]
108	1.5	0.25	1.0	['E4', 'F#4']	['M2']	[0, 2]	[4, 6]
108	2.0	0.5	1.0	['B3', 'E4', 'F#4', 'B4']	['P4', 'P5', 'P8', 'M2']	[0, 2, 7]	[4, 6, 11]
108	2.5	0.25	1.0	['F#3', 'E4', 'F#4']	['m7', 'P8', 'M2']	[0, 2]	[4, 6]
109	1.0	1.0	1.0	['B3', 'E4', 'F#4', 'B4']	['P4', 'P5', 'P8', 'M2']	[0, 2, 7]	[4, 6, 11]
109	1.5	0.25	1.0	['C#4', 'E4', 'F#4', 'C#5']	['m3', 'P4', 'P8', 'M2', 'M6', 'P5']	[0, 2, 5]	[1, 4, 6]
109	2.0	0.5	1.0	['D#4', 'F#4', 'B4', 'D#5']	['m3', 'm6', 'P8', 'P4', 'M6', 'M3']	[0, 3, 7]	[11, 3, 6]
109	2.5	0.25	1.0	['E4', 'F#4', 'B4', 'E5']	['M2', 'P5', 'P8', 'P4', 'm7']	[0, 2, 7]	[4, 6, 11]
110	1.0	1.0	1.0	['D#4', 'F#4', 'B4', 'D#5']	['m3', 'm6', 'P8', 'P4', 'M6', 'M3']	[0, 3, 7]	[11, 3, 6]
110	1.5	0.25	1.0	['D#4', 'F#4', 'B4', 'D#5']	['m3', 'm6', 'P8', 'P4', 'M6', 'M3']	[0, 3, 7]	[11, 3, 6]
110	2.0	0.5	1.0	['B3', 'F#4', 'B4', 'D#5']	['P5', 'P8', 'M10', 'P4', 'M6', 'M3']	[0, 3, 7]	[11, 3, 6]
110	2.5	0.25	1.0	['F#3', 'F#4', 'B4', 'C#5', 'D#5']	['P8', 'P11', 'P12', 'M13', 'P4', 'P5', 'M6', 'M2', 'M3']	[0, 2, 4, 7]	[11, 1, 3, 6]
111	1.0	1.0	1.0	['B3', 'F#4', 'B4', 'D#5']	['P5', 'P8', 'M10', 'P4', 'M6', 'M3']	[0, 3, 7]	[11, 3, 6]
111	1.5	0.25	1.0	['B3', 'F#4', 'B4', 'E5']	['P5', 'P8', 'P11', 'P4', 'm7']	[0, 2, 7]	[4, 6, 11]
111	2.0	0.5	1.0	['C#4', 'F#4', 'B4', 'F#5']	['P4', 'm7', 'P11', 'P8', 'P5']	[0, 2, 7]	[11, 1, 6]
111	2.5	0.25	1.0	['C#4', 'F#4', 'B4', 'G#5']	['P4', 'm7', 'P12', 'M9', 'M6']	[0, 2, 5, 7]	[6, 8, 11, 1]
112	1.0	1.0	1.0	['F#3', 'D#4', 'F#4', 'B4', 'F#5']	['M6', 'P8', 'P11', 'P15', 'm3', 'm6', 'm10', 'P4', 'P5']	[0, 3, 7]	[11, 3, 6]
112	1.5	0.25	1.0	['F#4', 'B4', 'F#5']	['P4', 'P8', 'P5']	[0, 5]	[6, 11]
112	2.0	0.5	1.0	['F#4', 'C##5', 'F#5', 'A#5']	['A5', 'P8', 'M10', 'd4', 'm6', 'M3']	[0, 4, 8]	[2, 6, 10]
112	2.5	0.25	1.0	['F#4', 'D#5', 'F#5', 'B5']	['M6', 'P8', 'P11', 'm3', 'm6', 'P4']	[0, 3, 7]	[11, 3, 6]
113	1.0	1.0	1.0	['F#4', 'C##5', 'F#5', 'A#5']	['A5', 'P8', 'M10', 'd4', 'm6', 'M3']	[0, 4, 8]	[2, 6, 10]
113	1.5	0.25	1.0	['F#4', 'D#5', 'F#5', 'B5']	['M6', 'P8', 'P11', 'm3', 'm6', 'P4']	[0, 3, 7]	[11, 3, 6]
113	2.0	0.5	1.0	['F#3', 'C##4', 'F#4', 'A#4']	['A5', 'P8', 'M10', 'd4', 'm6', 'M3']	[0, 4, 8]	[2, 6, 10]
113	2.5	0.25	1.0	['F#3', 'D#4', 'F#4', 'B4']	['M6', 'P8', 'P11', 'm3', 'm6', 'P4']	[0, 3, 7]	[11, 3, 6]
114	1.0	1.0	1.0	['F#3', 'C##4', 'F#4', 'A#4']	['A5', 'P8', 'M10', 'd4', 'm6', 'M3']	[0, 4, 8]	[2, 6, 10]
114	1.5	0.25	1.0	['F#3', 'D#4', 'F#4', 'B4']	['M6', 'P8', 'P11', 'm3', 'm6', 'P4']	[0, 3, 7]	[11, 3, 6]
114	2.0	0.5	1.0	['C#1']	[]	[0]	[1]
114	2.5	0.25	1.0	['C#2']	[]	[0]	[1]
115	1.0	1.0	1.0	['C#1']	[]	[0]	[1]
115	1.5	0.25	1.0	['C#2']	[]	[0]	[1]
115	2.0	0.5	1.0	['C#1', 'C#2', 'B3', 'D#4', 'B4']	['P8', 'm21', 'M23', 'm28', 'm14', 'M16', 'M3', 'm6']	[0, 2, 4]	[11, 1, 3]
115	2.5	0.25	1.0	['C#1', 'C#2', 'C#4', 'E#4', 'B4']	['P8', 'P22', 'M24', 'm28', 'P15', 'M17', 'm21', 'M3', 'm7', 'd5']	[0, 2, 6]	[11, 1, 5]
116	1.0	1.0	1.0	['C#1', 'C#2', 'B3', 'D#4', 'G#4']	['P8', 'm21', 'M23', 'P26', 'm14', 'M16', 'P19', 'M3', 'M6', 'P4']	[0, 2, 4, 7]	[8, 11, 1, 3]
116	1.5	0.25	1.0	['C#1', 'C#2', 'C#4', 'E#4', 'G#4']	['P8', 'P22', 'M24', 'P26', 'P15', 'M17', 'P19', 'M3', 'P5', 'm3']	[0, 3, 7]	[1, 5, 8]
116	2.0	0.5	1.0	['C#1', 'C#2', 'C#4', 'E#4']	['P8', 'P22', 'M24', 'P15', 'M17', 'M3']	[0, 4]	[1, 5]
116	2.5	0.25	1.0	['C#1', 'C#2', 'B3', 'D#4']	['P8', 'm21', 'M23', 'm14', 'M16', 'M3']	[0, 2, 4]	[11, 1, 3]
117	1.0	1.0	1.0	['C#1', 'C#2', 'C#4', 'E#4']	['P8', 'P22', 'M24', 'P15', 'M17', 'M3']	[0, 4]	[1, 5]
117	1.5	0.25	1.0	['C#1', 'C#2', 'B3', 'D#4']	['P8', 'm21', 'M23', 'm14', 'M16', 'M3']	[0, 2, 4]	[11, 1, 3]
117	2.0	0.5	0.6666666666666666	['C#1', 'C#2', 'C#4', 'E#4', 'G##4']	['P8', 'P22', 'M24', 'A26', 'P15', 'M17', 'A19', 'M3', 'A5']	[0, 4, 8]	[1, 5, 9]
117	233/100	0.0625	0.3333333333333333	['C#1', 'C#2', 'B3', 'D#4', 'G##4']	['P8', 'm21', 'M23', 'A26', 'm14', 'M16', 'A19', 'M3', 'A6', 'A4']	[0, 2, 4, 6]	[9, 11, 1, 3]
117	2.5	0.25	0.3333333333333333	['C#1', 'C#2', 'B3', 'D#4', 'A#4']	['P8', 'm21', 'M23', 'M27', 'm14', 'M16', 'M20', 'M3', 'M7', 'P5']	[0, 1, 3, 5]	[10, 11, 1, 3]
117	267/100	0.0625	0.6666666666666666	['C#1', 'C#2', 'C#4', 'E#4', 'A#4']	['P8', 'P22', 'M24', 'M27', 'P15', 'M17', 'M20', 'M3', 'M6', 'P4']	[0, 3, 7]	[10, 1, 5]
118	1.0	1.0	1.0	['C#1', 'C#2', 'B3', 'D#4', 'F#4']	['P8', 'm21', 'M23', 'P25', 'm14', 'M16', 'P18', 'M3', 'P5', 'm3']	[0, 2, 4, 7]	[11, 1, 3, 6]
118	1.5	0.25	2.0	['C#1', 'C#2', 'A#3', 'C#4', 'F#4']	['P8', 'M20', 'P22', 'P25', 'M13', 'P15', 'P18', 'm3', 'm6', 'P4']	[0, 3, 7]	[6, 10, 1]
118	2.5	0.25	1.0	['C#4', 'F#4', 'G#4']	['P4', 'P5', 'M2']	[0, 2, 7]	[6, 8, 1]
119	1.0	1.0	1.0	['C#4', 'F#4', 'A#4']	['P4', 'M6', 'M3']	[0, 3, 7]	[6, 10, 1]
119	1.5	0.25	1.0	['C#4', 'G#4', 'B4', 'C#5']	['P5', 'm7', 'P8', 'm3', 'P4', 'M2']	[0, 2, 5]	[8, 11, 1]
119	2.0	0.5	1.0	['C#4', 'E#4', 'G##4', 'B#4', 'G#5']	['M3', 'A5', 'M7', 'P12', 'P5', 'm10', 'm3', 'd8', 'm6']	[0, 1, 4, 5, 8]	[5, 8, 9, 0, 1]
119	2.5	0.25	1.0	['C#4', 'A#4', 'C#5', 'F#5']	['M6', 'P8', 'P11', 'm3', 'm6', 'P4']	[0, 3, 7]	[6, 10, 1]
120	1.0	1.0	0.6666666666666666	['B1', 'F#2', 'E#4', 'G#4', 'C##5', 'E#5']	['P5', 'A18', 'M20', 'A23', 'A25', 'M14', 'M16', 'A19', 'M21', 'm3', 'M6', 'P8', 'A4']	[0, 1, 3, 6, 9]	[5, 6, 8, 11, 2]
120	133/100	0.0625	0.6666666666666666	['B1', 'F#2', 'F#3', 'E#4', 'G#4', 'C##5', 'E#5']	['P5', 'P12', 'A18', 'M20', 'A23', 'A25', 'P8', 'M14', 'M16', 'A19', 'M21', 'M7', 'M9', 'A12', 'm3', 'M6', 'A4']	[0, 1, 3, 6, 9]	[5, 6, 8, 11, 2]
120	167/100	0.0625	0.6666666666666666	['B1', 'F#2', 'F#3', 'E#4', 'G#4', 'C##5', 'E#5']	['P5', 'P12', 'A18', 'M20', 'A23', 'A25', 'P8', 'M14', 'M16', 'A19', 'M21', 'M7', 'M9', 'A12', 'm3', 'M6', 'A4']	[0, 1, 3, 6, 9]	[5, 6, 8, 11, 2]
120	2.0	0.5	0.6666666666666666	['B1', 'F#2', 'F#3', 'E#4', 'G#4', 'C##5', 'E#5']	['P5', 'P12', 'A18', 'M20', 'A23', 'A25', 'P8', 'M14', 'M16', 'A19', 'M21', 'M7', 'M9', 'A12', 'm3', 'M6', 'A4']	[0, 1, 3, 6, 9]	[5, 6, 8, 11, 2]
120	233/100	0.0625	0.3333333333333333	['B1', 'F#2', 'F#3', 'E#4', 'G#4', 'C##5', 'E#5']	['P5', 'P12', 'A18', 'M20', 'A23', 'A25', 'P8', 'M14', 'M16', 'A19', 'M21', 'M7', 'M9', 'A12', 'm3', 'M6', 'A4']	[0, 1, 3, 6, 9]	[5, 6, 8, 11, 2]
120	2.5	0.25	0.3333333333333333	['B1', 'F#2', 'F#3', 'D#4', 'F#4', 'B4', 'D#5']	['P5', 'P12', 'M17', 'P19', 'P22', 'M24', 'P8', 'M13', 'P15', 'P18', 'M20', 'M6', 'P11', 'm3', 'm6', 'P4', 'M3']	[0, 3, 7]	[11, 3, 6]
120	267/100	0.0625	0.6666666666666666	['B1', 'F#2', 'F#3', 'D#4', 'F#4', 'B4', 'D#5']	['P5', 'P12', 'M17', 'P19', 'P22', 'M24', 'P8', 'M13', 'P15', 'P18', 'M20', 'M6', 'P11', 'm3', 'm6', 'P4', 'M3']	[0, 3, 7]	[11, 3, 6]
121	1.0	1.0	2.0	['F##2', 'F##3', 'C#4', 'E4', 'A#4', 'C#5']	['P8', 'd12', 'd14', 'm17', 'd19', 'd5', 'd7', 'm10', 'm3', 'M6', 'A4']	[0, 3, 6, 9]	[1, 4, 7, 10]
121	2.0	0.5	2.0	['G#2', 'G#3', 'B3', 'D#4', 'G#4', 'B4']	['P8', 'm10', 'P12', 'P15', 'm17', 'm3', 'P5', 'M3', 'M6', 'P4', 'm6']	[0, 3, 7]	[8, 11, 3]
122	1.0	1.0	0.6666666666666666	['C#3', 'F#3', 'B3', 'D#4', 'A#4']	['P4', 'm7', 'M9', 'M13', 'M6', 'M10', 'M3', 'M7', 'P5']	[0, 1, 3, 5, 8]	[10, 11, 1, 3, 6]
122	133/100	0.0625	0.6666666666666666	['C#2', 'B3', 'D#4', 'A#4']	['m14', 'M16', 'M20', 'M3', 'M7', 'P5']	[0, 1, 3, 5]	[10, 11, 1, 3]
122	167/100	0.0625	0.6666666666666666	['C#3', 'B3', 'D#4', 'A#4']	['m7', 'M9', 'M13', 'M3', 'M7', 'P5']	[0, 1, 3, 5]	[10, 11, 1, 3]
122	2.0	0.5	0.6666666666666666	['F#3', 'B3', 'D#4', 'G#4']	['P4', 'M6', 'M9', 'M3']	[0, 3, 5, 8]	[3, 6, 8, 11]
122	233/100	0.0625	0.6666666666666666	['B3', 'D#4', 'G#4']	['M3', 'M6', 'P4']	[0, 3, 7]	[8, 11, 3]
122	267/100	0.0625	0.6666666666666666	['B3', 'D#4', 'G#4']	['M3', 'M6', 'P4']	[0, 3, 7]	[8, 11, 3]
123	1.0	1.0	0.6666666666666666	['F#4']	[]	[0]	[6]
123	133/100	0.0625	0.6666666666666666	['C#4']	[]	[0]	[1]
123	167/100	0.0625	0.6666666666666666	['F#4']	[]	[0]	[6]
123	2.0	0.5	0.6666666666666666	['C#4', 'B4', 'D#5', 'G#5']	['m7', 'M9', 'P12', 'M3', 'M6', 'P4']	[0, 2, 4, 7]	[8, 11, 1, 3]
123	233/100	0.0625	0.3333333333333333	['E#4', 'B4', 'D#5', 'G#5']	['d5', 'm7', 'm10', 'M3', 'M6', 'P4']	[0, 2, 5, 8]	[3, 5, 8, 11]
123	2.5	0.25	0.3333333333333333	['E#4', 'B4', 'C#5', 'A#5']	['d5', 'm6', 'P11', 'M2', 'M7', 'M6']	[0, 1, 3, 7]	[10, 11, 1, 5]
123	267/100	0.0625	0.6666666666666666	['C#4', 'B4', 'C#5', 'A#5']	['m7', 'P8', 'M13', 'M2', 'M7', 'M6']	[0, 1, 3]	[10, 11, 1]
124	1.0	1.0	0.6666666666666666	['D#4', 'F#4', 'C#5', 'F#5']	['m3', 'm7', 'm10', 'P5', 'P8', 'P4']	[0, 2, 5]	[1, 3, 6]
124	133/100	0.0625	0.6666666666666666	['F#3', 'F#4', 'C#5', 'F#5']	['P8', 'P12', 'P15', 'P5', 'P4']	[0, 5]	[1, 6]
124	167/100	0.0625	0.6666666666666666	['F#4', 'C#5', 'F#5']	['P5', 'P8', 'P4']	[0, 5]	[1, 6]
124	2.0	0.5	0.6666666666666666	['F#3', 'F#4', 'B4', 'F#5']	['P8', 'P11', 'P15', 'P4', 'P5']	[0, 5]	[6, 11]
124	233/100	0.0625	0.6666666666666666	['F#4', 'B4', 'F#5']	['P4', 'P8', 'P5']	[0, 5]	[6, 11]
124	267/100	0.0625	0.6666666666666666	['F#3', 'F#4', 'B4', 'F#5']	['P8', 'P11', 'P15', 'P4', 'P5']	[0, 5]	[6, 11]
125	1.0	1.0	0.6666666666666666	['D4', 'F#4', 'B4', 'F#5']	['M3', 'M6', 'M10', 'P4', 'P8', 'P5']	[0, 3, 7]	[11, 2, 6]
125	133/100	0.0625	0.3333333333333333	['F#3', 'F#4', 'B4', 'F#5']	['P8', 'P11', 'P15', 'P4', 'P5']	[0, 5]	[6, 11]
125	1.5	0.25	0.3333333333333333	['F#3', 'F#4', 'A#4', 'F#5']	['P8', 'M10', 'P15', 'M3', 'm6']	[0, 4]	[6, 10]
125	167/100	0.0625	0.6666666666666666	['F#4', 'A#4', 'F#5']	['M3', 'P8', 'm6']	[0, 4]	[6, 10]
125	2.0	0.5	0.6666666666666666	['F#3', 'F#4', 'C#5', 'F#5']	['P8', 'P12', 'P15', 'P5', 'P4']	[0, 5]	[1, 6]
125	233/100	0.0625	0.3333333333333333	['F#4', 'C#5', 'F#5']	['P5', 'P8', 'P4']	[0, 5]	[1, 6]
125	2.5	0.25	0.3333333333333333	['F#4', 'B4', 'F#5']	['P4', 'P8', 'P5']	[0, 5]	[6, 11]
125	267/100	0.0625	0.6666666666666666	['F#3', 'F#4', 'B4', 'F#5']	['P8', 'P11', 'P15', 'P4', 'P5']	[0, 5]	[6, 11]
126	1.0	1.0	0.6666666666666666	['F#1', 'F#4', 'B4', 'F#5']	['P22', 'P25', 'P29', 'P4', 'P8', 'P5']	[0, 5]	[6, 11]
126	133/100	0.0625	0.6666666666666666	['F#2', 'F#4', 'B4', 'F#5']	['P15', 'P18', 'P22', 'P4', 'P8', 'P5']	[0, 5]	[6, 11]
126	167/100	0.0625	0.6666666666666666	['C#3', 'F#4', 'B4', 'F#5']	['P11', 'm14', 'P18', 'P4', 'P8', 'P5']	[0, 2, 7]	[11, 1, 6]
126	2.0	0.5	0.6666666666666666	['F#3', 'F#4', 'A#4', 'F#5']	['P8', 'M10', 'P15', 'M3', 'm6']	[0, 4]	[6, 10]
126	233/100	0.0625	0.6666666666666666	['C#4', 'F#4', 'A#4', 'F#5']	['P4', 'M6', 'P11', 'M3', 'P8', 'm6']	[0, 3, 7]	[6, 10, 1]
126	267/100	0.0625	0.6666666666666666	['F#4', 'A#4', 'F#5']	['M3', 'P8', 'm6']	[0, 4]	[6, 10]
127	1.0	1.0	1.0	['F#4', 'A#4', 'C#5', 'F#5']	['M3', 'P5', 'P8', 'm3', 'm6', 'P4']	[0, 3, 7]	[6, 10, 1]
127	1.5	0.25	1.0	['F#4', 'A#4', 'F#5']	['M3', 'P8', 'm6']	[0, 4]	[6, 10]
127	2.0	0.5	2.0	['F#4', 'A#4', 'F#5']	['M3', 'P8', 'm6']	[0, 4]	[6, 10]
