1	1.0	1.0	0.25				
1	1.25	0.125	0.25	['E4', 'E5']	['P8']	[0]	[4]
1	1.5	0.25	0.25	['F4', 'G4', 'F5', 'G5']	['M2', 'P8', 'M9', 'm7']	[0, 2]	[5, 7]
1	1.75	0.125	0.25	['E4', 'E5']	['P8']	[0]	[4]
1	2.0	0.5	0.25	['F4', 'F5']	['P8']	[0]	[5]
1	2.25	0.125	0.25	['D4', 'D5']	['P8']	[0]	[2]
1	2.5	0.25	0.25	['C4', 'C5']	['P8']	[0]	[0]
1	2.75	0.125	0.25	['B3', 'B4', 'E5']	['P8', 'P11', 'P4']	[0, 5]	[11, 4]
2	1.0	1.0	0.25	['A3', 'E5']	['P12']	[0, 5]	[4, 9]
2	1.25	0.125	0.25	['A3', 'A4', 'C5', 'E5']	['P8', 'm10', 'P12', 'm3', 'P5', 'M3']	[0, 3, 7]	[9, 0, 4]
2	1.5	0.25	0.25	['C4', 'E5']	['M10']	[0, 4]	[0, 4]
2	1.75	0.125	0.25	['C4', 'E4', 'A4']	['M3', 'M6', 'P4']	[0, 3, 7]	[9, 0, 4]
2	2.0	0.5	0.25	['D4', 'A4']	['P5']	[0, 5]	[9, 2]
2	2.25	0.125	0.25	['D4', 'F4', 'A4']	['m3', 'P5', 'M3']	[0, 3, 7]	[2, 5, 9]
2	2.5	0.25	0.25	['E3', 'B4']	['P12']	[0, 5]	[11, 4]
2	2.75	0.125	0.25	['E3', 'G#4', 'B4']	['M10', 'P12', 'm3']	[0, 3, 7]	[4, 8, 11]
3	1.0	1.0	0.25	['A3', 'A4', 'C5']	['P8', 'm10', 'm3']	[0, 3]	[9, 0]
3	1.25	0.125	0.25	['B3', 'B4', 'C5']	['P8', 'm9', 'm2']	[0, 1]	[11, 0]
3	1.5	0.25	0.25	['C4', 'D4', 'C5', 'D5']	['M2', 'P8', 'M9', 'm7']	[0, 2]	[0, 2]
3	1.75	0.125	0.25	['B3', 'B4', 'C5']	['P8', 'm9', 'm2']	[0, 1]	[11, 0]
3	2.0	0.5	0.25	['C4', 'C5']	['P8']	[0]	[0]
3	2.25	0.125	0.25	['A3', 'A4']	['P8']	[0]	[9]
3	2.5	0.25	0.25	['G3', 'G4']	['P8']	[0]	[7]
3	2.75	0.125	0.25	['F#3', 'F#4', 'B4']	['P8', 'P11', 'P4']	[0, 5]	[6, 11]
4	1.0	1.0	0.25	['E3', 'B4']	['P12']	[0, 5]	[11, 4]
4	1.25	0.125	0.25	['E3', 'E4', 'G4', 'B4']	['P8', 'm10', 'P12', 'm3', 'P5', 'M3']	[0, 3, 7]	[4, 7, 11]
4	1.5	0.25	0.25	['G3', 'B4']	['M10']	[0, 4]	[7, 11]
4	1.75	0.125	0.25	['G3', 'B3', 'E4']	['M3', 'M6', 'P4']	[0, 3, 7]	[4, 7, 11]
4	2.0	0.5	0.25	['A3', 'E4']	['P5']	[0, 5]	[4, 9]
4	2.25	0.125	0.25	['A3', 'C4', 'E4']	['m3', 'P5', 'M3']	[0, 3, 7]	[9, 0, 4]
4	2.5	0.25	0.25	['B2', 'F#4']	['P12']	[0, 5]	[6, 11]
4	2.75	0.125	0.25	['B2', 'D#4', 'F#4']	['M10', 'P12', 'm3']	[0, 3, 7]	[11, 3, 6]
5	1.0	1.0	0.25	['E3', 'E4', 'G4']	['P8', 'm10', 'm3']	[0, 3]	[4, 7]
5	1.25	0.125	0.25	['E3', 'E4', 'G4']	['P8', 'm10', 'm3']	[0, 3]	[4, 7]
5	1.5	0.25	0.25	['F3', 'G3', 'F4', 'G4']	['M2', 'P8', 'M9', 'm7']	[0, 2]	[5, 7]
5	1.75	0.125	0.25	['E3', 'E4']	['P8']	[0]	[4]
5	2.0	0.5	0.25	['F3', 'F4']	['P8']	[0]	[5]
5	2.25	0.125	0.25	['D3', 'D4']	['P8']	[0]	[2]
5	2.5	0.25	0.25	['C3', 'C4']	['P8']	[0]	[0]
5	2.75	0.125	0.25	['B2', 'B3', 'E5']	['P8', 'P18', 'P11']	[0, 5]	[11, 4]
6	1.0	1.0	0.25	['A2', 'E5']	['P19']	[0, 5]	[4, 9]
6	1.25	0.125	0.25	['A2', 'A4', 'C5', 'E5']	['P15', 'm17', 'P19', 'm3', 'P5', 'M3']	[0, 3, 7]	[9, 0, 4]
6	1.5	0.25	0.25	['C4', 'E5']	['M10']	[0, 4]	[0, 4]
6	1.75	0.125	0.25	['C4', 'E4', 'A4']	['M3', 'M6', 'P4']	[0, 3, 7]	[9, 0, 4]
6	2.0	0.5	0.25	['D4', 'A4']	['P5']	[0, 5]	[9, 2]
6	2.25	0.125	0.25	['D4', 'F4', 'A4']	['m3', 'P5', 'M3']	[0, 3, 7]	[2, 5, 9]
6	2.5	0.25	0.25	['E3', 'B4']	['P12']	[0, 5]	[11, 4]
6	2.75	0.125	0.25	['E3', 'G#4', 'B4']	['M10', 'P12', 'm3']	[0, 3, 7]	[4, 8, 11]
7	1.0	1.0	0.25	['A3', 'A4', 'C5']	['P8', 'm10', 'm3']	[0, 3]	[9, 0]
7	1.25	0.125	0.25	['B3', 'B4', 'C5']	['P8', 'm9', 'm2']	[0, 1]	[11, 0]
7	1.5	0.25	0.25	['C4', 'D4', 'C5', 'D5']	['M2', 'P8', 'M9', 'm7']	[0, 2]	[0, 2]
7	1.75	0.125	0.25	['B3', 'B4', 'C5']	['P8', 'm9', 'm2']	[0, 1]	[11, 0]
7	2.0	0.5	0.25	['C4', 'C5']	['P8']	[0]	[0]
7	2.25	0.125	0.25	['A3', 'A4']	['P8']	[0]	[9]
7	2.5	0.25	0.25	['G3', 'G4']	['P8']	[0]	[7]
7	2.75	0.125	0.25	['F#3', 'F#4', 'B4']	['P8', 'P11', 'P4']	[0, 5]	[6, 11]
8	1.0	1.0	0.25	['E3', 'B4']	['P12']	[0, 5]	[11, 4]
8	1.25	0.125	0.25	['E3', 'E4', 'G4', 'B4']	['P8', 'm10', 'P12', 'm3', 'P5', 'M3']	[0, 3, 7]	[4, 7, 11]
8	1.5	0.25	0.25	['G3', 'E4']	['M6']	[0, 3]	[4, 7]
8	1.75	0.125	0.25	['G3', 'B3', 'E4']	['M3', 'M6', 'P4']	[0, 3, 7]	[4, 7, 11]
8	2.0	0.5	0.25	['A3', 'E4']	['P5']	[0, 5]	[4, 9]
8	2.25	0.125	0.25	['A3', 'C4', 'E4']	['m3', 'P5', 'M3']	[0, 3, 7]	[9, 0, 4]
8	2.5	0.25	0.25	['B2', 'E4']	['P11']	[0, 5]	[11, 4]
8	2.75	0.125	0.25	['B2', 'D#4', 'F#4']	['M10', 'P12', 'm3']	[0, 3, 7]	[11, 3, 6]
9	1.0	1.0	0.25	['E3', 'E4', 'G4']	['P8', 'm10', 'm3']	[0, 3]	[4, 7]
9	1.25	0.125	0.25	['E3', 'E4', 'G4']	['P8', 'm10', 'm3']	[0, 3]	[4, 7]
9	1.5	0.25	0.25	['F3', 'G3', 'F4', 'G4']	['M2', 'P8', 'M9', 'm7']	[0, 2]	[5, 7]
9	1.75	0.125	0.25	['E3', 'E4', 'G4']	['P8', 'm10', 'm3']	[0, 3]	[4, 7]
9	2.0	0.5	0.25	['F3', 'F4']	['P8']	[0]	[5]
9	2.25	0.125	0.25	['D3', 'D4']	['P8']	[0]	[2]
9	2.5	0.25	0.25	['C3', 'C4']	['P8']	[0]	[0]
9	2.75	0.125	0.25	['B2', 'B3', 'G4']	['P8', 'm13', 'm6']	[0, 4]	[7, 11]
10	1.0	1.0	0.25	['A2', 'G4']	['m14']	[0, 2]	[7, 9]
10	1.25	0.125	0.25	['A2', 'C#4', 'E4', 'G4']	['M10', 'P12', 'm14', 'm3', 'd5']	[0, 2, 5, 8]	[1, 4, 7, 9]
10	1.5	0.25	0.25	['A3', 'G4']	['m7']	[0, 2]	[7, 9]
10	1.75	0.125	0.25	['A3', 'C#4', 'E4', 'G4']	['M3', 'P5', 'm7', 'm3', 'd5']	[0, 2, 5, 8]	[1, 4, 7, 9]
10	2.0	0.5	0.25	['B-3', 'G4']	['M6']	[0, 3]	[7, 10]
10	2.25	0.125	0.25	['B-3', 'D4', 'E4', 'G4', 'E5']	['M3', 'A4', 'M6', 'A11', 'M2', 'P4', 'M9', 'm3', 'P8']	[0, 2, 5, 8]	[2, 4, 7, 10]
10	2.5	0.25	0.25	['B-3', 'E5']	['A11']	[0, 6]	[4, 10]
10	2.75	0.125	0.25	['B-3', 'D4', 'E4', 'G4', 'D5']	['M3', 'A4', 'M6', 'M10', 'M2', 'P4', 'P8', 'm3', 'm7', 'P5']	[0, 2, 5, 8]	[2, 4, 7, 10]
11	1.0	1.0	0.25	['A3', 'C#4', 'E4', 'G4', 'C#5']	['M3', 'P5', 'm7', 'M10', 'm3', 'd5', 'P8', 'M6', 'A4']	[0, 2, 5, 8]	[1, 4, 7, 9]
11	1.25	0.125	0.25	['E4', 'C#5', 'E5']	['M6', 'P8', 'm3']	[0, 3]	[1, 4]
11	1.5	0.25	0.25	['G4', 'A4', 'E5', 'G5', 'A5']	['M2', 'M6', 'P8', 'M9', 'P5', 'm7', 'm3', 'P4']	[0, 2, 5]	[4, 7, 9]
11	1.75	0.125	0.25	['F#4', 'E5', 'F#5']	['m7', 'P8', 'M2']	[0, 2]	[4, 6]
11	2.0	0.5	0.25	['G4', 'G5']	['P8']	[0]	[7]
11	2.25	0.125	0.25	['E4', 'E5']	['P8']	[0]	[4]
11	2.5	0.25	0.25	['D4', 'D5']	['P8']	[0]	[2]
11	2.75	0.125	0.25	['C#4', 'C#5']	['P8']	[0]	[1]
12	1.0	1.0	0.25	['A3', 'G4']	['m7']	[0, 2]	[7, 9]
12	1.25	0.125	0.25	['A3', 'C#4', 'E4', 'G4']	['M3', 'P5', 'm7', 'm3', 'd5']	[0, 2, 5, 8]	[1, 4, 7, 9]
12	1.5	0.25	0.25	['A3', 'G4']	['m7']	[0, 2]	[7, 9]
12	1.75	0.125	0.25	['A3', 'C#4', 'E4', 'G4']	['M3', 'P5', 'm7', 'm3', 'd5']	[0, 2, 5, 8]	[1, 4, 7, 9]
12	2.0	0.5	0.25	['B-3', 'E5']	['A11']	[0, 6]	[4, 10]
12	2.25	0.125	0.25	['B-3', 'D4', 'E4', 'G4', 'E5']	['M3', 'A4', 'M6', 'A11', 'M2', 'P4', 'M9', 'm3', 'P8']	[0, 2, 5, 8]	[2, 4, 7, 10]
12	2.5	0.25	0.25	['B-3', 'E5']	['A11']	[0, 6]	[4, 10]
12	2.75	0.125	0.25	['B-3', 'D4', 'E4', 'G4', 'D5']	['M3', 'A4', 'M6', 'M10', 'M2', 'P4', 'P8', 'm3', 'm7', 'P5']	[0, 2, 5, 8]	[2, 4, 7, 10]
13	1.0	1.0	0.25	['A3', 'C#4', 'E4', 'G4', 'C#5']	['M3', 'P5', 'm7', 'M10', 'm3', 'd5', 'P8', 'M6', 'A4']	[0, 2, 5, 8]	[1, 4, 7, 9]
13	1.25	0.125	0.25	['E4', 'C#5', 'E5']	['M6', 'P8', 'm3']	[0, 3]	[1, 4]
13	1.5	0.25	0.25	['G4', 'A4', 'C#5', 'G5', 'A5']	['M2', 'A4', 'P8', 'M9', 'M3', 'm7', 'd5', 'm6']	[0, 2, 6]	[7, 9, 1]
13	1.75	0.125	0.25	['F#4', 'C#5', 'F#5']	['P5', 'P8', 'P4']	[0, 5]	[1, 6]
13	2.0	0.5	0.25	['G4', 'G5']	['P8']	[0]	[7]
13	2.25	0.125	0.25	['E4', 'E5']	['P8']	[0]	[4]
13	2.5	0.25	0.25	['D4', 'D5']	['P8']	[0]	[2]
13	2.75	0.125	0.25	['C#4', 'C#5']	['P8']	[0]	[1]
14	1.0	1.0	0.25	['A-3', 'C5']	['M10']	[0, 4]	[8, 0]
14	1.25	0.125	0.25	['A-3', 'C4', 'F4', 'C5']	['M3', 'M6', 'M10', 'P4', 'P8', 'P5']	[0, 3, 7]	[5, 8, 0]
14	1.5	0.25	0.25	['A-3', 'C5']	['M10']	[0, 4]	[8, 0]
14	1.75	0.125	0.25	['A-3', 'C4', 'F4', 'C5']	['M3', 'M6', 'M10', 'P4', 'P8', 'P5']	[0, 3, 7]	[5, 8, 0]
14	2.0	0.5	0.25	['B-3', 'D5']	['M10']	[0, 4]	[10, 2]
14	2.25	0.125	0.25	['B-3', 'D4', 'F4', 'D5']	['M3', 'P5', 'M10', 'm3', 'P8', 'M6']	[0, 3, 7]	[10, 2, 5]
14	2.5	0.25	0.25	['B-3', 'C5']	['M9']	[0, 2]	[10, 0]
14	2.75	0.125	0.25	['B-3', 'C4', 'F4', 'C5']	['M2', 'P5', 'M9', 'P4', 'P8']	[0, 2, 7]	[10, 0, 5]
15	1.0	1.0	0.25	['G3', 'B3', 'D4', 'F4', 'B4']	['M3', 'P5', 'm7', 'M10', 'm3', 'd5', 'P8', 'M6', 'A4']	[0, 2, 5, 8]	[11, 2, 5, 7]
15	1.25	0.125	0.25	['D4', 'B4', 'D5']	['M6', 'P8', 'm3']	[0, 3]	[11, 2]
15	1.5	0.25	0.25	['F4', 'G4', 'D5', 'F5', 'G5']	['M2', 'M6', 'P8', 'M9', 'P5', 'm7', 'm3', 'P4']	[0, 2, 5]	[2, 5, 7]
15	1.75	0.125	0.25	['E4', 'D5', 'E5']	['m7', 'P8', 'M2']	[0, 2]	[2, 4]
15	2.0	0.5	0.25	['F4', 'F5']	['P8']	[0]	[5]
15	2.25	0.125	0.25	['D4', 'D5']	['P8']	[0]	[2]
15	2.5	0.25	0.25	['C4', 'B4', 'C5']	['M7', 'P8', 'm2']	[0, 1]	[11, 0]
15	2.75	0.125	0.25	['B3', 'B4']	['P8']	[0]	[11]
16	1.0	1.0	0.25	['G3', 'B4']	['M10']	[0, 4]	[7, 11]
16	1.25	0.125	0.25	['G3', 'B3', 'D4', 'F4', 'B4']	['M3', 'P5', 'm7', 'M10', 'm3', 'd5', 'P8', 'M6', 'A4']	[0, 2, 5, 8]	[11, 2, 5, 7]
16	1.5	0.25	0.25	['G3', 'B4']	['M10']	[0, 4]	[7, 11]
16	1.75	0.125	0.25	['G3', 'B3', 'D4', 'F4', 'B4']	['M3', 'P5', 'm7', 'M10', 'm3', 'd5', 'P8', 'M6', 'A4']	[0, 2, 5, 8]	[11, 2, 5, 7]
16	2.0	0.5	0.25	['B-3', 'D5']	['M10']	[0, 4]	[10, 2]
16	2.25	0.125	0.25	['B-3', 'D4', 'F4', 'D5']	['M3', 'P5', 'M10', 'm3', 'P8', 'M6']	[0, 3, 7]	[10, 2, 5]
16	2.5	0.25	0.25	['A-3', 'D5']	['A11']	[0, 6]	[2, 8]
16	2.75	0.125	0.25	['A-3', 'C4', 'F4', 'C5']	['M3', 'M6', 'M10', 'P4', 'P8', 'P5']	[0, 3, 7]	[5, 8, 0]
17	1.0	1.0	0.25	['G3', 'B3', 'D4', 'F4', 'B4']	['M3', 'P5', 'm7', 'M10', 'm3', 'd5', 'P8', 'M6', 'A4']	[0, 2, 5, 8]	[11, 2, 5, 7]
17	1.25	0.125	0.25	['B3', 'B4']	['P8']	[0]	[11]
17	1.5	0.25	0.25	['B3', 'F4', 'G4', 'B4', 'F5', 'G5']	['d5', 'm6', 'P8', 'd12', 'm13', 'M2', 'A4', 'M9', 'M3', 'm7']	[0, 2, 6]	[5, 7, 11]
17	1.75	0.125	0.25	['B3', 'E4', 'B4', 'E5']	['P4', 'P8', 'P11', 'P5']	[0, 5]	[11, 4]
17	2.0	0.5	0.25	['B3', 'F4', 'F5']	['d5', 'd12', 'P8']	[0, 6]	[5, 11]
17	2.25	0.125	0.25	['B3', 'D4', 'D5', 'F5']	['m3', 'm10', 'd12', 'P8']	[0, 3, 6]	[11, 2, 5]
17	2.5	0.25	0.25	['C4', 'C5', 'F5']	['P8', 'P11', 'P4']	[0, 5]	[0, 5]
17	2.75	0.125	0.25	['G#3', 'B3', 'E4', 'B4', 'E5']	['m3', 'm6', 'm10', 'm13', 'P4', 'P8', 'P11', 'P5']	[0, 3, 7]	[4, 8, 11]
18	1.0	1.0	0.25	['A3', 'E5']	['P12']	[0, 5]	[4, 9]
18	1.25	0.125	0.25	['A3', 'A4', 'C5', 'E5']	['P8', 'm10', 'P12', 'm3', 'P5', 'M3']	[0, 3, 7]	[9, 0, 4]
18	1.5	0.25	0.25	['C4', 'E5']	['M10']	[0, 4]	[0, 4]
18	1.75	0.125	0.25	['C4', 'E4', 'A4']	['M3', 'M6', 'P4']	[0, 3, 7]	[9, 0, 4]
18	2.0	0.5	0.25	['D4', 'A4']	['P5']	[0, 5]	[9, 2]
18	2.25	0.125	0.25	['D4', 'F4', 'A4']	['m3', 'P5', 'M3']	[0, 3, 7]	[2, 5, 9]
18	2.5	0.25	0.25	['E3', 'B4']	['P12']	[0, 5]	[11, 4]
18	2.75	0.125	0.25	['E3', 'G#4', 'B4']	['M10', 'P12', 'm3']	[0, 3, 7]	[4, 8, 11]
19	1.0	1.0	0.25	['A3', 'A4', 'C5']	['P8', 'm10', 'm3']	[0, 3]	[9, 0]
19	1.25	0.125	0.25	['B3', 'B4', 'C5']	['P8', 'm9', 'm2']	[0, 1]	[11, 0]
19	1.5	0.25	0.25	['C4', 'D4', 'C5', 'D5']	['M2', 'P8', 'M9', 'm7']	[0, 2]	[0, 2]
19	1.75	0.125	0.25	['B3', 'B4', 'C5']	['P8', 'm9', 'm2']	[0, 1]	[11, 0]
19	2.0	0.5	0.25	['C4', 'E5']	['M10']	[0, 4]	[0, 4]
19	2.25	0.125	0.25	['A3', 'C5']	['m10']	[0, 3]	[9, 0]
19	2.5	0.25	0.25	['G3', 'G4']	['P8']	[0]	[7]
19	2.75	0.125	0.25	['F#3', 'F#4', 'B4']	['P8', 'P11', 'P4']	[0, 5]	[6, 11]
20	1.0	1.0	0.25	['E3', 'B4']	['P12']	[0, 5]	[11, 4]
20	1.25	0.125	0.25	['E3', 'E4', 'G4', 'B4']	['P8', 'm10', 'P12', 'm3', 'P5', 'M3']	[0, 3, 7]	[4, 7, 11]
20	1.5	0.25	0.25	['G3', 'B4']	['M10']	[0, 4]	[7, 11]
20	1.75	0.125	0.25	['G3', 'B3', 'E4']	['M3', 'M6', 'P4']	[0, 3, 7]	[4, 7, 11]
20	2.0	0.5	0.25	['A3', 'E4']	['P5']	[0, 5]	[4, 9]
20	2.25	0.125	0.25	['A3', 'C4', 'E4']	['m3', 'P5', 'M3']	[0, 3, 7]	[9, 0, 4]
20	2.5	0.25	0.25	['B2', 'F#4']	['P12']	[0, 5]	[6, 11]
20	2.75	0.125	0.25	['B2', 'D#4', 'F#4']	['M10', 'P12', 'm3']	[0, 3, 7]	[11, 3, 6]
21	1.0	1.0	0.25	['E3', 'E4', 'G4']	['P8', 'm10', 'm3']	[0, 3]	[4, 7]
21	1.25	0.125	0.25	['E3', 'E4', 'G4']	['P8', 'm10', 'm3']	[0, 3]	[4, 7]
21	1.5	0.25	0.25	['F3', 'G3', 'F4', 'G4']	['M2', 'P8', 'M9', 'm7']	[0, 2]	[5, 7]
21	1.75	0.125	0.25	['E3', 'E4']	['P8']	[0]	[4]
21	2.0	0.5	0.25	['F3', 'F4']	['P8']	[0]	[5]
21	2.25	0.125	0.25	['D3', 'D4']	['P8']	[0]	[2]
21	2.5	0.25	0.25	['C3', 'C4']	['P8']	[0]	[0]
21	2.75	0.125	0.25	['B2', 'B3', 'E5']	['P8', 'P18', 'P11']	[0, 5]	[11, 4]
22	1.0	1.0	0.25	['A2', 'E5']	['P19']	[0, 5]	[4, 9]
22	1.25	0.125	0.25	['A2', 'A4', 'C5', 'E5']	['P15', 'm17', 'P19', 'm3', 'P5', 'M3']	[0, 3, 7]	[9, 0, 4]
22	1.5	0.25	0.25	['C4', 'E5']	['M10']	[0, 4]	[0, 4]
22	1.75	0.125	0.25	['C4', 'E4', 'A4']	['M3', 'M6', 'P4']	[0, 3, 7]	[9, 0, 4]
22	2.0	0.5	0.25	['D4', 'A4']	['P5']	[0, 5]	[9, 2]
22	2.25	0.125	0.25	['D4', 'F4', 'A4']	['m3', 'P5', 'M3']	[0, 3, 7]	[2, 5, 9]
22	2.5	0.25	0.25	['E3', 'B4']	['P12']	[0, 5]	[11, 4]
22	2.75	0.125	0.25	['E3', 'G#4', 'B4']	['M10', 'P12', 'm3']	[0, 3, 7]	[4, 8, 11]
23	1.0	1.0	0.25	['A3', 'A4', 'C5']	['P8', 'm10', 'm3']	[0, 3]	[9, 0]
23	1.25	0.125	0.25	['B3', 'B4', 'C5']	['P8', 'm9', 'm2']	[0, 1]	[11, 0]
23	1.5	0.25	0.25	['C4', 'D4', 'C5', 'D5']	['M2', 'P8', 'M9', 'm7']	[0, 2]	[0, 2]
23	1.75	0.125	0.25	['B3', 'B4', 'C5']	['P8', 'm9', 'm2']	[0, 1]	[11, 0]
23	2.0	0.5	0.25	['C4', 'E5']	['M10']	[0, 4]	[0, 4]
23	2.25	0.125	0.25	['A3', 'C5']	['m10']	[0, 3]	[9, 0]
23	2.5	0.25	0.25	['G3', 'G4']	['P8']	[0]	[7]
23	2.75	0.125	0.25	['F#3', 'F#4', 'B4']	['P8', 'P11', 'P4']	[0, 5]	[6, 11]
24	1.0	1.0	0.25	['E3', 'B4']	['P12']	[0, 5]	[11, 4]
24	1.25	0.125	0.25	['E3', 'E4', 'G4', 'B4']	['P8', 'm10', 'P12', 'm3', 'P5', 'M3']	[0, 3, 7]	[4, 7, 11]
24	1.5	0.25	0.25	['G3', 'E4']	['M6']	[0, 3]	[4, 7]
24	1.75	0.125	0.125	['G3', 'B3', 'E4']	['M3', 'M6', 'P4']	[0, 3, 7]	[4, 7, 11]
24	1.875	0.0625	0.125	['G3', 'B3', 'E4']	['M3', 'M6', 'P4']	[0, 3, 7]	[4, 7, 11]
24	2.0	0.5	0.25	['A3', 'E4']	['P5']	[0, 5]	[4, 9]
24	2.25	0.125	0.25	['A3', 'C4', 'E4']	['m3', 'P5', 'M3']	[0, 3, 7]	[9, 0, 4]
24	2.5	0.25	0.25	['B2', 'E4']	['P11']	[0, 5]	[11, 4]
24	2.75	0.125	0.25	['B2', 'D#4', 'F#4']	['M10', 'P12', 'm3']	[0, 3, 7]	[11, 3, 6]
25	1.0	1.0	0.25	['E3', 'E4', 'G4']	['P8', 'm10', 'm3']	[0, 3]	[4, 7]
25	1.25	0.125	0.25	['E3', 'E4', 'G4']	['P8', 'm10', 'm3']	[0, 3]	[4, 7]
25	1.5	0.25	0.25	['F3', 'G3', 'F4', 'G4']	['M2', 'P8', 'M9', 'm7']	[0, 2]	[5, 7]
25	1.75	0.125	0.25	['E3', 'E4', 'G4']	['P8', 'm10', 'm3']	[0, 3]	[4, 7]
25	2.0	0.5	0.25	['F3', 'F4']	['P8']	[0]	[5]
25	2.25	0.125	0.25	['D3', 'D4']	['P8']	[0]	[2]
25	2.5	0.25	0.25	['C3', 'C4']	['P8']	[0]	[0]
25	2.75	0.125	0.25	['B2', 'B3', 'G4']	['P8', 'm13', 'm6']	[0, 4]	[7, 11]
26	1.0	1.0	0.25	['A2', 'G4']	['m14']	[0, 2]	[7, 9]
26	1.25	0.125	0.25	['A2', 'C#4', 'E4', 'G4']	['M10', 'P12', 'm14', 'm3', 'd5']	[0, 2, 5, 8]	[1, 4, 7, 9]
26	1.5	0.25	0.25	['A3', 'G4']	['m7']	[0, 2]	[7, 9]
26	1.75	0.125	0.25	['A3', 'C#4', 'E4', 'G4']	['M3', 'P5', 'm7', 'm3', 'd5']	[0, 2, 5, 8]	[1, 4, 7, 9]
26	2.0	0.5	0.25	['B-3', 'G4']	['M6']	[0, 3]	[7, 10]
26	2.25	0.125	0.25	['B-3', 'D4', 'E4', 'G4', 'E5']	['M3', 'A4', 'M6', 'A11', 'M2', 'P4', 'M9', 'm3', 'P8']	[0, 2, 5, 8]	[2, 4, 7, 10]
26	2.5	0.25	0.25	['B-3', 'E5']	['A11']	[0, 6]	[4, 10]
26	2.75	0.125	0.25	['B-3', 'D4', 'E4', 'G4', 'D5']	['M3', 'A4', 'M6', 'M10', 'M2', 'P4', 'P8', 'm3', 'm7', 'P5']	[0, 2, 5, 8]	[2, 4, 7, 10]
27	1.0	1.0	0.25	['A3', 'C#4', 'E4', 'G4', 'C#5']	['M3', 'P5', 'm7', 'M10', 'm3', 'd5', 'P8', 'M6', 'A4']	[0, 2, 5, 8]	[1, 4, 7, 9]
27	1.25	0.125	0.25	['E4', 'C#5', 'E5']	['M6', 'P8', 'm3']	[0, 3]	[1, 4]
27	1.5	0.25	0.25	['G4', 'A4', 'E5', 'G5', 'A5']	['M2', 'M6', 'P8', 'M9', 'P5', 'm7', 'm3', 'P4']	[0, 2, 5]	[4, 7, 9]
27	1.75	0.125	0.25	['F#4', 'E5', 'F#5']	['m7', 'P8', 'M2']	[0, 2]	[4, 6]
27	2.0	0.5	0.25	['G4', 'G5']	['P8']	[0]	[7]
27	2.25	0.125	0.25	['E4', 'E5']	['P8']	[0]	[4]
27	2.5	0.25	0.25	['D4', 'D5']	['P8']	[0]	[2]
27	2.75	0.125	0.25	['C#4', 'G4', 'C#5']	['d5', 'P8', 'A4']	[0, 6]	[1, 7]
28	1.0	1.0	0.25	['A3', 'G4']	['m7']	[0, 2]	[7, 9]
28	1.25	0.125	0.25	['A3', 'C#4', 'E4', 'G4']	['M3', 'P5', 'm7', 'm3', 'd5']	[0, 2, 5, 8]	[1, 4, 7, 9]
28	1.5	0.25	0.25	['A3', 'G4']	['m7']	[0, 2]	[7, 9]
28	1.75	0.125	0.25	['A3', 'C#4', 'E4', 'G4']	['M3', 'P5', 'm7', 'm3', 'd5']	[0, 2, 5, 8]	[1, 4, 7, 9]
28	2.0	0.5	0.25	['B-3', 'E5']	['A11']	[0, 6]	[4, 10]
28	2.25	0.125	0.25	['B-3', 'D4', 'E4', 'G4', 'E5']	['M3', 'A4', 'M6', 'A11', 'M2', 'P4', 'M9', 'm3', 'P8']	[0, 2, 5, 8]	[2, 4, 7, 10]
28	2.5	0.25	0.25	['B-3', 'E5']	['A11']	[0, 6]	[4, 10]
28	2.75	0.125	0.25	['B-3', 'D4', 'E4', 'G4', 'D5']	['M3', 'A4', 'M6', 'M10', 'M2', 'P4', 'P8', 'm3', 'm7', 'P5']	[0, 2, 5, 8]	[2, 4, 7, 10]
29	1.0	1.0	0.25	['A3', 'C#4', 'E4', 'G4', 'C#5']	['M3', 'P5', 'm7', 'M10', 'm3', 'd5', 'P8', 'M6', 'A4']	[0, 2, 5, 8]	[1, 4, 7, 9]
29	1.25	0.125	0.25	['E4', 'C#5', 'E5']	['M6', 'P8', 'm3']	[0, 3]	[1, 4]
29	1.5	0.25	0.25	['G4', 'A4', 'C#5', 'G5', 'A5']	['M2', 'A4', 'P8', 'M9', 'M3', 'm7', 'd5', 'm6']	[0, 2, 6]	[7, 9, 1]
29	1.75	0.125	0.25	['F#4', 'C#5', 'F#5']	['P5', 'P8', 'P4']	[0, 5]	[1, 6]
29	2.0	0.5	0.25	['G4', 'G5']	['P8']	[0]	[7]
29	2.25	0.125	0.25	['E4', 'E5']	['P8']	[0]	[4]
29	2.5	0.25	0.25	['D4', 'C#5', 'D5']	['M7', 'P8', 'm2']	[0, 1]	[1, 2]
29	2.75	0.125	0.25	['C#4', 'C#5']	['P8']	[0]	[1]
30	1.0	1.0	0.25	['A-3', 'C5']	['M10']	[0, 4]	[8, 0]
30	1.25	0.125	0.25	['A-3', 'C4', 'F4', 'C5']	['M3', 'M6', 'M10', 'P4', 'P8', 'P5']	[0, 3, 7]	[5, 8, 0]
30	1.5	0.25	0.25	['A-3', 'C5']	['M10']	[0, 4]	[8, 0]
30	1.75	0.125	0.25	['A-3', 'C4', 'F4', 'C5']	['M3', 'M6', 'M10', 'P4', 'P8', 'P5']	[0, 3, 7]	[5, 8, 0]
30	2.0	0.5	0.25	['B-3', 'D5']	['M10']	[0, 4]	[10, 2]
30	2.25	0.125	0.25	['B-3', 'D4', 'F4', 'D5']	['M3', 'P5', 'M10', 'm3', 'P8', 'M6']	[0, 3, 7]	[10, 2, 5]
30	2.5	0.25	0.25	['B-3', 'C5']	['M9']	[0, 2]	[10, 0]
30	2.75	0.125	0.25	['B-3', 'C4', 'F4', 'C5']	['M2', 'P5', 'M9', 'P4', 'P8']	[0, 2, 7]	[10, 0, 5]
31	1.0	1.0	0.25	['G3', 'B3', 'D4', 'F4', 'B4']	['M3', 'P5', 'm7', 'M10', 'm3', 'd5', 'P8', 'M6', 'A4']	[0, 2, 5, 8]	[11, 2, 5, 7]
31	1.25	0.125	0.25	['D4', 'B4', 'D5']	['M6', 'P8', 'm3']	[0, 3]	[11, 2]
31	1.5	0.25	0.25	['F4', 'G4', 'D5', 'F5', 'G5']	['M2', 'M6', 'P8', 'M9', 'P5', 'm7', 'm3', 'P4']	[0, 2, 5]	[2, 5, 7]
31	1.75	0.125	0.25	['E4', 'D5', 'E5']	['m7', 'P8', 'M2']	[0, 2]	[2, 4]
31	2.0	0.5	0.25	['F4', 'F5']	['P8']	[0]	[5]
31	2.25	0.125	0.25	['D4', 'D5']	['P8']	[0]	[2]
31	2.5	0.25	0.25	['C4', 'C5']	['P8']	[0]	[0]
31	2.75	0.125	0.25	['B3', 'B4']	['P8']	[0]	[11]
32	1.0	1.0	0.25	['G3', 'B4']	['M10']	[0, 4]	[7, 11]
32	1.25	0.125	0.25	['G3', 'B3', 'D4', 'F4', 'B4']	['M3', 'P5', 'm7', 'M10', 'm3', 'd5', 'P8', 'M6', 'A4']	[0, 2, 5, 8]	[11, 2, 5, 7]
32	1.5	0.25	0.25	['G3', 'B4']	['M10']	[0, 4]	[7, 11]
32	1.75	0.125	0.25	['G3', 'B3', 'D4', 'F4', 'B4']	['M3', 'P5', 'm7', 'M10', 'm3', 'd5', 'P8', 'M6', 'A4']	[0, 2, 5, 8]	[11, 2, 5, 7]
32	2.0	0.5	0.25	['B-3', 'D5']	['M10']	[0, 4]	[10, 2]
32	2.25	0.125	0.25	['B-3', 'D4', 'F4', 'D5']	['M3', 'P5', 'M10', 'm3', 'P8', 'M6']	[0, 3, 7]	[10, 2, 5]
32	2.5	0.25	0.25	['A-3', 'D5']	['A11']	[0, 6]	[2, 8]
32	2.75	0.125	0.25	['A-3', 'C4', 'F4', 'C5']	['M3', 'M6', 'M10', 'P4', 'P8', 'P5']	[0, 3, 7]	[5, 8, 0]
33	1.0	1.0	0.25	['G3', 'B3', 'D4', 'F4', 'B4']	['M3', 'P5', 'm7', 'M10', 'm3', 'd5', 'P8', 'M6', 'A4']	[0, 2, 5, 8]	[11, 2, 5, 7]
33	1.25	0.125	0.25	['B3', 'B4']	['P8']	[0]	[11]
33	1.5	0.25	0.25	['B3', 'F4', 'G4', 'B4', 'F5', 'G5']	['d5', 'm6', 'P8', 'd12', 'm13', 'M2', 'A4', 'M9', 'M3', 'm7']	[0, 2, 6]	[5, 7, 11]
33	1.75	0.125	0.25	['B3', 'E4', 'B4', 'E5']	['P4', 'P8', 'P11', 'P5']	[0, 5]	[11, 4]
33	2.0	0.5	0.25	['B3', 'F4', 'F5']	['d5', 'd12', 'P8']	[0, 6]	[5, 11]
33	2.25	0.125	0.25	['B3', 'D4', 'D5', 'F5']	['m3', 'm10', 'd12', 'P8']	[0, 3, 6]	[11, 2, 5]
33	2.5	0.25	0.25	['C4', 'C5', 'F5']	['P8', 'P11', 'P4']	[0, 5]	[0, 5]
33	2.75	0.125	0.25	['G#3', 'B3', 'E4', 'B4', 'E5']	['m3', 'm6', 'm10', 'm13', 'P4', 'P8', 'P11', 'P5']	[0, 3, 7]	[4, 8, 11]
34	1.0	1.0	0.25	['A3', 'E5']	['P12']	[0, 5]	[4, 9]
34	1.25	0.125	0.25	['A3', 'C5', 'E5']	['m10', 'P12', 'M3']	[0, 3, 7]	[9, 0, 4]
34	1.5	0.25	0.25	['D4', 'E5']	['M9']	[0, 2]	[2, 4]
34	1.75	0.125	0.25	['D4', 'F4', 'A4']	['m3', 'P5', 'M3']	[0, 3, 7]	[2, 5, 9]
34	2.0	0.5	0.25	['E4', 'C5']	['m6']	[0, 4]	[0, 4]
34	2.25	0.125	0.25	['E4', 'A4', 'C5']	['P4', 'm6', 'm3']	[0, 3, 7]	[9, 0, 4]
34	2.5	0.25	0.25	['E3', 'B4']	['P12']	[0, 5]	[11, 4]
34	2.75	0.125	0.25	['E3', 'G#4', 'B4']	['M10', 'P12', 'm3']	[0, 3, 7]	[4, 8, 11]
35	1.0	1.0	0.25	['F3', 'D4', 'A4', 'D5']	['M6', 'M10', 'M13', 'P5', 'P8', 'P4']	[0, 3, 7]	[2, 5, 9]
35	1.25	0.125	0.25	['A3', 'A4', 'D5']	['P8', 'P11', 'P4']	[0, 5]	[9, 2]
35	1.5	0.25	0.25	['D4', 'E4', 'D5', 'E5']	['M2', 'P8', 'M9', 'm7']	[0, 2]	[2, 4]
35	1.75	0.125	0.25	['C#4', 'C#5', 'D5']	['P8', 'm9', 'm2']	[0, 1]	[1, 2]
35	2.0	0.5	0.25	['D4', 'D5']	['P8']	[0]	[2]
35	2.25	0.125	0.25	['A3', 'A4', 'D5']	['P8', 'P11', 'P4']	[0, 5]	[9, 2]
35	2.5	0.25	0.25	['G3', 'G4']	['P8']	[0]	[7]
35	2.75	0.125	0.25	['F3', 'F4', 'F5']	['P8', 'P15']	[0]	[5]
36	1.0	1.0	0.25	['C3', 'E5']	['M17']	[0, 4]	[0, 4]
36	1.25	0.125	0.25	['C3', 'E4', 'A4', 'C5', 'E5']	['M10', 'M13', 'P15', 'M17', 'P4', 'm6', 'P8', 'm3', 'P5', 'M3']	[0, 3, 7]	[9, 0, 4]
36	1.5	0.25	0.25	['F3', 'E5']	['M14']	[0, 1]	[4, 5]
36	1.75	0.125	0.25	['F3', 'A3', 'C4', 'A4']	['M3', 'P5', 'M10', 'm3', 'P8', 'M6']	[0, 3, 7]	[5, 9, 0]
36	2.0	0.5	0.25	['D3', 'C5']	['m14']	[0, 2]	[0, 2]
36	2.25	0.125	0.25	['D3', 'A3', 'C4', 'C5']	['P5', 'm7', 'm14', 'm3', 'm10', 'P8']	[0, 2, 5]	[9, 0, 2]
36	2.5	0.25	0.25	['E3', 'A3', 'C4', 'B4']	['P4', 'm6', 'P12', 'm3', 'M9', 'M7']	[0, 2, 3, 7]	[9, 11, 0, 4]
36	2.75	0.125	0.25	['E3', 'G#3', 'B3', 'B4']	['M3', 'P5', 'P12', 'm3', 'm10', 'P8']	[0, 3, 7]	[4, 8, 11]
37	1.0	1.0	1.0	['A2', 'A3', 'A4']	['P8', 'P15']	[0]	[9]
37	2.0	0.5	1.0	['G2', 'A2', 'E3', 'A3']	['M2', 'M6', 'M9', 'P5', 'P8', 'P4']	[0, 2, 5]	[4, 7, 9]
37	1.0	1.0	4.25	['A3']	[]	[0]	[9]
38	1.0	1.0	0.25	['F2', 'A2', 'D3', 'A3', 'D4', 'A4']	['M3', 'M6', 'M10', 'M13', 'M17', 'P4', 'P8', 'P11', 'P15', 'P5', 'P12']	[0, 3, 7]	[2, 5, 9]
38	1.25	0.125	0.25	['F2', 'A2', 'A3', 'D4', 'A4']	['M3', 'M10', 'M13', 'M17', 'P8', 'P11', 'P15', 'P4', 'P5']	[0, 3, 7]	[2, 5, 9]
38	1.5	0.25	0.25	['F2', 'B-2', 'C3', 'A3', 'D4', 'A4']	['P4', 'P5', 'M10', 'M13', 'M17', 'M2', 'M7', 'M14', 'M6', 'M9', 'P8']	[0, 1, 3, 5, 8]	[9, 10, 0, 2, 5]
38	1.75	0.125	0.25	['F2', 'G2', 'A3', 'D4', 'A4']	['M2', 'M10', 'M13', 'M17', 'M9', 'P12', 'M16', 'P4', 'P8', 'P5']	[0, 2, 4, 7]	[2, 5, 7, 9]
38	2.0	0.5	0.25	['A2', 'A3', 'D4', 'A4']	['P8', 'P11', 'P15', 'P4', 'P5']	[0, 5]	[9, 2]
38	2.25	0.125	0.25	['F2', 'A2', 'A3', 'D4', 'A4']	['M3', 'M10', 'M13', 'M17', 'P8', 'P11', 'P15', 'P4', 'P5']	[0, 3, 7]	[2, 5, 9]
38	2.5	0.25	0.25	['E2', 'A2', 'A3', 'D4', 'A4']	['P4', 'P11', 'm14', 'P18', 'P8', 'P15', 'P5']	[0, 2, 7]	[2, 4, 9]
38	2.75	0.125	0.25	['D2', 'A2', 'A3', 'D4', 'A4']	['P5', 'P12', 'P15', 'P19', 'P8', 'P11', 'P4']	[0, 5]	[9, 2]
38	1.0	1.0	2.0	['D4', 'A4']	['P5']	[0, 5]	[9, 2]
39	1.0	1.0	2.0	['A1', 'A2', 'A3']	['P8', 'P15']	[0]	[9]
