1	1.0	1.0	1.0	['E2']	[]	[0]	[4]
1	2.0	0.5	0.5	['E2', 'B2', 'G#3', 'E4']	['P5', 'M10', 'P15', 'M6', 'P11', 'm6']	[0, 3, 7]	[4, 8, 11]
1	2.5	0.25	0.5	['E2', 'B2', 'B3', 'F#4']	['P5', 'P12', 'M16', 'P8']	[0, 2, 7]	[4, 6, 11]
1	3.0	0.5	0.5	['E2', 'B2', 'E4', 'G#4']	['P5', 'P15', 'M17', 'P11', 'M13', 'M3']	[0, 3, 7]	[4, 8, 11]
1	3.5	0.25	0.5	['E2', 'B2', 'F#4', 'A4']	['P5', 'M16', 'P18', 'P12', 'm14', 'm3']	[0, 2, 5, 7]	[4, 6, 9, 11]
2	1.0	1.0	1.0	['B1', 'B2', 'E4', 'G#4']	['P8', 'P18', 'M20', 'P11', 'M13', 'M3']	[0, 3, 7]	[4, 8, 11]
2	2.0	0.5	0.5	['B1', 'B2', 'D#4', 'F#4']	['P8', 'M17', 'P19', 'M10', 'P12', 'm3']	[0, 3, 7]	[11, 3, 6]
2	2.5	0.25	0.5	['B1', 'B2', 'A3', 'C#4']	['P8', 'm14', 'M16', 'm7', 'M9', 'M3']	[0, 2, 4]	[9, 11, 1]
2	3.0	0.5	0.75	['B1', 'B2', 'D#4', 'F#4']	['P8', 'M17', 'P19', 'M10', 'P12', 'm3']	[0, 3, 7]	[11, 3, 6]
2	3.75	0.125	0.25	['B1', 'B2', 'A4', 'C#5']	['P8', 'm21', 'M23', 'm14', 'M16', 'M3']	[0, 2, 4]	[9, 11, 1]
3	1.0	1.0	1.0	['E2', 'B2', 'A4', 'C#5']	['P5', 'P18', 'M20', 'm14', 'M16', 'M3']	[0, 2, 4, 7]	[9, 11, 1, 4]
3	2.0	0.5	0.5	['E2', 'B2', 'G#4', 'B4']	['P5', 'M17', 'P19', 'M13', 'P15', 'm3']	[0, 3, 7]	[4, 8, 11]
3	2.5	0.25	0.5	['E2', 'B2', 'E4', 'G#4']	['P5', 'P15', 'M17', 'P11', 'M13', 'M3']	[0, 3, 7]	[4, 8, 11]
3	3.0	0.5	0.5	['E2', 'B2', 'G#3', 'E4']	['P5', 'M10', 'P15', 'M6', 'P11', 'm6']	[0, 3, 7]	[4, 8, 11]
3	3.5	0.25	0.5	['E2', 'B2', 'E4', 'G#4']	['P5', 'P15', 'M17', 'P11', 'M13', 'M3']	[0, 3, 7]	[4, 8, 11]
4	1.0	1.0	1.0	['B1', 'B2', 'E4', 'G#4']	['P8', 'P18', 'M20', 'P11', 'M13', 'M3']	[0, 3, 7]	[4, 8, 11]
4	2.0	0.5	0.5	['B1', 'B2', 'D#4', 'F#4']	['P8', 'M17', 'P19', 'M10', 'P12', 'm3']	[0, 3, 7]	[11, 3, 6]
4	2.5	0.25	0.5	['B1', 'B2', 'A3', 'C#4']	['P8', 'm14', 'M16', 'm7', 'M9', 'M3']	[0, 2, 4]	[9, 11, 1]
4	3.0	0.5	0.75	['B1', 'B2', 'D#4', 'F#4']	['P8', 'M17', 'P19', 'M10', 'P12', 'm3']	[0, 3, 7]	[11, 3, 6]
4	3.75	0.125	0.25	['B1', 'B2', 'A3', 'C#4']	['P8', 'm14', 'M16', 'm7', 'M9', 'M3']	[0, 2, 4]	[9, 11, 1]
5	1.0	1.0	1.0	['E2', 'B2', 'A3', 'C#4']	['P5', 'P11', 'M13', 'm7', 'M9', 'M3']	[0, 2, 4, 7]	[9, 11, 1, 4]
5	2.0	0.5	0.5	['E2', 'B2', 'G#3', 'B3']	['P5', 'M10', 'P12', 'M6', 'P8', 'm3']	[0, 3, 7]	[4, 8, 11]
5	2.5	0.25	0.5	['E2', 'B2', 'G#3', 'E4']	['P5', 'M10', 'P15', 'M6', 'P11', 'm6']	[0, 3, 7]	[4, 8, 11]
5	3.0	0.5	0.5	['E2', 'B2', 'B3', 'F#4']	['P5', 'P12', 'M16', 'P8']	[0, 2, 7]	[4, 6, 11]
5	3.5	0.25	0.25	['E2', 'B2', 'E4', 'F#4', 'G#4']	['P5', 'P15', 'M16', 'M17', 'P11', 'P12', 'M13', 'M2', 'M3']	[0, 2, 4, 7]	[4, 6, 8, 11]
5	3.75	0.125	0.25	['E2', 'B2', 'E4', 'G#4']	['P5', 'P15', 'M17', 'P11', 'M13', 'M3']	[0, 3, 7]	[4, 8, 11]
6	1.0	1.0	1.0	['B1', 'B2', 'E4', 'G#4']	['P8', 'P18', 'M20', 'P11', 'M13', 'M3']	[0, 3, 7]	[4, 8, 11]
6	2.0	0.5	0.5	['B1', 'B2', 'D#4', 'F#4']	['P8', 'M17', 'P19', 'M10', 'P12', 'm3']	[0, 3, 7]	[11, 3, 6]
6	2.5	0.25	0.5	['B1', 'B2', 'A3', 'C#4', 'F#4']	['P8', 'm14', 'M16', 'P19', 'm7', 'M9', 'P12', 'M3', 'M6', 'P4']	[0, 2, 4, 7]	[6, 9, 11, 1]
6	3.0	0.5	0.75	['B1', 'B2', 'D#4', 'F#4']	['P8', 'M17', 'P19', 'M10', 'P12', 'm3']	[0, 3, 7]	[11, 3, 6]
6	3.75	0.125	0.25	['B1', 'B2', 'A4', 'C#5']	['P8', 'm21', 'M23', 'm14', 'M16', 'M3']	[0, 2, 4]	[9, 11, 1]
7	1.0	1.0	1.0	['E2', 'B2', 'A4', 'C#5']	['P5', 'P18', 'M20', 'm14', 'M16', 'M3']	[0, 2, 4, 7]	[9, 11, 1, 4]
7	2.0	0.5	0.5	['E2', 'B2', 'G#4', 'B4']	['P5', 'M17', 'P19', 'M13', 'P15', 'm3']	[0, 3, 7]	[4, 8, 11]
7	2.5	0.25	0.5	['E2', 'B2', 'E4', 'G#4']	['P5', 'P15', 'M17', 'P11', 'M13', 'M3']	[0, 3, 7]	[4, 8, 11]
7	3.0	0.5	0.5	['E2', 'B2', 'G#3', 'E4']	['P5', 'M10', 'P15', 'M6', 'P11', 'm6']	[0, 3, 7]	[4, 8, 11]
7	3.5	0.25	0.25	['E2', 'B2', 'E4', 'G#4']	['P5', 'P15', 'M17', 'P11', 'M13', 'M3']	[0, 3, 7]	[4, 8, 11]
7	3.75	0.125	0.25	['E2', 'B2', 'E4', 'G#4']	['P5', 'P15', 'M17', 'P11', 'M13', 'M3']	[0, 3, 7]	[4, 8, 11]
8	1.0	1.0	1.0	['B1', 'B2', 'E4', 'G#4']	['P8', 'P18', 'M20', 'P11', 'M13', 'M3']	[0, 3, 7]	[4, 8, 11]
8	2.0	0.5	0.5	['B1', 'B2', 'D#4', 'F#4']	['P8', 'M17', 'P19', 'M10', 'P12', 'm3']	[0, 3, 7]	[11, 3, 6]
8	2.5	0.25	0.5	['B1', 'B2', 'A3', 'C#4', 'F#4']	['P8', 'm14', 'M16', 'P19', 'm7', 'M9', 'P12', 'M3', 'M6', 'P4']	[0, 2, 4, 7]	[6, 9, 11, 1]
8	3.0	0.5	0.5	['B1', 'B2', 'D#4', 'F#4']	['P8', 'M17', 'P19', 'M10', 'P12', 'm3']	[0, 3, 7]	[11, 3, 6]
8	3.5	0.25	0.5	['B1', 'B2', 'A3', 'C#4', 'F#4']	['P8', 'm14', 'M16', 'P19', 'm7', 'M9', 'P12', 'M3', 'M6', 'P4']	[0, 2, 4, 7]	[6, 9, 11, 1]
9	1.0	1.0	0.5	['E2', 'B2', 'G#4']	['P5', 'M17', 'M13']	[0, 3, 7]	[4, 8, 11]
9	1.5	0.25	0.5	['E2', 'B2', 'G#3', 'E4', 'G#4']	['P5', 'M10', 'P15', 'M17', 'M6', 'P11', 'M13', 'm6', 'P8', 'M3']	[0, 3, 7]	[4, 8, 11]
9	2.0	0.5	0.5	['E2', 'B2', 'G#3', 'E4', 'G#4']	['P5', 'M10', 'P15', 'M17', 'M6', 'P11', 'M13', 'm6', 'P8', 'M3']	[0, 3, 7]	[4, 8, 11]
9	2.5	0.25	0.5	['E2', 'B2', 'G#3', 'E4', 'G#4']	['P5', 'M10', 'P15', 'M17', 'M6', 'P11', 'M13', 'm6', 'P8', 'M3']	[0, 3, 7]	[4, 8, 11]
9	3.0	0.5	0.5	['E2', 'B2', 'G#3', 'E4', 'G#4']	['P5', 'M10', 'P15', 'M17', 'M6', 'P11', 'M13', 'm6', 'P8', 'M3']	[0, 3, 7]	[4, 8, 11]
9	3.5	0.25	0.5	['E2', 'B2', 'G#3', 'E4', 'G#4']	['P5', 'M10', 'P15', 'M17', 'M6', 'P11', 'M13', 'm6', 'P8', 'M3']	[0, 3, 7]	[4, 8, 11]
10	1.0	1.0	0.5	['A#1', 'A#2', 'A#4']	['P8', 'P22', 'P15']	[0]	[10]
10	1.5	0.25	0.5	['A#1', 'A#2', 'C##4', 'E#4', 'G#4', 'A#4']	['P8', 'M17', 'P19', 'm21', 'P22', 'M10', 'P12', 'm14', 'P15', 'm3', 'd5', 'm6', 'P4', 'M2']	[0, 2, 5, 8]	[2, 5, 8, 10]
10	2.0	0.5	0.5	['A#1', 'A#2', 'C##4', 'E#4', 'G#4', 'A#4']	['P8', 'M17', 'P19', 'm21', 'P22', 'M10', 'P12', 'm14', 'P15', 'm3', 'd5', 'm6', 'P4', 'M2']	[0, 2, 5, 8]	[2, 5, 8, 10]
10	2.5	0.25	0.5	['A#1', 'A#2', 'C##4', 'E#4', 'G#4', 'A#4']	['P8', 'M17', 'P19', 'm21', 'P22', 'M10', 'P12', 'm14', 'P15', 'm3', 'd5', 'm6', 'P4', 'M2']	[0, 2, 5, 8]	[2, 5, 8, 10]
10	3.0	0.5	0.5	['A#1', 'A#2', 'B#4']	['P8', 'M23', 'M16']	[0, 2]	[10, 0]
10	3.5	0.25	0.5	['A#1', 'A#2', 'C##4', 'E#4', 'G#4', 'A#4', 'C##5']	['P8', 'M17', 'P19', 'm21', 'P22', 'M24', 'M10', 'P12', 'm14', 'P15', 'm3', 'd5', 'm6', 'P4', 'M6', 'M2', 'A4', 'M3']	[0, 2, 5, 8]	[2, 5, 8, 10]
11	1.0	1.0	0.5	['D#1', 'D#2', 'D#5']	['P8', 'P29', 'P22']	[0]	[3]
11	1.5	0.25	0.5	['D#1', 'D#2', 'D#4', 'F#4', 'A#4', 'D#5']	['P8', 'P22', 'm24', 'P26', 'P29', 'P15', 'm17', 'P19', 'm3', 'P5', 'M3', 'M6', 'P4']	[0, 3, 7]	[3, 6, 10]
11	2.0	0.5	0.5	['D#1', 'D#2', 'D#4', 'F#4', 'A#4']	['P8', 'P22', 'm24', 'P26', 'P15', 'm17', 'P19', 'm3', 'P5', 'M3']	[0, 3, 7]	[3, 6, 10]
11	2.5	0.25	0.5	['D#1', 'D#2', 'D#4', 'F#4', 'A#4']	['P8', 'P22', 'm24', 'P26', 'P15', 'm17', 'P19', 'm3', 'P5', 'M3']	[0, 3, 7]	[3, 6, 10]
11	3.0	0.5	0.3333333333333333	['G#1', 'G#2', 'B#4']	['P8', 'M24', 'M17']	[0, 4]	[8, 0]
11	333/100	0.0625	0.16666666666666666	['G#1', 'G#2', 'A#4']	['P8', 'M23', 'M16']	[0, 2]	[8, 10]
11	3.5	0.25	0.16666666666666666	['G#1', 'G#2', 'D#4', 'F#4', 'G#4', 'A#4', 'B#4']	['P8', 'P19', 'm21', 'P22', 'M23', 'M24', 'P12', 'm14', 'P15', 'M16', 'M17', 'm3', 'P4', 'P5', 'M6', 'M2', 'M3', 'A4']	[0, 2, 4, 6, 9]	[6, 8, 10, 0, 3]
11	367/100	0.0625	0.3333333333333333	['G#1', 'G#2', 'D#4', 'F#4', 'G#4', 'B#4']	['P8', 'P19', 'm21', 'P22', 'M24', 'P12', 'm14', 'P15', 'M17', 'm3', 'P4', 'M6', 'M2', 'A4', 'M3']	[0, 2, 5, 8]	[0, 3, 6, 8]
12	1.0	1.0	0.5	['C#2', 'C#3', 'C#5']	['P8', 'P22', 'P15']	[0]	[1]
12	1.5	0.25	0.5	['C#2', 'C#3', 'E4', 'G#4', 'C#5']	['P8', 'm17', 'P19', 'P22', 'm10', 'P12', 'P15', 'M3', 'M6', 'P4']	[0, 3, 7]	[1, 4, 8]
12	2.0	0.5	0.5	['C#2', 'C#3', 'E4', 'G#4', 'C#5']	['P8', 'm17', 'P19', 'P22', 'm10', 'P12', 'P15', 'M3', 'M6', 'P4']	[0, 3, 7]	[1, 4, 8]
12	2.5	0.25	0.5	['C#2', 'C#3', 'E4', 'G#4', 'C#5']	['P8', 'm17', 'P19', 'P22', 'm10', 'P12', 'P15', 'M3', 'M6', 'P4']	[0, 3, 7]	[1, 4, 8]
12	3.0	0.5	0.3333333333333333	['F#2', 'F#3', 'A#4', 'B4']	['P8', 'M17', 'P18', 'M10', 'P11', 'm2']	[0, 1, 5]	[6, 10, 11]
12	333/100	0.0625	0.16666666666666666	['F#2', 'F#3', 'G#4']	['P8', 'M16', 'M9']	[0, 2]	[6, 8]
12	3.5	0.25	0.16666666666666666	['F#2', 'F#3', 'E4', 'F#4', 'G#4', 'A#4']	['P8', 'm14', 'P15', 'M16', 'M17', 'm7', 'M9', 'M10', 'M2', 'M3', 'A4']	[0, 2, 4, 6]	[4, 6, 8, 10]
12	367/100	0.0625	0.3333333333333333	['F#2', 'F#3', 'E4', 'F#4', 'A#4']	['P8', 'm14', 'P15', 'M17', 'm7', 'M10', 'M2', 'A4', 'M3']	[0, 2, 6]	[4, 6, 10]
13	1.0	1.0	0.5	['B2', 'B3', 'B4']	['P8', 'P15']	[0]	[11]
13	1.5	0.25	0.5	['D#4', 'F#4', 'B4']	['m3', 'm6', 'P4']	[0, 3, 7]	[11, 3, 6]
13	2.0	0.5	0.5	['G#3', 'A3', 'B3', 'D#4', 'F#4', 'B4']	['m2', 'm3', 'P5', 'm7', 'm10', 'M2', 'A4', 'M6', 'M9', 'M3', 'P8', 'm6', 'P4']	[0, 2, 3, 5, 8]	[3, 6, 8, 9, 11]
13	2.5	0.25	0.5	['A3', 'D#4', 'F#4', 'B4']	['A4', 'M6', 'M9', 'm3', 'm6', 'P4']	[0, 2, 5, 8]	[3, 6, 9, 11]
13	3.0	0.5	0.5	['A3', 'B4']	['M9']	[0, 2]	[9, 11]
13	3.5	0.25	0.5	['A3', 'D#4', 'F#4', 'B4']	['A4', 'M6', 'M9', 'm3', 'm6', 'P4']	[0, 2, 5, 8]	[3, 6, 9, 11]
14	1.0	1.0	0.75	['B2', 'G#3', 'E4', 'G#4', 'B4', 'E5']	['M6', 'P11', 'M13', 'P15', 'P18', 'm6', 'P8', 'm10', 'm13', 'M3', 'P5', 'm3', 'P4']	[0, 3, 7]	[4, 8, 11]
14	1.75	0.125	0.25	['B2', 'E3', 'B3', 'E4', 'G#4', 'B4']	['P4', 'P8', 'P11', 'M13', 'P15', 'P5', 'M10', 'P12', 'M6', 'M3', 'm3']	[0, 3, 7]	[4, 8, 11]
14	2.0	0.5	0.5	['B2', 'B3', 'E4', 'G#4']	['P8', 'P11', 'M13', 'P4', 'M6', 'M3']	[0, 3, 7]	[4, 8, 11]
14	2.5	0.25	0.5	['G#4']	[]	[0]	[8]
14	3.0	0.5	0.25	['B1', 'B2', 'A3', 'D#4', 'F#4']	['P8', 'm14', 'M17', 'P19', 'm7', 'M10', 'P12', 'A4', 'M6', 'm3']	[0, 2, 5, 8]	[3, 6, 9, 11]
14	3.25	0.125	0.25	['B1', 'B2', 'A3', 'D#4', 'E4', 'F#4']	['P8', 'm14', 'M17', 'P18', 'P19', 'm7', 'M10', 'P11', 'P12', 'A4', 'P5', 'M6', 'm2', 'm3', 'M2']	[0, 1, 3, 6, 8]	[3, 4, 6, 9, 11]
14	3.5	0.25	0.25				
14	3.75	0.125	0.25	['F#4']	[]	[0]	[6]
15	1.0	1.0	0.5	['C2', 'G2', 'E3', 'E4']	['P5', 'M10', 'M17', 'M6', 'M13', 'P8']	[0, 3, 7]	[0, 4, 7]
15	1.5	0.25	0.5	['C3', 'G3', 'E4']	['P5', 'M10', 'M6']	[0, 3, 7]	[0, 4, 7]
15	2.0	0.5	0.5	['E3', 'C4', 'E4']	['m6', 'P8', 'M3']	[0, 4]	[0, 4]
15	2.5	0.25	0.5	['G3', 'E4']	['M6']	[0, 3]	[4, 7]
15	3.0	0.5	0.5	['C4', 'E4']	['M3']	[0, 4]	[0, 4]
15	3.5	0.25	0.5	['E4']	[]	[0]	[4]
16	1.0	1.0	0.5	['C2', 'G2', 'E3']	['P5', 'M10', 'M6']	[0, 3, 7]	[0, 4, 7]
16	1.5	0.25	0.5	['C3', 'G3']	['P5']	[0, 5]	[7, 0]
16	2.0	0.5	0.5	['E3', 'C4']	['m6']	[0, 4]	[0, 4]
16	2.5	0.25	0.5	['G3', 'E4']	['M6']	[0, 3]	[4, 7]
16	3.0	0.5	0.5	['C4']	[]	[0]	[0]
16	3.5	0.25	0.5	['E4']	[]	[0]	[4]
17	1.0	1.0	0.5	['C2', 'G2', 'E3', 'G4']	['P5', 'M10', 'P19', 'M6', 'P15', 'm10']	[0, 3, 7]	[0, 4, 7]
17	1.5	0.25	0.5	['C3', 'G3', 'G4']	['P5', 'P12', 'P8']	[0, 5]	[7, 0]
17	2.0	0.5	0.5	['E3', 'C4', 'G4']	['m6', 'm10', 'P5']	[0, 3, 7]	[0, 4, 7]
17	2.5	0.25	0.5	['G3', 'E4', 'G4']	['M6', 'P8', 'm3']	[0, 3]	[4, 7]
17	3.0	0.5	0.5	['C4', 'G4']	['P5']	[0, 5]	[7, 0]
17	3.5	0.25	0.25	['E4', 'G4']	['m3']	[0, 3]	[4, 7]
17	3.75	0.125	0.25	['E4', 'G4']	['m3']	[0, 3]	[4, 7]
18	1.0	1.0	0.5	['C2', 'A2', 'F3', 'A4']	['M6', 'P11', 'M20', 'm6', 'P15', 'M10']	[0, 3, 7]	[5, 9, 0]
18	1.5	0.25	0.5	['C3', 'A3', 'A4']	['M6', 'M13', 'P8']	[0, 3]	[9, 0]
18	2.0	0.5	0.5	['F3', 'C4', 'A4']	['P5', 'M10', 'M6']	[0, 3, 7]	[5, 9, 0]
18	2.5	0.25	0.5	['A3', 'F4', 'A4']	['m6', 'P8', 'M3']	[0, 4]	[5, 9]
18	3.0	0.5	0.5	['C4', 'A4']	['M6']	[0, 3]	[9, 0]
18	3.5	0.25	0.5	['F4', 'A4']	['M3']	[0, 4]	[5, 9]
19	1.0	1.0	0.5	['C2', 'G2', 'G3', 'B4']	['P5', 'P12', 'M21', 'P8', 'M17', 'M10']	[0, 1, 5]	[7, 11, 0]
19	1.5	0.25	0.5	['D3', 'B3', 'B4']	['M6', 'M13', 'P8']	[0, 3]	[11, 2]
19	2.0	0.5	0.5	['G3', 'D4', 'B4']	['P5', 'M10', 'M6']	[0, 3, 7]	[7, 11, 2]
19	2.5	0.25	0.5	['B3', 'G4', 'B4']	['m6', 'P8', 'M3']	[0, 4]	[7, 11]
19	3.0	0.5	0.5	['D4', 'A4']	['P5']	[0, 5]	[9, 2]
19	3.5	0.25	0.5	['G4', 'B4']	['M3']	[0, 4]	[7, 11]
20	1.0	1.0	0.5	['C2', 'G2', 'E3', 'C5']	['P5', 'M10', 'P22', 'M6', 'P18', 'm13']	[0, 3, 7]	[0, 4, 7]
20	1.5	0.25	0.5	['C3', 'G3', 'C5']	['P5', 'P15', 'P11']	[0, 5]	[7, 0]
20	2.0	0.5	0.5	['E3', 'C4', 'C5']	['m6', 'm13', 'P8']	[0, 4]	[0, 4]
20	2.5	0.25	0.5	['G3', 'E4', 'C5']	['M6', 'P11', 'm6']	[0, 3, 7]	[0, 4, 7]
20	3.0	0.5	0.5	['C4']	[]	[0]	[0]
20	3.5	0.25	0.5	['E4', 'G4']	['m3']	[0, 3]	[4, 7]
21	1.0	1.0	0.5	['C2', 'G2', 'E3', 'G4']	['P5', 'M10', 'P19', 'M6', 'P15', 'm10']	[0, 3, 7]	[0, 4, 7]
21	1.5	0.25	0.5	['C3', 'G3', 'G4']	['P5', 'P12', 'P8']	[0, 5]	[7, 0]
21	2.0	0.5	0.5	['E3', 'C4']	['m6']	[0, 4]	[0, 4]
21	2.5	0.25	0.5	['G3', 'E4']	['M6']	[0, 3]	[4, 7]
21	3.0	0.5	0.5	['C4', 'G4']	['P5']	[0, 5]	[7, 0]
21	3.5	0.25	0.5	['E4', 'G4']	['m3']	[0, 3]	[4, 7]
22	1.0	1.0	0.5	['C2', 'A2', 'E-3', 'F#3', 'A4']	['M6', 'm10', 'A11', 'M20', 'd5', 'P15', 'A2']	[0, 3, 6, 9]	[0, 3, 6, 9]
22	1.5	0.25	0.5	['C3', 'A3', 'A4']	['M6', 'M13', 'P8']	[0, 3]	[9, 0]
22	2.0	0.5	0.5	['F#3', 'C4', 'A4']	['d5', 'm10', 'M6']	[0, 3, 6]	[6, 9, 0]
22	2.5	0.25	0.5	['A3', 'F#4', 'A4']	['M6', 'P8', 'm3']	[0, 3]	[6, 9]
22	3.0	0.5	0.5	['C4', 'A4']	['M6']	[0, 3]	[9, 0]
22	3.5	0.25	0.5	['F#4', 'A4']	['m3']	[0, 3]	[6, 9]
23	1.0	1.0	0.5	['C2', 'G2', 'D3', 'F3', 'B4']	['P5', 'M9', 'P11', 'M21', 'm7', 'M17', 'm3', 'M13', 'A11']	[0, 1, 3, 6, 8]	[11, 0, 2, 5, 7]
23	1.5	0.25	0.5	['D3', 'B3', 'B4']	['M6', 'M13', 'P8']	[0, 3]	[11, 2]
23	2.0	0.5	0.5	['F3', 'D4', 'B4']	['M6', 'A11']	[0, 3, 6]	[11, 2, 5]
23	2.5	0.25	0.5	['B3', 'G4', 'B4']	['m6', 'P8', 'M3']	[0, 4]	[7, 11]
23	3.0	0.5	0.5	['D4', 'A4']	['P5']	[0, 5]	[9, 2]
23	3.5	0.25	0.5	['G4', 'B4']	['M3']	[0, 4]	[7, 11]
24	1.0	1.0	0.5	['C2', 'G2', 'E3', 'C5']	['P5', 'M10', 'P22', 'M6', 'P18', 'm13']	[0, 3, 7]	[0, 4, 7]
24	1.5	0.25	0.5	['C3', 'G3', 'C5']	['P5', 'P15', 'P11']	[0, 5]	[7, 0]
24	2.0	0.5	0.5	['E3', 'C4', 'C5']	['m6', 'm13', 'P8']	[0, 4]	[0, 4]
24	2.5	0.25	0.5	['G3', 'E4', 'C5']	['M6', 'P11', 'm6']	[0, 3, 7]	[0, 4, 7]
24	3.0	0.5	0.5	['C4']	[]	[0]	[0]
24	3.5	0.25	0.5	['E4']	[]	[0]	[4]
25	1.0	1.0	0.5	['C4', 'E5']	['M10']	[0, 4]	[0, 4]
25	1.5	0.25	0.5	['C4', 'G4', 'A#4', 'E5']	['P5', 'A6', 'M10', 'A2', 'M6', 'd5']	[0, 2, 5, 8]	[4, 7, 10, 0]
25	2.0	0.5	0.5	['C4', 'G4', 'A#4', 'E5']	['P5', 'A6', 'M10', 'A2', 'M6', 'd5']	[0, 2, 5, 8]	[4, 7, 10, 0]
25	2.5	0.25	0.5	['C4', 'G4', 'A#4', 'E5']	['P5', 'A6', 'M10', 'A2', 'M6', 'd5']	[0, 2, 5, 8]	[4, 7, 10, 0]
25	3.0	0.5	0.5	['C5', 'E5']	['M3']	[0, 4]	[0, 4]
25	3.5	0.25	0.5	['F#4', 'A#4', 'E5']	['M3', 'm7', 'd5']	[0, 2, 6]	[4, 6, 10]
26	1.0	1.0	0.5	['B3', 'D#5']	['M10']	[0, 4]	[11, 3]
26	1.5	0.25	0.5	['B3', 'F#4', 'B4', 'D#5']	['P5', 'P8', 'M10', 'P4', 'M6', 'M3']	[0, 3, 7]	[11, 3, 6]
26	2.0	0.5	0.5	['B3', 'F#4', 'B4', 'D#5']	['P5', 'P8', 'M10', 'P4', 'M6', 'M3']	[0, 3, 7]	[11, 3, 6]
26	2.5	0.25	0.5	['B3', 'F#4', 'B4', 'D#5']	['P5', 'P8', 'M10', 'P4', 'M6', 'M3']	[0, 3, 7]	[11, 3, 6]
26	3.0	0.5	0.5	['B3', 'F#4', 'B4', 'D#5']	['P5', 'P8', 'M10', 'P4', 'M6', 'M3']	[0, 3, 7]	[11, 3, 6]
26	3.5	0.25	0.5	['B3', 'F#4', 'B4', 'D#5']	['P5', 'P8', 'M10', 'P4', 'M6', 'M3']	[0, 3, 7]	[11, 3, 6]
27	1.0	1.0	0.5	['B-3', 'D5']	['M10']	[0, 4]	[10, 2]
27	1.5	0.25	0.5	['B-3', 'E4', 'G#4', 'D5']	['A4', 'A6', 'M10', 'M3', 'm7', 'd5']	[0, 2, 6, 8]	[2, 4, 8, 10]
27	2.0	0.5	0.5	['B-3', 'E4', 'G#4', 'D5']	['A4', 'A6', 'M10', 'M3', 'm7', 'd5']	[0, 2, 6, 8]	[2, 4, 8, 10]
27	2.5	0.25	0.5	['B-3', 'E4', 'G#4', 'D5']	['A4', 'A6', 'M10', 'M3', 'm7', 'd5']	[0, 2, 6, 8]	[2, 4, 8, 10]
27	3.0	0.5	0.5	['B-4', 'C#5']	['A2']	[0, 3]	[10, 1]
27	3.5	0.25	0.5	['E4', 'G#4', 'D5']	['M3', 'm7', 'd5']	[0, 2, 6]	[2, 4, 8]
28	1.0	1.0	0.5	['A3', 'C#5']	['M10']	[0, 4]	[9, 1]
28	1.5	0.25	0.5	['A3', 'E4', 'A4', 'C#5']	['P5', 'P8', 'M10', 'P4', 'M6', 'M3']	[0, 3, 7]	[9, 1, 4]
28	2.0	0.5	0.5	['A3', 'E4', 'A4', 'C#5']	['P5', 'P8', 'M10', 'P4', 'M6', 'M3']	[0, 3, 7]	[9, 1, 4]
28	2.5	0.25	0.5	['A3', 'E4', 'A4', 'C#5']	['P5', 'P8', 'M10', 'P4', 'M6', 'M3']	[0, 3, 7]	[9, 1, 4]
28	3.0	0.5	0.5	['A3', 'E4', 'A4', 'C#5']	['P5', 'P8', 'M10', 'P4', 'M6', 'M3']	[0, 3, 7]	[9, 1, 4]
28	3.5	0.25	0.5	['A3', 'E4', 'A4', 'C#5']	['P5', 'P8', 'M10', 'P4', 'M6', 'M3']	[0, 3, 7]	[9, 1, 4]
29	1.0	1.0	0.5	['A2', 'A3', 'C#5']	['P8', 'M17', 'M10']	[0, 4]	[9, 1]
29	1.5	0.25	0.5	['A2', 'A3', 'E4', 'A4', 'C#5']	['P8', 'P12', 'P15', 'M17', 'P5', 'M10', 'P4', 'M6', 'M3']	[0, 3, 7]	[9, 1, 4]
29	2.0	0.5	0.5	['A2', 'A3', 'E4', 'A4', 'C5']	['P8', 'P12', 'P15', 'm17', 'P5', 'm10', 'P4', 'm6', 'm3']	[0, 3, 7]	[9, 0, 4]
29	2.5	0.25	0.5	['A2', 'A3', 'E4', 'A4', 'C5']	['P8', 'P12', 'P15', 'm17', 'P5', 'm10', 'P4', 'm6', 'm3']	[0, 3, 7]	[9, 0, 4]
29	3.0	0.5	0.5	['G2', 'G3']	['P8']	[0]	[7]
29	3.5	0.25	0.5	['G2', 'G3', 'E4', 'B4']	['P8', 'M13', 'M17', 'M6', 'M10', 'P5']	[0, 3, 7]	[4, 7, 11]
30	1.0	1.0	0.5	['D3', 'D4', 'B4']	['P8', 'M13', 'M6']	[0, 3]	[11, 2]
30	1.5	0.25	0.5	['D3', 'D4', 'E4', 'B4']	['P8', 'M9', 'M13', 'M2', 'M6', 'P5']	[0, 2, 5]	[11, 2, 4]
30	2.0	0.5	0.5	['C3', 'C4', 'A4']	['P8', 'M13', 'M6']	[0, 3]	[9, 0]
30	2.5	0.25	0.5	['C3', 'C4', 'E4', 'A4']	['P8', 'M10', 'M13', 'M3', 'M6', 'P4']	[0, 3, 7]	[9, 0, 4]
30	3.0	0.5	0.5	['B2', 'B3', 'A4']	['P8', 'm14', 'm7']	[0, 2]	[9, 11]
30	3.5	0.25	0.5	['B2', 'B3', 'E4', 'G4']	['P8', 'P11', 'm13', 'P4', 'm6', 'm3']	[0, 3, 7]	[4, 7, 11]
31	1.0	1.0	0.5	['A2', 'A3', 'F#4']	['P8', 'M13', 'M6']	[0, 3]	[6, 9]
31	1.5	0.25	0.5	['A2', 'A3', 'C4', 'E4', 'F#4']	['P8', 'm10', 'P12', 'M13', 'm3', 'P5', 'M6', 'M3', 'A4', 'M2']	[0, 2, 5, 8]	[4, 6, 9, 0]
31	2.0	0.5	0.5	['A2', 'A3', 'C4', 'E4', 'F#4']	['P8', 'm10', 'P12', 'M13', 'm3', 'P5', 'M6', 'M3', 'A4', 'M2']	[0, 2, 5, 8]	[4, 6, 9, 0]
31	2.5	0.25	0.5	['A2', 'A3', 'C4', 'E4', 'F#4']	['P8', 'm10', 'P12', 'M13', 'm3', 'P5', 'M6', 'M3', 'A4', 'M2']	[0, 2, 5, 8]	[4, 6, 9, 0]
31	3.0	0.5	0.5	['A1', 'A2', 'C4', 'E4', 'F#4']	['P8', 'm17', 'P19', 'M20', 'm10', 'P12', 'M13', 'M3', 'A4', 'M2']	[0, 2, 5, 8]	[4, 6, 9, 0]
31	3.5	0.25	0.5	['A1', 'A2', 'C4', 'E4', 'F#4']	['P8', 'm17', 'P19', 'M20', 'm10', 'P12', 'M13', 'M3', 'A4', 'M2']	[0, 2, 5, 8]	[4, 6, 9, 0]
32	1.0	1.0	0.5	['B1', 'B2', 'F#4']	['P8', 'P19', 'P12']	[0, 5]	[6, 11]
32	1.5	0.25	0.5	['B1', 'B2', 'B3', 'D#4', 'F#4']	['P8', 'P15', 'M17', 'P19', 'M10', 'P12', 'M3', 'P5', 'm3']	[0, 3, 7]	[11, 3, 6]
32	2.0	0.5	0.5	['B1', 'B2', 'B3', 'D#4', 'F#4']	['P8', 'P15', 'M17', 'P19', 'M10', 'P12', 'M3', 'P5', 'm3']	[0, 3, 7]	[11, 3, 6]
32	2.5	0.25	0.5	['B1', 'A2', 'B3', 'D#4', 'F#4']	['m7', 'P15', 'M17', 'P19', 'M9', 'A11', 'M13', 'M3', 'P5', 'm3']	[0, 2, 5, 8]	[3, 6, 9, 11]
32	3.0	0.5	0.5	['B1', 'G#2', 'B3', 'E4']	['M6', 'P15', 'P18', 'm10', 'm13', 'P4']	[0, 3, 7]	[4, 8, 11]
32	3.5	0.25	0.5	['B1', 'F#2', 'A3', 'D#4', 'F#4']	['P5', 'm14', 'M17', 'P19', 'm10', 'M13', 'P15', 'A4', 'M6', 'm3']	[0, 2, 5, 8]	[3, 6, 9, 11]
33	1.0	1.0	1.0	['E2', 'G#3', 'E4', 'G#4']	['M10', 'P15', 'M17', 'm6', 'P8', 'M3']	[0, 4]	[4, 8]
33	2.0	0.5	0.5	['E2', 'B2', 'G#3', 'E4']	['P5', 'M10', 'P15', 'M6', 'P11', 'm6']	[0, 3, 7]	[4, 8, 11]
33	2.5	0.25	0.5	['E2', 'B2', 'G#3', 'E4']	['P5', 'M10', 'P15', 'M6', 'P11', 'm6']	[0, 3, 7]	[4, 8, 11]
33	3.0	0.5	0.75	['E2', 'B2', 'B3', 'F#4']	['P5', 'P12', 'M16', 'P8']	[0, 2, 7]	[4, 6, 11]
33	3.75	0.125	0.25	['E2', 'B2', 'E4', 'G#4']	['P5', 'P15', 'M17', 'P11', 'M13', 'M3']	[0, 3, 7]	[4, 8, 11]
34	1.0	1.0	1.0	['B1', 'B2', 'E4', 'G#4']	['P8', 'P18', 'M20', 'P11', 'M13', 'M3']	[0, 3, 7]	[4, 8, 11]
34	2.0	0.5	0.5	['B1', 'B2', 'D#4', 'F#4']	['P8', 'M17', 'P19', 'M10', 'P12', 'm3']	[0, 3, 7]	[11, 3, 6]
34	2.5	0.25	0.5	['B1', 'B2', 'A3', 'C#4', 'F#4']	['P8', 'm14', 'M16', 'P19', 'm7', 'M9', 'P12', 'M3', 'M6', 'P4']	[0, 2, 4, 7]	[6, 9, 11, 1]
34	3.0	0.5	0.5	['B1', 'B2', 'D#4', 'F#4']	['P8', 'M17', 'P19', 'M10', 'P12', 'm3']	[0, 3, 7]	[11, 3, 6]
34	3.5	0.25	0.25	['B1', 'B2', 'D#4', 'F#4', 'C#5']	['P8', 'M17', 'P19', 'M23', 'M10', 'P12', 'M16', 'm3', 'm7', 'P5']	[0, 2, 4, 7]	[11, 1, 3, 6]
34	3.75	0.125	0.25	['B1', 'B2', 'A4', 'C#5']	['P8', 'm21', 'M23', 'm14', 'M16', 'M3']	[0, 2, 4]	[9, 11, 1]
35	1.0	1.0	1.0	['E2', 'B2', 'A4', 'C#5']	['P5', 'P18', 'M20', 'm14', 'M16', 'M3']	[0, 2, 4, 7]	[9, 11, 1, 4]
35	2.0	0.5	0.5	['E2', 'B2', 'G#4', 'B4', 'C#5']	['P5', 'M17', 'P19', 'M20', 'M13', 'P15', 'M16', 'm3', 'P4', 'M2']	[0, 3, 5, 8]	[8, 11, 1, 4]
35	2.5	0.25	0.5	['E2', 'B2', 'E4', 'G#4', 'B4']	['P5', 'P15', 'M17', 'P19', 'P11', 'M13', 'M3', 'm3']	[0, 3, 7]	[4, 8, 11]
35	3.0	0.5	0.5	['E2', 'B2', 'G#3', 'E4']	['P5', 'M10', 'P15', 'M6', 'P11', 'm6']	[0, 3, 7]	[4, 8, 11]
35	3.5	0.25	0.5	['E2', 'B2', 'E4', 'G#4']	['P5', 'P15', 'M17', 'P11', 'M13', 'M3']	[0, 3, 7]	[4, 8, 11]
36	1.0	1.0	1.0	['B1', 'B2', 'E4', 'G#4']	['P8', 'P18', 'M20', 'P11', 'M13', 'M3']	[0, 3, 7]	[4, 8, 11]
36	2.0	0.5	0.5	['B1', 'B2', 'D#4', 'F#4']	['P8', 'M17', 'P19', 'M10', 'P12', 'm3']	[0, 3, 7]	[11, 3, 6]
36	2.5	0.25	0.5	['B1', 'B2', 'A3', 'C#4', 'F#4']	['P8', 'm14', 'M16', 'P19', 'm7', 'M9', 'P12', 'M3', 'M6', 'P4']	[0, 2, 4, 7]	[6, 9, 11, 1]
36	3.0	0.5	0.75	['B1', 'B2', 'B3', 'D#4', 'F#4']	['P8', 'P15', 'M17', 'P19', 'M10', 'P12', 'M3', 'P5', 'm3']	[0, 3, 7]	[11, 3, 6]
36	3.75	0.125	0.25	['B1', 'B2', 'A3', 'B3', 'C#4', 'F#4']	['P8', 'm14', 'P15', 'M16', 'P19', 'm7', 'M9', 'P12', 'M2', 'M3', 'M6', 'P5', 'P4']	[0, 2, 4, 7]	[6, 9, 11, 1]
37	1.0	1.0	1.0	['E2', 'B2', 'A3', 'C#4', 'E4']	['P5', 'P11', 'M13', 'P15', 'm7', 'M9', 'M3', 'm3']	[0, 2, 4, 7]	[9, 11, 1, 4]
37	2.0	0.5	0.5	['E2', 'B2', 'G#3', 'B3', 'E4']	['P5', 'M10', 'P12', 'P15', 'M6', 'P8', 'P11', 'm3', 'm6', 'P4']	[0, 3, 7]	[4, 8, 11]
37	2.5	0.25	0.5	['E2', 'B2', 'G#3', 'E4']	['P5', 'M10', 'P15', 'M6', 'P11', 'm6']	[0, 3, 7]	[4, 8, 11]
37	3.0	0.5	0.75	['E2', 'B2', 'D#4', 'F#4']	['P5', 'M14', 'M16', 'M10', 'P12', 'm3']	[0, 2, 3, 7]	[11, 3, 4, 6]
37	3.75	0.125	0.25	['E2', 'B2', 'E4', 'G#4']	['P5', 'P15', 'M17', 'P11', 'M13', 'M3']	[0, 3, 7]	[4, 8, 11]
38	1.0	1.0	0.75	['B1', 'B2', 'E4', 'G#4']	['P8', 'P18', 'M20', 'P11', 'M13', 'M3']	[0, 3, 7]	[4, 8, 11]
38	1.75	0.125	0.25	['B1', 'B2', 'E4', 'F#4', 'G#4']	['P8', 'P18', 'P19', 'M20', 'P11', 'P12', 'M13', 'M2', 'M3']	[0, 2, 4, 7]	[4, 6, 8, 11]
38	2.0	0.5	0.5	['B1', 'B2', 'D#4', 'F#4']	['P8', 'M17', 'P19', 'M10', 'P12', 'm3']	[0, 3, 7]	[11, 3, 6]
38	2.5	0.25	0.5	['B1', 'B2', 'A3', 'C#4', 'F#4']	['P8', 'm14', 'M16', 'P19', 'm7', 'M9', 'P12', 'M3', 'M6', 'P4']	[0, 2, 4, 7]	[6, 9, 11, 1]
38	3.0	0.5	0.5	['B1', 'B2', 'D#4', 'F#4']	['P8', 'M17', 'P19', 'M10', 'P12', 'm3']	[0, 3, 7]	[11, 3, 6]
38	3.5	0.25	0.5	['B1', 'B2', 'A4', 'C#5']	['P8', 'm21', 'M23', 'm14', 'M16', 'M3']	[0, 2, 4]	[9, 11, 1]
39	1.0	1.0	1.0	['E2', 'B2', 'A4', 'C#5']	['P5', 'P18', 'M20', 'm14', 'M16', 'M3']	[0, 2, 4, 7]	[9, 11, 1, 4]
39	2.0	0.5	0.5	['E2', 'B2', 'G#4', 'B4', 'C#5']	['P5', 'M17', 'P19', 'M20', 'M13', 'P15', 'M16', 'm3', 'P4', 'M2']	[0, 3, 5, 8]	[8, 11, 1, 4]
39	2.5	0.25	0.5	['E2', 'B2', 'E4', 'G#4', 'B4']	['P5', 'P15', 'M17', 'P19', 'P11', 'M13', 'M3', 'm3']	[0, 3, 7]	[4, 8, 11]
39	3.0	0.5	0.5	['E2', 'B2', 'G#3', 'E4']	['P5', 'M10', 'P15', 'M6', 'P11', 'm6']	[0, 3, 7]	[4, 8, 11]
39	3.5	0.25	0.5	['E2', 'B2', 'E4', 'G#4']	['P5', 'P15', 'M17', 'P11', 'M13', 'M3']	[0, 3, 7]	[4, 8, 11]
40	1.0	1.0	1.0	['B1', 'B2', 'E4', 'G#4']	['P8', 'P18', 'M20', 'P11', 'M13', 'M3']	[0, 3, 7]	[4, 8, 11]
40	2.0	0.5	0.5	['B1', 'B2', 'D#4', 'F#4']	['P8', 'M17', 'P19', 'M10', 'P12', 'm3']	[0, 3, 7]	[11, 3, 6]
40	2.5	0.25	0.5	['B1', 'B2', 'A3', 'C#4', 'F#4']	['P8', 'm14', 'M16', 'P19', 'm7', 'M9', 'P12', 'M3', 'M6', 'P4']	[0, 2, 4, 7]	[6, 9, 11, 1]
40	3.0	0.5	0.5	['B2', 'D#4', 'F#4']	['M10', 'P12', 'm3']	[0, 3, 7]	[11, 3, 6]
40	3.5	0.25	0.5	['B1', 'B2', 'A3', 'D#4', 'F#4']	['P8', 'm14', 'M17', 'P19', 'm7', 'M10', 'P12', 'A4', 'M6', 'm3']	[0, 2, 5, 8]	[3, 6, 9, 11]
41	1.0	1.0	0.5	['E2', 'B2', 'G3', 'E4', 'G4']	['P5', 'm10', 'P15', 'm17', 'm6', 'P11', 'm13', 'M6', 'P8', 'm3']	[0, 3, 7]	[4, 7, 11]
41	1.5	0.25	0.5	['E2', 'B2', 'G3', 'E4', 'G4']	['P5', 'm10', 'P15', 'm17', 'm6', 'P11', 'm13', 'M6', 'P8', 'm3']	[0, 3, 7]	[4, 7, 11]
41	2.0	0.5	1.0	['G4']	[]	[0]	[7]
41	3.0	0.5	0.5	['D2', 'D3', 'A3', 'F#4', 'A4']	['P8', 'P12', 'M17', 'P19', 'P5', 'M10', 'M6', 'm3']	[0, 3, 7]	[2, 6, 9]
41	3.5	0.25	0.5	['A4']	[]	[0]	[9]
42	1.0	1.0	0.5	['G2', 'G3', 'B3', 'G4', 'B4']	['P8', 'M10', 'P15', 'M17', 'M3', 'm6']	[0, 4]	[7, 11]
42	1.5	0.25	0.25	['B4']	[]	[0]	[11]
42	1.75	0.125	0.25	['C5']	[]	[0]	[0]
42	2.0	0.5	0.75	['G3', 'B3', 'G4', 'B4', 'D5']	['M3', 'P8', 'M10', 'P12', 'm6', 'm10', 'P5', 'm3']	[0, 3, 7]	[7, 11, 2]
42	2.75	0.125	0.25	['A3', 'C4', 'A4', 'C5', 'D5']	['m3', 'P8', 'm10', 'P11', 'M6', 'M9', 'P4', 'M2']	[0, 2, 5]	[9, 0, 2]
42	3.0	0.5	0.5	['B3', 'D4', 'B4', 'D5']	['m3', 'P8', 'm10', 'M6']	[0, 3]	[11, 2]
42	3.5	0.25	0.5	['B3', 'D4', 'B4', 'D5']	['m3', 'P8', 'm10', 'M6']	[0, 3]	[11, 2]
43	1.0	1.0	0.75	['B3', 'D4', 'B4', 'D5']	['m3', 'P8', 'm10', 'M6']	[0, 3]	[11, 2]
43	1.75	0.125	0.25	['B3', 'D4', 'G4', 'B4', 'D5']	['m3', 'm6', 'P8', 'm10', 'P4', 'M6', 'M3', 'P5']	[0, 3, 7]	[7, 11, 2]
43	2.0	0.5	0.5	['E3', 'G3', 'E4', 'G4']	['m3', 'P8', 'm10', 'M6']	[0, 3]	[4, 7]
43	2.5	0.25	0.5	['E3', 'G3', 'E4', 'G4']	['m3', 'P8', 'm10', 'M6']	[0, 3]	[4, 7]
43	3.0	0.5	0.3333333333333333	['D3', 'F#3', 'A3', 'D4', 'F#4', 'A4']	['M3', 'P5', 'P8', 'M10', 'P12', 'm3', 'm6', 'm10', 'P4', 'M6']	[0, 3, 7]	[2, 6, 9]
43	333/100	0.0625	0.16666666666666666	['D3', 'F#3', 'A3', 'D4', 'F#4', 'G4', 'A4']	['M3', 'P5', 'P8', 'M10', 'P11', 'P12', 'm3', 'm6', 'm9', 'm10', 'P4', 'M6', 'm7', 'm2', 'M2']	[0, 2, 3, 7]	[2, 6, 7, 9]
43	3.5	0.25	0.16666666666666666	['C3', 'E3', 'A3', 'C4', 'E4', 'G4', 'A4']	['M3', 'M6', 'P8', 'M10', 'P12', 'M13', 'P4', 'm6', 'm10', 'P11', 'm3', 'P5', 'm7', 'M2']	[0, 3, 5, 8]	[4, 7, 9, 0]
43	367/100	0.0625	0.3333333333333333	['C3', 'E3', 'A3', 'C4', 'E4', 'A4']	['M3', 'M6', 'P8', 'M10', 'M13', 'P4', 'm6', 'P11', 'm3', 'P5']	[0, 3, 7]	[9, 0, 4]
44	1.0	1.0	0.5	['B2', 'F#3', 'B3', 'D#4', 'B4']	['P5', 'P8', 'M10', 'P15', 'P4', 'M6', 'P11', 'M3', 'm6']	[0, 3, 7]	[11, 3, 6]
44	1.5	0.25	0.5	['B3', 'B4']	['P8']	[0]	[11]
44	2.0	0.5	0.5	['B3', 'B4']	['P8']	[0]	[11]
44	2.5	0.25	0.5	['B3', 'B4']	['P8']	[0]	[11]
44	3.0	0.5	0.5	['B3', 'B4']	['P8']	[0]	[11]
44	3.5	0.25	0.5	['B3', 'B4']	['P8']	[0]	[11]
45	1.0	1.0	0.5	['E2', 'B2', 'G#3']	['P5', 'M10', 'M6']	[0, 3, 7]	[4, 8, 11]
45	1.5	0.25	0.5	['E3', 'B3']	['P5']	[0, 5]	[11, 4]
45	2.0	0.5	0.5	['G#3', 'E4']	['m6']	[0, 4]	[4, 8]
45	2.5	0.25	0.5	['B3', 'G#4']	['M6']	[0, 3]	[8, 11]
45	3.0	0.5	0.5	['E4']	[]	[0]	[4]
45	3.5	0.25	0.5	['G#4']	[]	[0]	[8]
46	1.0	1.0	0.5	['E2', 'B2', 'G#3']	['P5', 'M10', 'M6']	[0, 3, 7]	[4, 8, 11]
46	1.5	0.25	0.5	['E3', 'B3']	['P5']	[0, 5]	[11, 4]
46	2.0	0.5	0.5	['G#3', 'E4']	['m6']	[0, 4]	[4, 8]
46	2.5	0.25	0.5	['B3', 'G#4']	['M6']	[0, 3]	[8, 11]
46	3.0	0.5	0.5	['E4']	[]	[0]	[4]
46	3.5	0.25	0.5	['G#4', 'B4']	['m3']	[0, 3]	[8, 11]
47	1.0	1.0	0.5	['E2', 'B2', 'G#3', 'B4']	['P5', 'M10', 'P19', 'M6', 'P15', 'm10']	[0, 3, 7]	[4, 8, 11]
47	1.5	0.25	0.5	['E3', 'B3', 'B4']	['P5', 'P12', 'P8']	[0, 5]	[11, 4]
47	2.0	0.5	0.5	['G#3', 'E4', 'B4']	['m6', 'm10', 'P5']	[0, 3, 7]	[4, 8, 11]
47	2.5	0.25	0.5	['B3', 'G#4', 'B4']	['M6', 'P8', 'm3']	[0, 3]	[8, 11]
47	3.0	0.5	0.5	['E4', 'B4']	['P5']	[0, 5]	[11, 4]
47	3.5	0.25	0.5	['G#4', 'B4']	['m3']	[0, 3]	[8, 11]
48	1.0	1.0	0.5	['E2', 'C#3', 'A3', 'C#5']	['M6', 'P11', 'M20', 'm6', 'P15', 'M10']	[0, 3, 7]	[9, 1, 4]
48	1.5	0.25	0.5	['E3', 'C#4', 'C#5']	['M6', 'M13', 'P8']	[0, 3]	[1, 4]
48	2.0	0.5	0.5	['A3', 'E4', 'C#5']	['P5', 'M10', 'M6']	[0, 3, 7]	[9, 1, 4]
48	2.5	0.25	0.5	['C#4', 'A4', 'C#5']	['m6', 'P8', 'M3']	[0, 4]	[9, 1]
48	3.0	0.5	0.5	['E4']	[]	[0]	[4]
48	3.5	0.25	0.5	['A4', 'C#5']	['M3']	[0, 4]	[9, 1]
49	1.0	1.0	0.5	['E2', 'B2', 'A3', 'D#5']	['P5', 'P11', 'M21', 'm7', 'M17', 'A11']	[0, 1, 5, 7]	[9, 11, 3, 4]
49	1.5	0.25	0.5	['F#3', 'D#4', 'D#5']	['M6', 'M13', 'P8']	[0, 3]	[3, 6]
49	2.0	0.5	0.5	['A3', 'F#4', 'D#5']	['M6', 'A11']	[0, 3, 6]	[3, 6, 9]
49	2.5	0.25	0.5	['D#4', 'B4', 'D#5']	['m6', 'P8', 'M3']	[0, 4]	[11, 3]
49	3.0	0.5	0.5	['F#4', 'C#5']	['P5']	[0, 5]	[1, 6]
49	3.5	0.25	0.5	['B4', 'D#5']	['M3']	[0, 4]	[11, 3]
50	1.0	1.0	0.5	['E2', 'B2', 'G#3', 'E5']	['P5', 'M10', 'P22', 'M6', 'P18', 'm13']	[0, 3, 7]	[4, 8, 11]
50	1.5	0.25	0.5	['E3', 'B3', 'E5']	['P5', 'P15', 'P11']	[0, 5]	[11, 4]
50	2.0	0.5	0.5	['G#3', 'E4']	['m6']	[0, 4]	[4, 8]
50	2.5	0.25	0.5	['B3', 'G#4', 'B4']	['M6', 'P8', 'm3']	[0, 3]	[8, 11]
50	3.0	0.5	0.5	['E4', 'B4']	['P5']	[0, 5]	[11, 4]
50	3.5	0.25	0.5	['G#4', 'B4']	['m3']	[0, 3]	[8, 11]
51	1.0	1.0	0.5	['E2', 'B2', 'G#3', 'B4']	['P5', 'M10', 'P19', 'M6', 'P15', 'm10']	[0, 3, 7]	[4, 8, 11]
51	1.5	0.25	0.5	['E3', 'B3', 'B4']	['P5', 'P12', 'P8']	[0, 5]	[11, 4]
51	2.0	0.5	0.5	['G#3', 'E4', 'B4']	['m6', 'm10', 'P5']	[0, 3, 7]	[4, 8, 11]
51	2.5	0.25	0.5	['B3', 'G#4', 'B4']	['M6', 'P8', 'm3']	[0, 3]	[8, 11]
51	3.0	0.5	0.5	['E4', 'B4']	['P5']	[0, 5]	[11, 4]
51	3.5	0.25	0.5	['G#4', 'B4']	['m3']	[0, 3]	[8, 11]
52	1.0	1.0	0.5	['E2', 'C#3', 'A3', 'C#5']	['M6', 'P11', 'M20', 'm6', 'P15', 'M10']	[0, 3, 7]	[9, 1, 4]
52	1.5	0.25	0.5	['E3', 'C#4', 'C#5']	['M6', 'M13', 'P8']	[0, 3]	[1, 4]
52	2.0	0.5	0.5	['A3', 'E4', 'C#5']	['P5', 'M10', 'M6']	[0, 3, 7]	[9, 1, 4]
52	2.5	0.25	0.5	['C#4', 'A4', 'C#5']	['m6', 'P8', 'M3']	[0, 4]	[9, 1]
52	3.0	0.5	0.5	['E4', 'C#5']	['M6']	[0, 3]	[1, 4]
52	3.5	0.25	0.5	['A4', 'C#5']	['M3']	[0, 4]	[9, 1]
53	1.0	1.0	0.5	['E2', 'B2', 'A3', 'D#5']	['P5', 'P11', 'M21', 'm7', 'M17', 'A11']	[0, 1, 5, 7]	[9, 11, 3, 4]
53	1.5	0.25	0.5	['F#3', 'D#4', 'D#5']	['M6', 'M13', 'P8']	[0, 3]	[3, 6]
53	2.0	0.5	0.5	['A3', 'F#4', 'D#5']	['M6', 'A11']	[0, 3, 6]	[3, 6, 9]
53	2.5	0.25	0.5	['D#4', 'B4', 'D#5']	['m6', 'P8', 'M3']	[0, 4]	[11, 3]
53	3.0	0.5	0.5	['F#4', 'C#5', 'D#5', 'E5']	['P5', 'M6', 'm7', 'M2', 'm3', 'm2']	[0, 2, 3, 5]	[1, 3, 4, 6]
53	3.5	0.25	0.25	['B4', 'C#5']	['M2']	[0, 2]	[11, 1]
53	3.75	0.125	0.25	['B4', 'D#5']	['M3']	[0, 4]	[11, 3]
54	1.0	1.0	0.5	['E2', 'B2', 'G#3', 'E5']	['P5', 'M10', 'P22', 'M6', 'P18', 'm13']	[0, 3, 7]	[4, 8, 11]
54	1.5	0.25	0.5	['E3', 'B3', 'E5']	['P5', 'P15', 'P11']	[0, 5]	[11, 4]
54	2.0	0.5	0.5	['G#3', 'E4', 'E5']	['m6', 'm13', 'P8']	[0, 4]	[4, 8]
54	2.5	0.25	0.5	['B3', 'G#4', 'E5']	['M6', 'P11', 'm6']	[0, 3, 7]	[4, 8, 11]
54	3.0	0.5	0.5	['E4']	[]	[0]	[4]
54	3.5	0.25	0.5	['G#4', 'E5']	['m6']	[0, 4]	[4, 8]
55	1.0	1.0	0.5	['E4', 'E5', 'G#5']	['P8', 'M10', 'M3']	[0, 4]	[4, 8]
55	1.5	0.25	0.5	['E4', 'B4', 'D5', 'E5', 'G#5']	['P5', 'm7', 'P8', 'M10', 'm3', 'P4', 'M6', 'M2', 'A4', 'M3']	[0, 2, 5, 8]	[8, 11, 2, 4]
55	2.0	0.5	0.5	['E4', 'B4', 'D5', 'E5', 'G#5']	['P5', 'm7', 'P8', 'M10', 'm3', 'P4', 'M6', 'M2', 'A4', 'M3']	[0, 2, 5, 8]	[8, 11, 2, 4]
55	2.5	0.25	0.5	['E4', 'B4', 'D5', 'E5', 'G#5']	['P5', 'm7', 'P8', 'M10', 'm3', 'P4', 'M6', 'M2', 'A4', 'M3']	[0, 2, 5, 8]	[8, 11, 2, 4]
55	3.0	0.5	0.5	['E5', 'G#5']	['M3']	[0, 4]	[4, 8]
55	3.5	0.25	0.5	['A#4', 'C##5', 'E5', 'G#5']	['M3', 'd5', 'm7', 'd3']	[0, 2, 6, 8]	[2, 4, 8, 10]
56	1.0	1.0	0.5	['D#4', 'D#5', 'F##5']	['P8', 'M10', 'M3']	[0, 4]	[3, 7]
56	1.5	0.25	0.5	['D#4', 'A#4', 'D#5', 'F##5']	['P5', 'P8', 'M10', 'P4', 'M6', 'M3']	[0, 3, 7]	[3, 7, 10]
56	2.0	0.5	0.5	['D#4', 'A#4', 'D#5', 'F##5']	['P5', 'P8', 'M10', 'P4', 'M6', 'M3']	[0, 3, 7]	[3, 7, 10]
56	2.5	0.25	0.5	['D#4', 'A#4', 'D#5', 'F##5']	['P5', 'P8', 'M10', 'P4', 'M6', 'M3']	[0, 3, 7]	[3, 7, 10]
56	3.0	0.5	0.5	['D#4', 'A#4', 'D#5', 'F##5']	['P5', 'P8', 'M10', 'P4', 'M6', 'M3']	[0, 3, 7]	[3, 7, 10]
56	3.5	0.25	0.5	['D#4', 'A#4', 'D#5', 'F##5']	['P5', 'P8', 'M10', 'P4', 'M6', 'M3']	[0, 3, 7]	[3, 7, 10]
57	1.0	1.0	0.5	['D4', 'D5', 'F5', 'F#5']	['P8', 'm10', 'M10', 'm3', 'M3', 'A1']	[0, 1, 4]	[2, 5, 6]
57	1.5	0.25	0.5	['D4', 'G#4', 'B#4', 'D5', 'F5', 'F#5']	['A4', 'A6', 'P8', 'm10', 'M10', 'M3', 'd5', 'd7', 'm7', 'd3', 'dd5', 'm3', 'A1']	[0, 2, 3, 6, 8]	[0, 2, 5, 6, 8]
57	2.0	0.5	0.5	['D4', 'G#4', 'B#4', 'D5', 'F5', 'F#5']	['A4', 'A6', 'P8', 'm10', 'M10', 'M3', 'd5', 'd7', 'm7', 'd3', 'dd5', 'm3', 'A1']	[0, 2, 3, 6, 8]	[0, 2, 5, 6, 8]
57	2.5	0.25	0.5	['D4', 'G#4', 'B#4', 'D5', 'F5', 'F#5']	['A4', 'A6', 'P8', 'm10', 'M10', 'M3', 'd5', 'd7', 'm7', 'd3', 'dd5', 'm3', 'A1']	[0, 2, 3, 6, 8]	[0, 2, 5, 6, 8]
57	3.0	0.5	0.5	['C#5', 'D5', 'E#5', 'F#5', 'G#5']	['m2', 'M3', 'P4', 'P5', 'A2', 'A4', 'm3', 'M2']	[0, 1, 4, 5, 7]	[1, 2, 5, 6, 8]
57	3.5	0.25	0.5	['G#4', 'B#4', 'D5', 'F#5']	['M3', 'd5', 'm7', 'd3']	[0, 2, 6, 8]	[0, 2, 6, 8]
58	1.0	1.0	0.5	['C#4', 'C#5', 'E#5']	['P8', 'M10', 'M3']	[0, 4]	[1, 5]
58	1.5	0.25	0.5	['C#4', 'G#4', 'C#5', 'E#5']	['P5', 'P8', 'M10', 'P4', 'M6', 'M3']	[0, 3, 7]	[1, 5, 8]
58	2.0	0.5	0.5	['C#4', 'G#4', 'C#5', 'E#5']	['P5', 'P8', 'M10', 'P4', 'M6', 'M3']	[0, 3, 7]	[1, 5, 8]
58	2.5	0.25	0.5	['C#4', 'G#4', 'C#5', 'E#5']	['P5', 'P8', 'M10', 'P4', 'M6', 'M3']	[0, 3, 7]	[1, 5, 8]
58	3.0	0.5	0.5	['C#4', 'G#4', 'C#5', 'E#5']	['P5', 'P8', 'M10', 'P4', 'M6', 'M3']	[0, 3, 7]	[1, 5, 8]
58	3.5	0.25	0.5	['C#4', 'G#4', 'C#5', 'E#5']	['P5', 'P8', 'M10', 'P4', 'M6', 'M3']	[0, 3, 7]	[1, 5, 8]
59	1.0	1.0	0.5	['A#2', 'E3', 'C#4', 'F##4', 'C#5', 'E5']	['d5', 'm10', 'M13', 'm17', 'd19', 'M6', 'A9', 'P15', 'A4', 'P8', 'd7', 'm3']	[0, 3, 6, 9]	[1, 4, 7, 10]
59	1.5	0.25	0.5				
59	2.0	0.5	0.5	['A#2', 'E3', 'C#4', 'F##4', 'C#5', 'E5']	['d5', 'm10', 'M13', 'm17', 'd19', 'M6', 'A9', 'P15', 'A4', 'P8', 'd7', 'm3']	[0, 3, 6, 9]	[1, 4, 7, 10]
59	2.5	0.25	0.5				
59	3.0	0.5	0.5	['A#2', 'E3', 'C#4', 'F##4', 'C#5', 'E5']	['d5', 'm10', 'M13', 'm17', 'd19', 'M6', 'A9', 'P15', 'A4', 'P8', 'd7', 'm3']	[0, 3, 6, 9]	[1, 4, 7, 10]
59	3.5	0.25	0.5	['E5']	[]	[0]	[4]
60	1.0	1.0	0.5	['B2', 'E3', 'B3', 'G#4', 'B4', 'E5']	['P4', 'P8', 'M13', 'P15', 'P18', 'P5', 'M10', 'P12', 'M6', 'P11', 'm3', 'm6']	[0, 3, 7]	[4, 8, 11]
60	1.5	0.25	0.25	['E5']	[]	[0]	[4]
60	1.75	0.125	0.25	['G#4']	[]	[0]	[8]
60	2.0	0.5	0.5	['B1', 'B2', 'B3', 'E4', 'G#4']	['P8', 'P15', 'P18', 'M20', 'P11', 'M13', 'P4', 'M6', 'M3']	[0, 3, 7]	[4, 8, 11]
60	2.5	0.25	0.5	['G#4']	[]	[0]	[8]
60	3.0	0.5	0.5	['A1', 'A2', 'B3', 'D#4', 'F4', 'F#4']	['P8', 'M16', 'A18', 'm20', 'M20', 'M9', 'A11', 'm13', 'M13', 'M3', 'd5', 'P5', 'd3', 'm3', 'A1']	[0, 2, 3, 6, 8]	[3, 5, 6, 9, 11]
60	3.5	0.25	0.5	['F#4']	[]	[0]	[6]
61	1.0	1.0	0.5	['G#1', 'G#2', 'B3', 'D4', 'E#4']	['P8', 'm17', 'd19', 'M20', 'm10', 'd12', 'M13', 'm3', 'A4', 'A2']	[0, 3, 6, 9]	[2, 5, 8, 11]
61	1.5	0.25	0.5				
61	2.0	0.5	1.5	['G#3', 'B3', 'D4', 'E#4', 'B4']	['m3', 'd5', 'M6', 'm10', 'A4', 'P8', 'A2']	[0, 3, 6, 9]	[2, 5, 8, 11]
61	3.5	0.25	0.5	['G3', 'B3', 'D4', 'E#4', 'B4']	['M3', 'P5', 'A6', 'M10', 'm3', 'A4', 'P8', 'A2', 'M6', 'd5']	[0, 2, 5, 8]	[11, 2, 5, 7]
62	1.0	1.0	0.5	['F#3', 'A3', 'B3', 'D#4', 'F#4', 'B4']	['m3', 'P4', 'M6', 'P8', 'P11', 'M2', 'A4', 'M9', 'M3', 'P5', 'm6']	[0, 2, 5, 8]	[3, 6, 9, 11]
62	1.5	0.25	0.5	['B4']	[]	[0]	[11]
62	2.0	0.5	1.5	['A1', 'A2', 'B3', 'D#4', 'F#4', 'B4']	['P8', 'M16', 'A18', 'M20', 'M23', 'M9', 'A11', 'M13', 'M3', 'P5', 'm3', 'm6', 'P4']	[0, 2, 5, 8]	[3, 6, 9, 11]
62	3.5	0.25	0.5	['G#1', 'G#2', 'B3', 'E4', 'G#4', 'B4']	['P8', 'm17', 'm20', 'P22', 'm24', 'm10', 'm13', 'P15', 'P4', 'M6', 'M3', 'P5', 'm3']	[0, 3, 7]	[4, 8, 11]
63	1.0	1.0	0.75	['F#1', 'F#2', 'C#4', 'E4', 'B4']	['P8', 'P19', 'm21', 'P25', 'P12', 'm14', 'P18', 'm3', 'm7', 'P5']	[0, 2, 5, 7]	[11, 1, 4, 6]
63	1.75	0.125	0.25	['A1', 'A2', 'C#4', 'E4']	['P8', 'M17', 'P19', 'M10', 'P12', 'm3']	[0, 3, 7]	[9, 1, 4]
63	2.0	0.5	1.0	['B1', 'B2', 'B3', 'E4', 'G#4']	['P8', 'P15', 'P18', 'M20', 'P11', 'M13', 'P4', 'M6', 'M3']	[0, 3, 7]	[4, 8, 11]
63	3.0	0.5	1.0	['B1', 'B2', 'A3', 'D#4', 'F#4']	['P8', 'm14', 'M17', 'P19', 'm7', 'M10', 'P12', 'A4', 'M6', 'm3']	[0, 2, 5, 8]	[3, 6, 9, 11]
64	1.0	1.0	1.0	['E1', 'E2', 'G#3', 'E4']	['P8', 'M17', 'P22', 'M10', 'P15', 'm6']	[0, 4]	[4, 8]
64	2.0	0.5	0.5	['E1', 'E2', 'G#3', 'E4']	['P8', 'M17', 'P22', 'M10', 'P15', 'm6']	[0, 4]	[4, 8]
64	2.5	0.25	0.5	['E1', 'E2', 'B3', 'E4', 'F#4']	['P8', 'P19', 'P22', 'M23', 'P12', 'P15', 'M16', 'P4', 'P5', 'M2']	[0, 2, 7]	[4, 6, 11]
64	3.0	0.5	0.5	['B2', 'E4', 'G#4']	['P11', 'M13', 'M3']	[0, 3, 7]	[4, 8, 11]
64	3.5	0.25	0.5	['B2', 'E4', 'F#4', 'A4']	['P11', 'P12', 'm14', 'M2', 'P4', 'm3']	[0, 2, 5, 7]	[4, 6, 9, 11]
65	1.0	1.0	1.0	['B1', 'B2', 'E4', 'G#4']	['P8', 'P18', 'M20', 'P11', 'M13', 'M3']	[0, 3, 7]	[4, 8, 11]
65	2.0	0.5	0.5	['B1', 'B2', 'D#4', 'F#4']	['P8', 'M17', 'P19', 'M10', 'P12', 'm3']	[0, 3, 7]	[11, 3, 6]
65	2.5	0.25	0.5	['B1', 'B2', 'A3', 'C#4']	['P8', 'm14', 'M16', 'm7', 'M9', 'M3']	[0, 2, 4]	[9, 11, 1]
65	3.0	0.5	0.75	['B1', 'B2', 'D#4', 'F#4']	['P8', 'M17', 'P19', 'M10', 'P12', 'm3']	[0, 3, 7]	[11, 3, 6]
65	3.75	0.125	0.25	['B1', 'B2', 'A4', 'C#5']	['P8', 'm21', 'M23', 'm14', 'M16', 'M3']	[0, 2, 4]	[9, 11, 1]
66	1.0	1.0	1.0	['E2', 'B2', 'A4', 'C#5']	['P5', 'P18', 'M20', 'm14', 'M16', 'M3']	[0, 2, 4, 7]	[9, 11, 1, 4]
66	2.0	0.5	0.5	['E2', 'B2', 'G#4', 'B4']	['P5', 'M17', 'P19', 'M13', 'P15', 'm3']	[0, 3, 7]	[4, 8, 11]
66	2.5	0.25	0.5	['E2', 'B2', 'E4', 'G#4']	['P5', 'P15', 'M17', 'P11', 'M13', 'M3']	[0, 3, 7]	[4, 8, 11]
66	3.0	0.5	0.5	['E2', 'B2', 'G#3', 'E4']	['P5', 'M10', 'P15', 'M6', 'P11', 'm6']	[0, 3, 7]	[4, 8, 11]
66	3.5	0.25	0.5	['E2', 'B2', 'E4', 'G#4']	['P5', 'P15', 'M17', 'P11', 'M13', 'M3']	[0, 3, 7]	[4, 8, 11]
67	1.0	1.0	1.0	['B1', 'B2', 'E4', 'G#4']	['P8', 'P18', 'M20', 'P11', 'M13', 'M3']	[0, 3, 7]	[4, 8, 11]
67	2.0	0.5	0.5	['B1', 'B2', 'D#4', 'F#4']	['P8', 'M17', 'P19', 'M10', 'P12', 'm3']	[0, 3, 7]	[11, 3, 6]
67	2.5	0.25	0.5	['B1', 'B2', 'A3', 'C#4']	['P8', 'm14', 'M16', 'm7', 'M9', 'M3']	[0, 2, 4]	[9, 11, 1]
67	3.0	0.5	0.75	['B1', 'B2', 'D#4', 'F#4']	['P8', 'M17', 'P19', 'M10', 'P12', 'm3']	[0, 3, 7]	[11, 3, 6]
67	3.75	0.125	0.25	['B1', 'B2', 'A3', 'C#4']	['P8', 'm14', 'M16', 'm7', 'M9', 'M3']	[0, 2, 4]	[9, 11, 1]
68	1.0	1.0	1.0	['E2', 'B2', 'A3', 'C#4']	['P5', 'P11', 'M13', 'm7', 'M9', 'M3']	[0, 2, 4, 7]	[9, 11, 1, 4]
68	2.0	0.5	0.5	['E2', 'B2', 'G#3', 'B3']	['P5', 'M10', 'P12', 'M6', 'P8', 'm3']	[0, 3, 7]	[4, 8, 11]
68	2.5	0.25	0.5	['E2', 'B2', 'G#3', 'E4']	['P5', 'M10', 'P15', 'M6', 'P11', 'm6']	[0, 3, 7]	[4, 8, 11]
68	3.0	0.5	0.5	['E2', 'B2', 'B3', 'F#4']	['P5', 'P12', 'M16', 'P8']	[0, 2, 7]	[4, 6, 11]
68	3.5	0.25	0.5	['E2', 'B2', 'E4', 'G#4']	['P5', 'P15', 'M17', 'P11', 'M13', 'M3']	[0, 3, 7]	[4, 8, 11]
69	1.0	1.0	1.0	['B1', 'B2', 'E4', 'G#4']	['P8', 'P18', 'M20', 'P11', 'M13', 'M3']	[0, 3, 7]	[4, 8, 11]
69	2.0	0.5	0.5	['B1', 'B2', 'D#4', 'F#4']	['P8', 'M17', 'P19', 'M10', 'P12', 'm3']	[0, 3, 7]	[11, 3, 6]
69	2.5	0.25	0.5	['B1', 'B2', 'A3', 'C#4']	['P8', 'm14', 'M16', 'm7', 'M9', 'M3']	[0, 2, 4]	[9, 11, 1]
69	3.0	0.5	0.75	['B1', 'B2', 'D#4', 'F#4']	['P8', 'M17', 'P19', 'M10', 'P12', 'm3']	[0, 3, 7]	[11, 3, 6]
69	3.75	0.125	0.25	['B1', 'B2', 'A4', 'C#5']	['P8', 'm21', 'M23', 'm14', 'M16', 'M3']	[0, 2, 4]	[9, 11, 1]
70	1.0	1.0	1.0	['E2', 'B2', 'A4', 'C#5']	['P5', 'P18', 'M20', 'm14', 'M16', 'M3']	[0, 2, 4, 7]	[9, 11, 1, 4]
70	2.0	0.5	0.5	['E2', 'B2', 'G#4', 'B4']	['P5', 'M17', 'P19', 'M13', 'P15', 'm3']	[0, 3, 7]	[4, 8, 11]
70	2.5	0.25	0.5	['E2', 'B2', 'E4', 'G#4']	['P5', 'P15', 'M17', 'P11', 'M13', 'M3']	[0, 3, 7]	[4, 8, 11]
70	3.0	0.5	0.5	['E2', 'G#3', 'C#4', 'E4']	['M10', 'M13', 'P15', 'P4', 'm6', 'm3']	[0, 3, 7]	[1, 4, 8]
70	3.5	0.25	0.5	['E2', 'B3', 'C#4', 'F#4']	['P12', 'M13', 'M16', 'M2', 'P5', 'P4']	[0, 2, 5, 7]	[11, 1, 4, 6]
71	1.0	1.0	1.0	['C#4', 'E4', 'G#4']	['m3', 'P5', 'M3']	[0, 3, 7]	[1, 4, 8]
71	2.0	0.5	0.5	['B3', 'E4', 'G#4']	['P4', 'M6', 'M3']	[0, 3, 7]	[4, 8, 11]
71	2.5	0.25	0.5	['G#3', 'B3', 'E4', 'G#4']	['m3', 'm6', 'P8', 'P4', 'M6', 'M3']	[0, 3, 7]	[4, 8, 11]
71	3.0	0.5	0.5	['E3', 'B3', 'E4', 'G#4']	['P5', 'P8', 'M10', 'P4', 'M6', 'M3']	[0, 3, 7]	[4, 8, 11]
71	3.5	0.25	0.5	['E3', 'F#3', 'B3', 'E4', 'G#4']	['M2', 'P5', 'P8', 'M10', 'P4', 'm7', 'M9', 'M6', 'M3']	[0, 2, 4, 7]	[4, 6, 8, 11]
72	1.0	1.0	3.0	['E3', 'G#3', 'B3', 'E4', 'G#4']	['M3', 'P5', 'P8', 'M10', 'm3', 'm6', 'P4', 'M6']	[0, 3, 7]	[4, 8, 11]
