1	1.0	1.0	1.5	['A2', 'E3', 'A3', 'C4']	['P5', 'P8', 'm10', 'P4', 'm6', 'm3']	[0, 3, 7]	[9, 0, 4]
1	2.5	0.25	0.5	['A2', 'F3', 'A3', 'D4']	['m6', 'P8', 'P11', 'M3', 'M6', 'P4']	[0, 3, 7]	[2, 5, 9]
1	3.0	0.5	0.5	['A2', 'D3', 'A3', 'B3']	['P4', 'P8', 'M9', 'P5', 'M6', 'M2']	[0, 2, 5]	[9, 11, 2]
1	3.5	0.25	0.5	['A2', 'F3', 'A3', 'D4']	['m6', 'P8', 'P11', 'M3', 'M6', 'P4']	[0, 3, 7]	[2, 5, 9]
2	1.0	1.0	1.0	['A2', 'E3', 'A3', 'C4']	['P5', 'P8', 'm10', 'P4', 'm6', 'm3']	[0, 3, 7]	[9, 0, 4]
2	2.0	0.5	2.0	['A2', 'C3', 'A3', 'E4']	['m3', 'P8', 'P12', 'M6', 'M10', 'P5']	[0, 3, 7]	[9, 0, 4]
3	1.0	1.0	1.5	['F2', 'C3', 'A3', 'G4']	['P5', 'M10', 'M16', 'M6', 'P12', 'm7']	[0, 2, 4, 7]	[5, 7, 9, 0]
3	2.5	0.25	0.5	['F2', 'C3', 'A3', 'F4']	['P5', 'M10', 'P15', 'M6', 'P11', 'm6']	[0, 3, 7]	[5, 9, 0]
3	3.0	0.5	0.5	['C2', 'C3', 'B-3', 'C4', 'F4', 'A4']	['P8', 'm14', 'P15', 'P18', 'M20', 'm7', 'P11', 'M13', 'M2', 'P5', 'M7', 'P4', 'M6', 'M3']	[0, 2, 3, 7]	[5, 9, 10, 0]
3	3.5	0.25	0.5	['C2', 'C3', 'B-3', 'C4', 'E4', 'G4']	['P8', 'm14', 'P15', 'M17', 'P19', 'm7', 'M10', 'P12', 'M2', 'A4', 'M6', 'M3', 'P5', 'm3']	[0, 2, 5, 8]	[4, 7, 10, 0]
4	1.0	1.0	1.0	['F2', 'C3', 'A3', 'C4', 'F4', 'A4']	['P5', 'M10', 'P12', 'P15', 'M17', 'M6', 'P8', 'P11', 'M13', 'm3', 'm6', 'P4', 'M3']	[0, 3, 7]	[5, 9, 0]
4	2.0	0.5	1.0	['F2', 'C3', 'A3', 'C4', 'F4', 'A4']	['P5', 'M10', 'P12', 'P15', 'M17', 'M6', 'P8', 'P11', 'M13', 'm3', 'm6', 'P4', 'M3']	[0, 3, 7]	[5, 9, 0]
4	3.0	0.5	0.5	['F2', 'C3', 'A3', 'C4', 'F4', 'A4']	['P5', 'M10', 'P12', 'P15', 'M17', 'M6', 'P8', 'P11', 'M13', 'm3', 'm6', 'P4', 'M3']	[0, 3, 7]	[5, 9, 0]
4	3.5	0.25	0.5	['F2', 'C3', 'A3', 'C4', 'F4', 'A4']	['P5', 'M10', 'P12', 'P15', 'M17', 'M6', 'P8', 'P11', 'M13', 'm3', 'm6', 'P4', 'M3']	[0, 3, 7]	[5, 9, 0]
5	1.0	1.0	1.5	['A2', 'E3', 'A3', 'C4', 'A4']	['P5', 'P8', 'm10', 'P15', 'P4', 'm6', 'P11', 'm3', 'M6']	[0, 3, 7]	[9, 0, 4]
5	2.5	0.25	0.5	['A2', 'F3', 'A3', 'D4', 'A4']	['m6', 'P8', 'P11', 'P15', 'M3', 'M6', 'M10', 'P4', 'P5']	[0, 3, 7]	[2, 5, 9]
5	3.0	0.5	0.5	['A2', 'D3', 'A3', 'B3', 'A4']	['P4', 'P8', 'M9', 'P15', 'P5', 'M6', 'P12', 'M2', 'm7']	[0, 2, 5]	[9, 11, 2]
5	3.5	0.25	0.25	['A2', 'E3', 'A3', 'C4', 'A4']	['P5', 'P8', 'm10', 'P15', 'P4', 'm6', 'P11', 'm3', 'M6']	[0, 3, 7]	[9, 0, 4]
5	3.75	0.125	0.25	['A2', 'E3', 'A3', 'C4', 'A4']	['P5', 'P8', 'm10', 'P15', 'P4', 'm6', 'P11', 'm3', 'M6']	[0, 3, 7]	[9, 0, 4]
6	1.0	1.0	0.75	['A2', 'F3', 'A3', 'D4', 'A4']	['m6', 'P8', 'P11', 'P15', 'M3', 'M6', 'M10', 'P4', 'P5']	[0, 3, 7]	[2, 5, 9]
6	1.75	0.125	0.25	['A2', 'F3', 'A3', 'D4', 'B4']	['m6', 'P8', 'P11', 'M16', 'M3', 'M6', 'A11', 'P4', 'M9']	[0, 2, 5, 8]	[9, 11, 2, 5]
6	2.0	0.5	1.0	['A2', 'F3', 'A3', 'D4', 'A4']	['m6', 'P8', 'P11', 'P15', 'M3', 'M6', 'M10', 'P4', 'P5']	[0, 3, 7]	[2, 5, 9]
6	3.0	0.5	0.5	['A2', 'E3', 'A3', 'C4', 'A4']	['P5', 'P8', 'm10', 'P15', 'P4', 'm6', 'P11', 'm3', 'M6']	[0, 3, 7]	[9, 0, 4]
6	3.5	0.25	0.5	['A2', 'E3', 'A3', 'C4', 'A4']	['P5', 'P8', 'm10', 'P15', 'P4', 'm6', 'P11', 'm3', 'M6']	[0, 3, 7]	[9, 0, 4]
7	1.0	1.0	1.5	['E2', 'E3', 'C4', 'E4', 'C5']	['P8', 'm13', 'P15', 'm20', 'm6', 'M3']	[0, 4]	[0, 4]
7	2.5	0.25	0.5	['E2', 'D3', 'E3', 'B3', 'E4', 'B4']	['m7', 'P8', 'P12', 'P15', 'P19', 'M2', 'M6', 'M9', 'M13', 'P5', 'P4']	[0, 2, 5]	[11, 2, 4]
7	3.0	0.5	0.5	['E2', 'C3', 'E3', 'A3', 'E4', 'A4']	['m6', 'P8', 'P11', 'P15', 'P18', 'M3', 'M6', 'M10', 'M13', 'P4', 'P5']	[0, 3, 7]	[9, 0, 4]
7	3.5	0.25	0.5	['E2', 'B2', 'E3', 'G#3', 'E4', 'G#4']	['P5', 'P8', 'M10', 'P15', 'M17', 'P4', 'M6', 'P11', 'M13', 'M3', 'm6']	[0, 3, 7]	[4, 8, 11]
8	1.0	1.0	0.5	['A2', 'C3', 'E3', 'A3', 'E4', 'A4']	['m3', 'P5', 'P8', 'P12', 'P15', 'M3', 'M6', 'M10', 'M13', 'P4', 'P11']	[0, 3, 7]	[9, 0, 4]
8	1.5	0.25	1.0	['E3', 'E4', 'A4']	['P8', 'P11', 'P4']	[0, 5]	[4, 9]
8	2.5	0.25	0.5	['E3', 'A3', 'C4', 'E4', 'A4']	['P4', 'm6', 'P8', 'P11', 'm3', 'P5', 'M3', 'M6']	[0, 3, 7]	[9, 0, 4]
8	3.0	0.5	0.5	['E3', 'B3', 'D4', 'E4']	['P5', 'm7', 'P8', 'm3', 'P4', 'M2']	[0, 2, 5]	[11, 2, 4]
8	3.5	0.25	0.5	['E3', 'G#3', 'B3', 'E4']	['M3', 'P5', 'P8', 'm3', 'm6', 'P4']	[0, 3, 7]	[4, 8, 11]
9	1.0	1.0	1.5	['A2', 'E3', 'C4', 'A4']	['P5', 'm10', 'P15', 'm6', 'P11', 'M6']	[0, 3, 7]	[9, 0, 4]
9	2.5	0.25	0.5	['A2', 'F3', 'A3', 'D4', 'A4']	['m6', 'P8', 'P11', 'P15', 'M3', 'M6', 'M10', 'P4', 'P5']	[0, 3, 7]	[2, 5, 9]
9	3.0	0.5	0.5	['A2', 'D3', 'A3', 'B3', 'A4']	['P4', 'P8', 'M9', 'P15', 'P5', 'M6', 'P12', 'M2', 'm7']	[0, 2, 5]	[9, 11, 2]
9	3.5	0.25	0.5	['A2', 'E3', 'A3', 'C4', 'A4']	['P5', 'P8', 'm10', 'P15', 'P4', 'm6', 'P11', 'm3', 'M6']	[0, 3, 7]	[9, 0, 4]
10	1.0	1.0	0.75	['A2', 'F3', 'A3', 'D4', 'A4']	['m6', 'P8', 'P11', 'P15', 'M3', 'M6', 'M10', 'P4', 'P5']	[0, 3, 7]	[2, 5, 9]
10	1.75	0.125	0.25	['A2', 'F3', 'A3', 'D4', 'B4']	['m6', 'P8', 'P11', 'M16', 'M3', 'M6', 'A11', 'P4', 'M9']	[0, 2, 5, 8]	[9, 11, 2, 5]
10	2.0	0.5	1.0	['A2', 'F3', 'A3', 'D4', 'A4']	['m6', 'P8', 'P11', 'P15', 'M3', 'M6', 'M10', 'P4', 'P5']	[0, 3, 7]	[2, 5, 9]
10	3.0	0.5	0.5	['A2', 'E3', 'A3', 'C4']	['P5', 'P8', 'm10', 'P4', 'm6', 'm3']	[0, 3, 7]	[9, 0, 4]
10	3.5	0.25	0.5	['A2', 'E3', 'A3', 'C4', 'E5']	['P5', 'P8', 'm10', 'P19', 'P4', 'm6', 'P15', 'm3', 'P12', 'M10']	[0, 3, 7]	[9, 0, 4]
11	1.0	1.0	1.5	['E2', 'E3', 'C4', 'E4', 'C5']	['P8', 'm13', 'P15', 'm20', 'm6', 'M3']	[0, 4]	[0, 4]
11	2.5	0.25	0.5	['E2', 'D3', 'E3', 'B3', 'E4', 'B4']	['m7', 'P8', 'P12', 'P15', 'P19', 'M2', 'M6', 'M9', 'M13', 'P5', 'P4']	[0, 2, 5]	[11, 2, 4]
11	3.0	0.5	0.5	['E2', 'C3', 'E3', 'A3', 'E4', 'A4']	['m6', 'P8', 'P11', 'P15', 'P18', 'M3', 'M6', 'M10', 'M13', 'P4', 'P5']	[0, 3, 7]	[9, 0, 4]
11	3.5	0.25	0.5	['E2', 'B2', 'E3', 'G#3', 'E4', 'G#4']	['P5', 'P8', 'M10', 'P15', 'M17', 'P4', 'M6', 'P11', 'M13', 'M3', 'm6']	[0, 3, 7]	[4, 8, 11]
12	1.0	1.0	0.5	['A2', 'C3', 'E3', 'A3', 'E4', 'A4']	['m3', 'P5', 'P8', 'P12', 'P15', 'M3', 'M6', 'M10', 'M13', 'P4', 'P11']	[0, 3, 7]	[9, 0, 4]
12	1.5	0.25	1.0	['E3', 'E4', 'A4']	['P8', 'P11', 'P4']	[0, 5]	[4, 9]
12	2.5	0.25	0.5	['E3', 'C4', 'E4', 'A4']	['m6', 'P8', 'P11', 'M3', 'M6', 'P4']	[0, 3, 7]	[9, 0, 4]
12	3.0	0.5	0.5	['E3', 'A3', 'C4', 'E4']	['P4', 'm6', 'P8', 'm3', 'P5', 'M3']	[0, 3, 7]	[9, 0, 4]
12	3.5	0.25	0.5	['E3', 'G#3', 'B3', 'E4', 'B4']	['M3', 'P5', 'P8', 'P12', 'm3', 'm6', 'm10', 'P4']	[0, 3, 7]	[4, 8, 11]
13	1.0	1.0	1.5	['C3', 'G3', 'B-3', 'E4', 'C5']	['P5', 'm7', 'M10', 'P15', 'm3', 'M6', 'P11', 'A4', 'M9', 'm6']	[0, 2, 5, 8]	[4, 7, 10, 0]
13	2.5	0.25	0.5	['C3', 'A3', 'C4', 'F4', 'C5']	['M6', 'P8', 'P11', 'P15', 'm3', 'm6', 'm10', 'P4', 'P5']	[0, 3, 7]	[5, 9, 0]
13	3.0	0.5	0.5	['C3', 'F3', 'A3', 'D4', 'D5']	['P4', 'M6', 'M9', 'M16', 'M3', 'M13', 'P11', 'P8']	[0, 3, 5, 8]	[9, 0, 2, 5]
13	3.5	0.25	0.25	['C3', 'G3', 'B-3', 'E4', 'D5']	['P5', 'm7', 'M10', 'M16', 'm3', 'M6', 'P12', 'A4']	[0, 2, 4, 6, 9]	[10, 0, 2, 4, 7]
13	3.75	0.125	0.25	['C3', 'G3', 'B-3', 'E4', 'C5']	['P5', 'm7', 'M10', 'P15', 'm3', 'M6', 'P11', 'A4', 'M9', 'm6']	[0, 2, 5, 8]	[4, 7, 10, 0]
14	1.0	1.0	1.0	['C3', 'A3', 'C4', 'F4', 'A4']	['M6', 'P8', 'P11', 'M13', 'm3', 'm6', 'P4', 'M3']	[0, 3, 7]	[5, 9, 0]
14	2.0	0.5	0.5	['C3', 'G3', 'C4', 'E4', 'G4']	['P5', 'P8', 'M10', 'P12', 'P4', 'M6', 'M3', 'm3']	[0, 3, 7]	[0, 4, 7]
14	2.5	0.25	0.5	['C3', 'G3', 'D4', 'E4', 'G4']	['P5', 'M9', 'M10', 'P12', 'M6', 'P8', 'M2', 'P4', 'm3']	[0, 2, 4, 7]	[0, 2, 4, 7]
14	3.0	0.5	0.5	['C3', 'G3', 'C4', 'E4']	['P5', 'P8', 'M10', 'P4', 'M6', 'M3']	[0, 3, 7]	[0, 4, 7]
14	3.5	0.25	0.5	['C3', 'G3', 'B3', 'E4', 'B4']	['P5', 'M7', 'M10', 'M14', 'M3', 'M6', 'P4', 'P8']	[0, 1, 5, 8]	[11, 0, 4, 7]
15	1.0	1.0	1.5	['C3', 'G3', 'B-3', 'E4', 'C5']	['P5', 'm7', 'M10', 'P15', 'm3', 'M6', 'P11', 'A4', 'M9', 'm6']	[0, 2, 5, 8]	[4, 7, 10, 0]
15	2.5	0.25	0.5	['C3', 'A3', 'C4', 'F4', 'C5']	['M6', 'P8', 'P11', 'P15', 'm3', 'm6', 'm10', 'P4', 'P5']	[0, 3, 7]	[5, 9, 0]
15	3.0	0.5	0.5	['C3', 'F3', 'A3', 'D4', 'D5']	['P4', 'M6', 'M9', 'M16', 'M3', 'M13', 'P11', 'P8']	[0, 3, 5, 8]	[9, 0, 2, 5]
15	3.5	0.25	0.25	['C3', 'G3', 'B-3', 'E4', 'D5']	['P5', 'm7', 'M10', 'M16', 'm3', 'M6', 'P12', 'A4']	[0, 2, 4, 6, 9]	[10, 0, 2, 4, 7]
15	3.75	0.125	0.25	['C3', 'G3', 'B-3', 'E4', 'C5']	['P5', 'm7', 'M10', 'P15', 'm3', 'M6', 'P11', 'A4', 'M9', 'm6']	[0, 2, 5, 8]	[4, 7, 10, 0]
16	1.0	1.0	1.0	['C3', 'A3', 'C4', 'F4', 'A4']	['M6', 'P8', 'P11', 'M13', 'm3', 'm6', 'P4', 'M3']	[0, 3, 7]	[5, 9, 0]
16	2.0	0.5	0.5	['C3', 'G3', 'C4', 'E4', 'G4']	['P5', 'P8', 'M10', 'P12', 'P4', 'M6', 'M3', 'm3']	[0, 3, 7]	[0, 4, 7]
16	2.5	0.25	0.5	['C3', 'G3', 'D4', 'E4', 'G4']	['P5', 'M9', 'M10', 'P12', 'M6', 'P8', 'M2', 'P4', 'm3']	[0, 2, 4, 7]	[0, 2, 4, 7]
16	3.0	0.5	0.5	['C3', 'G3', 'C4', 'E4']	['P5', 'P8', 'M10', 'P4', 'M6', 'M3']	[0, 3, 7]	[0, 4, 7]
16	3.5	0.25	0.5	['C#3', 'G3', 'B-3', 'E4', 'G4']	['d5', 'd7', 'm10', 'd12', 'm3', 'M6', 'P8', 'A4']	[0, 3, 6, 9]	[1, 4, 7, 10]
17	1.0	1.0	1.5	['D3', 'A3', 'D4', 'F#4', 'D5']	['P5', 'P8', 'M10', 'P15', 'P4', 'M6', 'P11', 'M3', 'm6']	[0, 3, 7]	[2, 6, 9]
17	2.5	0.25	0.5	['D3', 'B-3', 'D4', 'G4', 'D5']	['m6', 'P8', 'P11', 'P15', 'M3', 'M6', 'M10', 'P4', 'P5']	[0, 3, 7]	[7, 10, 2]
17	3.0	0.5	0.5	['D3', 'G3', 'B-3', 'B-4', 'E-5']	['P4', 'm6', 'm13', 'm16', 'm3', 'm10', 'P8', 'P11']	[0, 1, 5, 8]	[2, 3, 7, 10]
17	3.5	0.25	0.25	['D3', 'A3', 'C4', 'A4', 'E-5']	['P5', 'm7', 'P12', 'm16', 'm3', 'P8', 'd12', 'M6', 'm10', 'd5']	[0, 1, 3, 6]	[9, 0, 2, 3]
17	3.75	0.125	0.25	['D3', 'A3', 'C4', 'A4', 'D5']	['P5', 'm7', 'P12', 'P15', 'm3', 'P8', 'P11', 'M6', 'M9', 'P4']	[0, 2, 5]	[9, 0, 2]
18	1.0	1.0	1.0	['D3', 'B-3', 'D4', 'G4', 'B-4']	['m6', 'P8', 'P11', 'm13', 'M3', 'M6', 'P4', 'm3']	[0, 3, 7]	[7, 10, 2]
18	2.0	0.5	0.5	['D3', 'A3', 'D4', 'F#4', 'A4']	['P5', 'P8', 'M10', 'P12', 'P4', 'M6', 'M3', 'm3']	[0, 3, 7]	[2, 6, 9]
18	2.5	0.25	0.5	['D3', 'A3', 'D4', 'F#4', 'A4']	['P5', 'P8', 'M10', 'P12', 'P4', 'M6', 'M3', 'm3']	[0, 3, 7]	[2, 6, 9]
18	3.0	0.5	0.5	['D-3', 'E-3', 'B-3', 'E-4', 'G4']	['M2', 'M6', 'M9', 'A11', 'P5', 'P8', 'M10', 'P4', 'M3']	[0, 2, 5, 8]	[7, 10, 1, 3]
18	3.5	0.25	0.5	['C3', 'E-3', 'A-3', 'E-4', 'A-4', 'E-5']	['m3', 'm6', 'm10', 'm13', 'm17', 'P4', 'P8', 'P11', 'P15', 'P5', 'P12']	[0, 3, 7]	[8, 0, 3]
19	1.0	1.0	1.5	['E-3', 'E-4', 'A-4', 'C5', 'E-5']	['P8', 'P11', 'M13', 'P15', 'P4', 'M6', 'M3', 'P5', 'm3']	[0, 3, 7]	[8, 0, 3]
19	2.5	0.25	0.5	['E-3', 'D-4', 'F4', 'B-4', 'D-5']	['m7', 'M9', 'P12', 'm14', 'M3', 'M6', 'P8', 'P4', 'm6', 'm3']	[0, 2, 4, 7]	[10, 1, 3, 5]
19	3.0	0.5	0.5	['E-3', 'C4', 'E-4', 'A-4', 'C5']	['M6', 'P8', 'P11', 'M13', 'm3', 'm6', 'P4', 'M3']	[0, 3, 7]	[8, 0, 3]
19	3.5	0.25	0.5	['E-3', 'D-4', 'E-4', 'G4', 'B-4']	['m7', 'P8', 'M10', 'P12', 'M2', 'A4', 'M6', 'M3', 'P5', 'm3']	[0, 2, 5, 8]	[7, 10, 1, 3]
20	1.0	1.0	0.5	['A-3', 'C4', 'E-4', 'A-4']	['M3', 'P5', 'P8', 'm3', 'm6', 'P4']	[0, 3, 7]	[8, 0, 3]
20	1.5	0.25	1.0	['E-3', 'E-4', 'A-4']	['P8', 'P11', 'P4']	[0, 5]	[3, 8]
20	2.5	0.25	0.5	['E-3', 'C4', 'E-4', 'A-4']	['M6', 'P8', 'P11', 'm3', 'm6', 'P4']	[0, 3, 7]	[8, 0, 3]
20	3.0	0.5	0.5	['E-3', 'A-3', 'C4', 'E-4']	['P4', 'M6', 'P8', 'M3', 'P5', 'm3']	[0, 3, 7]	[8, 0, 3]
20	3.5	0.25	0.5	['E-3', 'G3', 'B-3', 'E-4', 'B-4']	['M3', 'P5', 'P8', 'P12', 'm3', 'm6', 'm10', 'P4']	[0, 3, 7]	[3, 7, 10]
21	1.0	1.0	1.5	['B2', 'F#3', 'A3', 'D#4', 'B4']	['P5', 'm7', 'M10', 'P15', 'm3', 'M6', 'P11', 'A4', 'M9', 'm6']	[0, 2, 5, 8]	[3, 6, 9, 11]
21	2.5	0.25	0.5	['B2', 'G3', 'B3', 'D#4', 'B4']	['m6', 'P8', 'M10', 'P15', 'M3', 'A5']	[0, 4, 8]	[3, 7, 11]
21	3.0	0.5	0.5	['B2', 'F#3', 'A3', 'D#4', 'B4']	['P5', 'm7', 'M10', 'P15', 'm3', 'M6', 'P11', 'A4', 'M9', 'm6']	[0, 2, 5, 8]	[3, 6, 9, 11]
21	3.5	0.25	0.5	['B2', 'G3', 'B3', 'D#4', 'B4']	['m6', 'P8', 'M10', 'P15', 'M3', 'A5']	[0, 4, 8]	[3, 7, 11]
22	1.0	1.0	0.75	['B2', 'A3', 'C4', 'D#4', 'C5']	['m7', 'm9', 'M10', 'm16', 'm3', 'A4', 'm10', 'A2', 'P8', 'd7']	[0, 2, 3, 6]	[9, 11, 0, 3]
22	1.75	0.125	0.25	['B2', 'A3', 'C4', 'D#4', 'B4']	['m7', 'm9', 'M10', 'P15', 'm3', 'A4', 'M9', 'A2', 'M7', 'm6']	[0, 2, 3, 6]	[9, 11, 0, 3]
22	2.0	0.5	0.5	['B2', 'A3', 'C4', 'D#4', 'F#4']	['m7', 'm9', 'M10', 'P12', 'm3', 'A4', 'M6', 'A2']	[0, 1, 3, 6, 9]	[3, 6, 9, 11, 0]
22	2.5	0.25	0.5	['B2', 'F#3', 'A3', 'D#4', 'F#4']	['P5', 'm7', 'M10', 'P12', 'm3', 'M6', 'P8', 'A4']	[0, 2, 5, 8]	[3, 6, 9, 11]
22	3.0	0.5	0.5	['B2', 'A3', 'C4', 'D#4']	['m7', 'm9', 'M10', 'm3', 'A4', 'A2']	[0, 2, 3, 6]	[9, 11, 0, 3]
22	3.5	0.25	0.5	['B2', 'G3', 'B3', 'E4', 'B4']	['m6', 'P8', 'P11', 'P15', 'M3', 'M6', 'M10', 'P4', 'P5']	[0, 3, 7]	[4, 7, 11]
23	1.0	1.0	1.5	['B2', 'G3', 'D4', 'G4', 'D5']	['m6', 'm10', 'm13', 'm17', 'P5', 'P8', 'P12', 'P4']	[0, 3, 7]	[7, 11, 2]
23	2.5	0.25	0.5	['C#3', 'A3', 'E4', 'A4']	['m6', 'm10', 'm13', 'P5', 'P8', 'P4']	[0, 3, 7]	[9, 1, 4]
23	3.0	0.5	0.5	['D3', 'B3', 'D4', 'G4', 'B4']	['M6', 'P8', 'P11', 'M13', 'm3', 'm6', 'P4', 'M3']	[0, 3, 7]	[7, 11, 2]
23	3.5	0.25	0.25	['D3', 'C4', 'D4', 'F#4', 'B4']	['m7', 'P8', 'M10', 'M13', 'M2', 'A4', 'M7', 'M3', 'M6', 'P4']	[0, 1, 3, 7]	[11, 0, 2, 6]
23	3.75	0.125	0.25	['D3', 'C4', 'D4', 'F#4', 'A4']	['m7', 'P8', 'M10', 'P12', 'M2', 'A4', 'M6', 'M3', 'P5', 'm3']	[0, 2, 5, 8]	[6, 9, 0, 2]
24	1.0	1.0	0.5	['G3', 'B3', 'D4', 'G4']	['M3', 'P5', 'P8', 'm3', 'm6', 'P4']	[0, 3, 7]	[7, 11, 2]
24	1.5	0.25	1.0	['D3', 'D4', 'G4']	['P8', 'P11', 'P4']	[0, 5]	[2, 7]
24	2.5	0.25	0.5	['D3', 'B3', 'D4', 'G4']	['M6', 'P8', 'P11', 'm3', 'm6', 'P4']	[0, 3, 7]	[7, 11, 2]
24	3.0	0.5	0.5	['D3', 'G3', 'B3', 'D4']	['P4', 'M6', 'P8', 'M3', 'P5', 'm3']	[0, 3, 7]	[7, 11, 2]
24	3.5	0.25	0.5	['D3', 'F#3', 'A3', 'D4', 'A4']	['M3', 'P5', 'P8', 'P12', 'm3', 'm6', 'm10', 'P4']	[0, 3, 7]	[2, 6, 9]
25	1.0	1.0	1.5	['B2', 'F#3', 'A3', 'D#4', 'B4']	['P5', 'm7', 'M10', 'P15', 'm3', 'M6', 'P11', 'A4', 'M9', 'm6']	[0, 2, 5, 8]	[3, 6, 9, 11]
25	2.5	0.25	0.5	['B2', 'G3', 'B3', 'D#4', 'B4']	['m6', 'P8', 'M10', 'P15', 'M3', 'A5']	[0, 4, 8]	[3, 7, 11]
25	3.0	0.5	0.5	['B2', 'F#3', 'A3', 'D#4', 'B4']	['P5', 'm7', 'M10', 'P15', 'm3', 'M6', 'P11', 'A4', 'M9', 'm6']	[0, 2, 5, 8]	[3, 6, 9, 11]
25	3.5	0.25	0.5	['B2', 'G3', 'B3', 'D#4', 'B4']	['m6', 'P8', 'M10', 'P15', 'M3', 'A5']	[0, 4, 8]	[3, 7, 11]
26	1.0	1.0	0.75	['B2', 'A3', 'C4', 'D#4', 'C5']	['m7', 'm9', 'M10', 'm16', 'm3', 'A4', 'm10', 'A2', 'P8', 'd7']	[0, 2, 3, 6]	[9, 11, 0, 3]
26	1.75	0.125	0.25	['B2', 'A3', 'C4', 'D#4', 'B4']	['m7', 'm9', 'M10', 'P15', 'm3', 'A4', 'M9', 'A2', 'M7', 'm6']	[0, 2, 3, 6]	[9, 11, 0, 3]
26	2.0	0.5	0.5	['B2', 'A3', 'C4', 'D#4', 'F#4']	['m7', 'm9', 'M10', 'P12', 'm3', 'A4', 'M6', 'A2']	[0, 1, 3, 6, 9]	[3, 6, 9, 11, 0]
26	2.5	0.25	0.5	['B2', 'G3', 'B3', 'D#4', 'F#4']	['m6', 'P8', 'M10', 'P12', 'M3', 'A5', 'M7', 'P5', 'm3']	[0, 1, 4, 8]	[11, 3, 6, 7]
26	3.0	0.5	0.5	['B2', 'F#3', 'A3', 'D#4']	['P5', 'm7', 'M10', 'm3', 'M6', 'A4']	[0, 2, 5, 8]	[3, 6, 9, 11]
26	3.5	0.25	0.5	['B-2', 'G-3', 'B-3', 'D-4', 'D-5']	['m6', 'P8', 'm10', 'm17', 'M3', 'P5', 'P12', 'm3']	[0, 3, 7]	[6, 10, 1]
27	1.0	1.0	1.5	['D-3', 'B-3', 'D-4', 'G-4', 'D-5']	['M6', 'P8', 'P11', 'P15', 'm3', 'm6', 'm10', 'P4', 'P5']	[0, 3, 7]	[6, 10, 1]
27	2.5	0.25	0.5	['D-3', 'C-4', 'E-4', 'A-4', 'E-5']	['m7', 'M9', 'P12', 'M16', 'M3', 'M6', 'M10', 'P4', 'P8', 'P5']	[0, 2, 4, 7]	[8, 11, 1, 3]
27	3.0	0.5	0.5	['D-3', 'B-3', 'D-4', 'G-4', 'D-5']	['M6', 'P8', 'P11', 'P15', 'm3', 'm6', 'm10', 'P4', 'P5']	[0, 3, 7]	[6, 10, 1]
27	3.5	0.25	0.5	['D-3', 'A-3', 'D-4', 'F4', 'C-5']	['P5', 'P8', 'M10', 'm14', 'P4', 'M6', 'm10', 'M3', 'm7', 'd5']	[0, 2, 5, 8]	[5, 8, 11, 1]
28	1.0	1.0	0.5	['G-3', 'B-3', 'D-4', 'G-4', 'B-4']	['M3', 'P5', 'P8', 'M10', 'm3', 'm6', 'P4', 'M6']	[0, 3, 7]	[6, 10, 1]
28	1.5	0.25	1.0	['G-3', 'G-4', 'B-4']	['P8', 'M10', 'M3']	[0, 4]	[6, 10]
28	2.5	0.25	0.5	['G-3', 'B-3', 'D-4', 'G-4', 'B-4']	['M3', 'P5', 'P8', 'M10', 'm3', 'm6', 'P4', 'M6']	[0, 3, 7]	[6, 10, 1]
28	3.0	0.5	0.5	['B-3', 'D-4']	['m3']	[0, 3]	[10, 1]
28	3.5	0.25	0.5	['G-3', 'B-3', 'D-4', 'G-4']	['M3', 'P5', 'P8', 'm3', 'm6', 'P4']	[0, 3, 7]	[6, 10, 1]
29	1.0	1.0	1.0	['E3', 'B-3', 'D-4', 'G4']	['d5', 'd7', 'm10', 'm3', 'M6', 'A4']	[0, 3, 6, 9]	[1, 4, 7, 10]
29	2.0	0.5	0.5	['E3', 'B-3', 'D-4', 'G4']	['d5', 'd7', 'm10', 'm3', 'M6', 'A4']	[0, 3, 6, 9]	[1, 4, 7, 10]
29	2.5	0.25	0.5	['G-3', 'B-3', 'D-4', 'G-4', 'B-4']	['M3', 'P5', 'P8', 'M10', 'm3', 'm6', 'P4', 'M6']	[0, 3, 7]	[6, 10, 1]
29	3.0	0.5	0.5	['B-3', 'D-4', 'B-4']	['m3', 'P8', 'M6']	[0, 3]	[10, 1]
29	3.5	0.25	0.25	['G-3', 'B-3', 'D-4', 'G-4', 'B-4']	['M3', 'P5', 'P8', 'M10', 'm3', 'm6', 'P4', 'M6']	[0, 3, 7]	[6, 10, 1]
29	3.75	0.125	0.25	['G-3', 'B-3', 'D-4', 'G-4', 'B-4']	['M3', 'P5', 'P8', 'M10', 'm3', 'm6', 'P4', 'M6']	[0, 3, 7]	[6, 10, 1]
30	1.0	1.0	1.0	['E3', 'B-3', 'D-4', 'G4', 'D-5']	['d5', 'd7', 'm10', 'd14', 'm3', 'M6', 'A4', 'P8']	[0, 3, 6, 9]	[1, 4, 7, 10]
30	2.0	0.5	0.5	['E3', 'B-3', 'D-4', 'G4', 'B-4']	['d5', 'd7', 'm10', 'd12', 'm3', 'M6', 'P8', 'A4']	[0, 3, 6, 9]	[1, 4, 7, 10]
30	2.5	0.25	0.5	['G-3', 'B-3', 'D-4', 'G-4', 'B-4']	['M3', 'P5', 'P8', 'M10', 'm3', 'm6', 'P4', 'M6']	[0, 3, 7]	[6, 10, 1]
30	3.0	0.5	0.5	['B-3', 'D-4', 'B-4']	['m3', 'P8', 'M6']	[0, 3]	[10, 1]
30	3.5	0.25	0.25	['G-3', 'B-3', 'D-4', 'G-4', 'B-4']	['M3', 'P5', 'P8', 'M10', 'm3', 'm6', 'P4', 'M6']	[0, 3, 7]	[6, 10, 1]
30	3.75	0.125	0.25	['G-3', 'B-3', 'D-4', 'G-4', 'B-4']	['M3', 'P5', 'P8', 'M10', 'm3', 'm6', 'P4', 'M6']	[0, 3, 7]	[6, 10, 1]
31	1.0	1.0	1.0	['E3', 'B-3', 'D-4', 'G4', 'D-5']	['d5', 'd7', 'm10', 'd14', 'm3', 'M6', 'A4', 'P8']	[0, 3, 6, 9]	[1, 4, 7, 10]
31	2.0	0.5	0.5	['E3', 'B-3', 'D-4', 'G4', 'B-4']	['d5', 'd7', 'm10', 'd12', 'm3', 'M6', 'P8', 'A4']	[0, 3, 6, 9]	[1, 4, 7, 10]
31	2.5	0.25	0.5	['E3', 'B-3', 'D-4', 'G4', 'D-5']	['d5', 'd7', 'm10', 'd14', 'm3', 'M6', 'A4', 'P8']	[0, 3, 6, 9]	[1, 4, 7, 10]
31	3.0	0.5	0.5	['E3', 'B3', 'D4', 'F4', 'G#4', 'D5']	['P5', 'm7', 'm9', 'M10', 'm14', 'm3', 'd5', 'M6', 'm10', 'A4', 'P8', 'A2']	[0, 1, 3, 6, 9]	[8, 11, 2, 4, 5]
31	3.5	0.25	0.25	['E3', 'B3', 'D4', 'F4', 'G#4', 'C5']	['P5', 'm7', 'm9', 'M10', 'm13', 'm3', 'd5', 'M6', 'A4', 'A2', 'd4']	[0, 1, 3, 5, 6, 9]	[11, 0, 2, 4, 5, 8]
31	3.75	0.125	0.25	['E3', 'B3', 'D4', 'F4', 'G#4', 'B4']	['P5', 'm7', 'm9', 'M10', 'P12', 'm3', 'd5', 'M6', 'P8', 'A4', 'A2']	[0, 1, 3, 6, 9]	[8, 11, 2, 4, 5]
32	1.0	1.0	1.0	['E3', 'C4', 'E4', 'A4', 'B4']	['m6', 'P8', 'P11', 'P12', 'M3', 'M6', 'M7', 'P4', 'P5', 'M2']	[0, 2, 3, 7]	[9, 11, 0, 4]
32	2.0	0.5	0.5	['E3', 'C4', 'E4', 'A4', 'C5']	['m6', 'P8', 'P11', 'm13', 'M3', 'M6', 'P4', 'm3']	[0, 3, 7]	[9, 0, 4]
32	2.5	0.25	0.5	['E3', 'C4', 'E4', 'C5', 'E5']	['m6', 'P8', 'm13', 'P15', 'M3', 'M10']	[0, 4]	[0, 4]
32	3.0	0.5	0.5	['E3', 'B3', 'D4', 'F4', 'B4', 'D5']	['P5', 'm7', 'm9', 'P12', 'm14', 'm3', 'd5', 'P8', 'm10', 'M6', 'A4']	[0, 1, 3, 6]	[11, 2, 4, 5]
32	3.5	0.25	0.25	['E3', 'A3', 'C4', 'D#4', 'A4', 'C5', 'D5']	['P4', 'm6', 'M7', 'P11', 'm13', 'm14', 'm3', 'A4', 'P8', 'm10', 'A2', 'M6', 'M9', 'd5', 'd7', 'd8', 'M2']	[0, 1, 2, 4, 7]	[9, 0, 2, 3, 4]
32	3.75	0.125	0.25	['E3', 'A3', 'C4', 'D#4', 'A4', 'C5']	['P4', 'm6', 'M7', 'P11', 'm13', 'm3', 'A4', 'P8', 'm10', 'A2', 'M6', 'd5', 'd7']	[0, 1, 4, 7]	[9, 0, 3, 4]
33	1.0	1.0	0.5	['E3', 'G#3', 'B3', 'E4', 'G#4', 'B4']	['M3', 'P5', 'P8', 'M10', 'P12', 'm3', 'm6', 'm10', 'P4', 'M6']	[0, 3, 7]	[4, 8, 11]
33	1.5	0.25	1.0	['E3', 'E4', 'B4']	['P8', 'P12', 'P5']	[0, 5]	[11, 4]
33	2.5	0.25	0.5	['G3', 'B3', 'D4', 'G4', 'B4']	['M3', 'P5', 'P8', 'M10', 'm3', 'm6', 'P4', 'M6']	[0, 3, 7]	[7, 11, 2]
33	3.0	0.5	0.5	['B3', 'D4', 'B4']	['m3', 'P8', 'M6']	[0, 3]	[11, 2]
33	3.5	0.25	0.25	['G3', 'B3', 'D4', 'G4', 'B4']	['M3', 'P5', 'P8', 'M10', 'm3', 'm6', 'P4', 'M6']	[0, 3, 7]	[7, 11, 2]
33	3.75	0.125	0.25	['G3', 'B3', 'D4', 'G4', 'B4']	['M3', 'P5', 'P8', 'M10', 'm3', 'm6', 'P4', 'M6']	[0, 3, 7]	[7, 11, 2]
34	1.0	1.0	1.0	['F3', 'B3', 'D4', 'A-4', 'D5']	['A4', 'M6', 'm10', 'M13', 'm3', 'd7', 'd5', 'P8']	[0, 3, 6, 9]	[2, 5, 8, 11]
34	2.0	0.5	0.5	['F3', 'B3', 'D4', 'A-4', 'B4']	['A4', 'M6', 'm10', 'A11', 'm3', 'd7', 'P8', 'd5', 'A2']	[0, 3, 6, 9]	[2, 5, 8, 11]
34	2.5	0.25	0.5	['G3', 'B3', 'D4', 'G4', 'B4']	['M3', 'P5', 'P8', 'M10', 'm3', 'm6', 'P4', 'M6']	[0, 3, 7]	[7, 11, 2]
34	3.0	0.5	0.5	['B3', 'D4', 'B4']	['m3', 'P8', 'M6']	[0, 3]	[11, 2]
34	3.5	0.25	0.25	['G3', 'B3', 'D4', 'G4', 'B4']	['M3', 'P5', 'P8', 'M10', 'm3', 'm6', 'P4', 'M6']	[0, 3, 7]	[7, 11, 2]
34	3.75	0.125	0.25	['G3', 'B3', 'D4', 'G4', 'B4']	['M3', 'P5', 'P8', 'M10', 'm3', 'm6', 'P4', 'M6']	[0, 3, 7]	[7, 11, 2]
35	1.0	1.0	1.0	['F3', 'B3', 'D4', 'A-4', 'D5']	['A4', 'M6', 'm10', 'M13', 'm3', 'd7', 'd5', 'P8']	[0, 3, 6, 9]	[2, 5, 8, 11]
35	2.0	0.5	0.5	['F3', 'B3', 'D4', 'A-4', 'B4']	['A4', 'M6', 'm10', 'A11', 'm3', 'd7', 'P8', 'd5', 'A2']	[0, 3, 6, 9]	[2, 5, 8, 11]
35	2.5	0.25	0.5	['F3', 'B3', 'D4', 'A-4', 'D5']	['A4', 'M6', 'm10', 'M13', 'm3', 'd7', 'd5', 'P8']	[0, 3, 6, 9]	[2, 5, 8, 11]
35	3.0	0.5	0.5	['F3', 'C4', 'E-4', 'G-4', 'A4', 'E-5']	['P5', 'm7', 'm9', 'M10', 'm14', 'm3', 'd5', 'M6', 'm10', 'A4', 'P8', 'A2']	[0, 1, 3, 6, 9]	[9, 0, 3, 5, 6]
35	3.5	0.25	0.25	['F3', 'C4', 'E-4', 'G-4', 'A4', 'D-5']	['P5', 'm7', 'm9', 'M10', 'm13', 'm3', 'd5', 'M6', 'A4', 'A2', 'd4']	[0, 1, 3, 5, 6, 9]	[0, 1, 3, 5, 6, 9]
35	3.75	0.125	0.25	['F3', 'C4', 'E-4', 'G-4', 'A4', 'C5']	['P5', 'm7', 'm9', 'M10', 'P12', 'm3', 'd5', 'M6', 'P8', 'A4', 'A2']	[0, 1, 3, 6, 9]	[9, 0, 3, 5, 6]
36	1.0	1.0	1.0	['F3', 'D-4', 'F4', 'B-4', 'C5']	['m6', 'P8', 'P11', 'P12', 'M3', 'M6', 'M7', 'P4', 'P5', 'M2']	[0, 2, 3, 7]	[10, 0, 1, 5]
36	2.0	0.5	0.5	['F3', 'D-4', 'F4', 'B-4', 'D-5']	['m6', 'P8', 'P11', 'm13', 'M3', 'M6', 'P4', 'm3']	[0, 3, 7]	[10, 1, 5]
36	2.5	0.25	0.5	['F3', 'D-4', 'F4', 'D-5', 'F5']	['m6', 'P8', 'm13', 'P15', 'M3', 'M10']	[0, 4]	[1, 5]
36	3.0	0.5	0.5	['F3', 'C4', 'E-4', 'F4', 'C5', 'E-5']	['P5', 'm7', 'P8', 'P12', 'm14', 'm3', 'P4', 'm10', 'M2', 'M6']	[0, 2, 5]	[0, 3, 5]
36	3.5	0.25	0.5	['F3', 'A3', 'C4', 'F4', 'A4', 'C5']	['M3', 'P5', 'P8', 'M10', 'P12', 'm3', 'm6', 'm10', 'P4', 'M6']	[0, 3, 7]	[5, 9, 0]
37	1.0	1.0	1.5	['E3', 'C4', 'E4', 'C5', 'E5']	['m6', 'P8', 'm13', 'P15', 'M3', 'M10']	[0, 4]	[0, 4]
37	2.5	0.25	0.5	['E3', 'B3', 'D4', 'F4', 'B4', 'D5']	['P5', 'm7', 'm9', 'P12', 'm14', 'm3', 'd5', 'P8', 'm10', 'M6', 'A4']	[0, 1, 3, 6]	[11, 2, 4, 5]
37	3.0	0.5	0.5	['E3', 'A3', 'C4', 'E4', 'A4', 'C5']	['P4', 'm6', 'P8', 'P11', 'm13', 'm3', 'P5', 'm10', 'M3', 'M6']	[0, 3, 7]	[9, 0, 4]
37	3.5	0.25	0.5	['E3', 'G#3', 'B3', 'D4', 'E4', 'G#4', 'B4']	['M3', 'P5', 'm7', 'P8', 'M10', 'P12', 'm3', 'd5', 'm6', 'm10', 'P4', 'M6', 'M2', 'A4']	[0, 2, 5, 8]	[8, 11, 2, 4]
38	1.0	1.0	0.5	['A2', 'E3', 'A3', 'C4', 'E4', 'A4']	['P5', 'P8', 'm10', 'P12', 'P15', 'P4', 'm6', 'P11', 'm3', 'M3', 'M6']	[0, 3, 7]	[9, 0, 4]
38	1.5	0.25	0.5	['F2', 'D-3', 'F3', 'D-4', 'F4']	['m6', 'P8', 'm13', 'P15', 'M3', 'M10']	[0, 4]	[1, 5]
38	2.0	0.5	0.5	['F2', 'D-3', 'F3', 'D-4', 'F4']	['m6', 'P8', 'm13', 'P15', 'M3', 'M10']	[0, 4]	[1, 5]
38	2.5	0.25	0.5	['F2', 'D-3', 'F3', 'D-4', 'F4', 'F5']	['m6', 'P8', 'm13', 'P15', 'P22', 'M3', 'M10', 'M17']	[0, 4]	[1, 5]
38	3.0	0.5	0.5	['F2', 'C3', 'E-3', 'F3', 'C4', 'E-4', 'E-5']	['P5', 'm7', 'P8', 'P12', 'm14', 'm21', 'm3', 'P4', 'm10', 'm17', 'M2', 'M6', 'P15']	[0, 2, 5]	[0, 3, 5]
38	3.5	0.25	0.25	['F2', 'A2', 'C3', 'F3', 'A3', 'C4', 'E-5']	['M3', 'P5', 'P8', 'M10', 'P12', 'm21', 'm3', 'm6', 'm10', 'd19', 'P4', 'M6', 'm17', 'm14', 'd12']	[0, 2, 5, 8]	[9, 0, 3, 5]
38	3.75	0.125	0.25	['F2', 'A2', 'C3', 'F3', 'A3', 'C4', 'C5']	['M3', 'P5', 'P8', 'M10', 'P12', 'P19', 'm3', 'm6', 'm10', 'm17', 'P4', 'M6', 'P15']	[0, 3, 7]	[5, 9, 0]
39	1.0	1.0	1.5	['E2', 'C3', 'E3', 'C4', 'E4', 'E5']	['m6', 'P8', 'm13', 'P15', 'P22', 'M3', 'M10', 'M17']	[0, 4]	[0, 4]
39	2.5	0.25	0.5	['E2', 'B2', 'F3', 'B3', 'D4', 'D5']	['P5', 'm9', 'P12', 'm14', 'm21', 'd5', 'P8', 'm10', 'm17', 'A4', 'M6', 'M13', 'm3']	[0, 1, 3, 6]	[11, 2, 4, 5]
39	3.0	0.5	0.5	['E2', 'C3', 'E3', 'A3', 'C4', 'C5']	['m6', 'P8', 'P11', 'm13', 'm20', 'M3', 'M6', 'P15', 'P4', 'm3', 'm10']	[0, 3, 7]	[9, 0, 4]
39	3.5	0.25	0.5	['E2', 'G#2', 'B2', 'D3', 'E3', 'G#3', 'B3', 'B4']	['M3', 'P5', 'm7', 'P8', 'M10', 'P12', 'P19', 'm3', 'd5', 'm6', 'm10', 'm17', 'P4', 'M6', 'P15', 'M2', 'A4', 'M13']	[0, 2, 5, 8]	[8, 11, 2, 4]
40	1.0	1.0	0.5	['A1', 'A2', 'C#3', 'E3', 'A3', 'A4']	['P8', 'M10', 'P12', 'P15', 'P22', 'M3', 'P5', 'm3', 'm6', 'm13', 'P4', 'P11']	[0, 3, 7]	[9, 1, 4]
40	1.5	0.25	1.0	['A2', 'E3', 'A3', 'C#4', 'E4', 'A4']	['P5', 'P8', 'M10', 'P12', 'P15', 'P4', 'M6', 'P11', 'M3', 'm3', 'm6']	[0, 3, 7]	[9, 1, 4]
40	2.5	0.25	0.5	['A2', 'C#3', 'E3', 'A3', 'C#4', 'E4', 'C#5']	['M3', 'P5', 'P8', 'M10', 'P12', 'M17', 'm3', 'm6', 'm10', 'P15', 'P4', 'M6', 'M13']	[0, 3, 7]	[9, 1, 4]
40	3.0	0.5	0.5	['A2', 'B2', 'E3', 'G#3', 'D4', 'E4', 'D5']	['M2', 'P5', 'M7', 'P11', 'P12', 'P18', 'P4', 'M6', 'm10', 'm17', 'M3', 'm7', 'P8', 'm14', 'd5', 'm6', 'd12']	[0, 1, 3, 6, 8]	[8, 9, 11, 2, 4]
40	3.5	0.25	0.25	['A2', 'D3', 'E3', 'G#3', 'B3', 'E4', 'C#5']	['P4', 'P5', 'M7', 'M9', 'P12', 'M17', 'M2', 'A4', 'M6', 'M14', 'M3', 'P8', 'M13', 'm3', 'm6', 'P11']	[0, 1, 3, 5, 6, 8]	[8, 9, 11, 1, 2, 4]
40	3.75	0.125	0.25	['A2', 'D3', 'E3', 'G#3', 'B3', 'E4', 'B4']	['P4', 'P5', 'M7', 'M9', 'P12', 'M16', 'M2', 'A4', 'M6', 'M13', 'M3', 'P8', 'm3', 'm6', 'm10']	[0, 1, 3, 6, 8]	[8, 9, 11, 2, 4]
41	1.0	1.0	0.5	['A2', 'C#3', 'E3', 'A3', 'C#4', 'E4', 'C#5']	['M3', 'P5', 'P8', 'M10', 'P12', 'M17', 'm3', 'm6', 'm10', 'P15', 'P4', 'M6', 'M13']	[0, 3, 7]	[9, 1, 4]
41	1.5	0.25	0.5	['A2', 'C#3', 'E3', 'A3', 'C#4', 'A4', 'C#5']	['M3', 'P5', 'P8', 'M10', 'P15', 'M17', 'm3', 'm6', 'm13', 'P4', 'M6', 'P11', 'M13']	[0, 3, 7]	[9, 1, 4]
41	2.0	0.5	0.5	['A2', 'C#3', 'E3', 'A3', 'C#4', 'A4', 'E5']	['M3', 'P5', 'P8', 'M10', 'P15', 'P19', 'm3', 'm6', 'm13', 'm17', 'P4', 'M6', 'P11', 'P12', 'm10']	[0, 3, 7]	[9, 1, 4]
41	2.5	0.25	0.5	['A2', 'C#3', 'E3', 'A3', 'C#4', 'E4', 'C#5']	['M3', 'P5', 'P8', 'M10', 'P12', 'M17', 'm3', 'm6', 'm10', 'P15', 'P4', 'M6', 'M13']	[0, 3, 7]	[9, 1, 4]
41	3.0	0.5	0.5	['A2', 'B2', 'E3', 'G#3', 'D4', 'E4', 'D5']	['M2', 'P5', 'M7', 'P11', 'P12', 'P18', 'P4', 'M6', 'm10', 'm17', 'M3', 'm7', 'P8', 'm14', 'd5', 'm6', 'd12']	[0, 1, 3, 6, 8]	[8, 9, 11, 2, 4]
41	3.5	0.25	0.25	['A2', 'D3', 'E3', 'G#3', 'B3', 'E4', 'C#5']	['P4', 'P5', 'M7', 'M9', 'P12', 'M17', 'M2', 'A4', 'M6', 'M14', 'M3', 'P8', 'M13', 'm3', 'm6', 'P11']	[0, 1, 3, 5, 6, 8]	[8, 9, 11, 1, 2, 4]
41	3.75	0.125	0.25	['A2', 'D3', 'E3', 'G#3', 'B3', 'E4', 'B4']	['P4', 'P5', 'M7', 'M9', 'P12', 'M16', 'M2', 'A4', 'M6', 'M13', 'M3', 'P8', 'm3', 'm6', 'm10']	[0, 1, 3, 6, 8]	[8, 9, 11, 2, 4]
42	1.0	1.0	0.5	['A2', 'C#3', 'E3', 'A3', 'C#4', 'E4', 'C#5']	['M3', 'P5', 'P8', 'M10', 'P12', 'M17', 'm3', 'm6', 'm10', 'P15', 'P4', 'M6', 'M13']	[0, 3, 7]	[9, 1, 4]
42	1.5	0.25	0.5	['A2', 'E3', 'A3', 'C#4', 'A4', 'C#5']	['P5', 'P8', 'M10', 'P15', 'M17', 'P4', 'M6', 'P11', 'M13', 'M3', 'm6']	[0, 3, 7]	[9, 1, 4]
42	2.0	0.5	0.5	['A2', 'E3', 'A3', 'C#4', 'A4', 'E5']	['P5', 'P8', 'M10', 'P15', 'P19', 'P4', 'M6', 'P11', 'M3', 'P12', 'm6', 'm10']	[0, 3, 7]	[9, 1, 4]
42	2.5	0.25	0.5	['A2', 'A3', 'C#4', 'E4', 'C#5']	['P8', 'M10', 'P12', 'M17', 'M3', 'P5', 'm3', 'M6']	[0, 3, 7]	[9, 1, 4]
42	3.0	0.5	0.5	['A1', 'A2', 'A3', 'C4', 'D#4', 'F#4', 'F#5']	['P8', 'P15', 'm17', 'A18', 'M20', 'M27', 'm10', 'A11', 'M13', 'm3', 'A4', 'M6', 'A2']	[0, 3, 6, 9]	[0, 3, 6, 9]
42	3.5	0.25	0.25	['A1', 'A2', 'A3', 'C4', 'D#4', 'F#4', 'F#5']	['P8', 'P15', 'm17', 'A18', 'M20', 'M27', 'm10', 'A11', 'M13', 'm3', 'A4', 'M6', 'A2']	[0, 3, 6, 9]	[0, 3, 6, 9]
42	3.75	0.125	0.25	['A1', 'A2', 'A3', 'C4', 'D#4', 'F#4', 'F#5']	['P8', 'P15', 'm17', 'A18', 'M20', 'M27', 'm10', 'A11', 'M13', 'm3', 'A4', 'M6', 'A2']	[0, 3, 6, 9]	[0, 3, 6, 9]
43	1.0	1.0	2.0	['G#1', 'G#2', 'G#3', 'B#3', 'D#4', 'F#4', 'F#5']	['P8', 'P15', 'M17', 'P19', 'm21', 'm28', 'M10', 'P12', 'm14', 'M3', 'P5', 'm7', 'm3', 'd5', 'd12', 'm10']	[0, 2, 5, 8]	[0, 3, 6, 8]
43	3.0	0.5	0.5	['C#2', 'C#3', 'G#3', 'C#4', 'E4', 'E5']	['P8', 'P12', 'P15', 'm17', 'm24', 'P5', 'm10', 'P4', 'm6', 'm13', 'm3']	[0, 3, 7]	[1, 4, 8]
43	3.5	0.25	0.5	['D2', 'D3', 'F3', 'B3', 'D4', 'D5']	['P8', 'm10', 'M13', 'P15', 'P22', 'm3', 'M6', 'A4']	[0, 3, 6]	[11, 2, 5]
44	1.0	1.0	1.5	['E2', 'E3', 'A3', 'C#4', 'C#5']	['P8', 'P11', 'M13', 'M20', 'P4', 'M6', 'M3', 'M10']	[0, 3, 7]	[9, 1, 4]
44	2.5	0.25	0.5	['E2', 'E3', 'A3', 'C4', 'C5']	['P8', 'P11', 'm13', 'm20', 'P4', 'm6', 'm3', 'm10']	[0, 3, 7]	[9, 0, 4]
44	3.0	0.5	0.5	['E2', 'E3', 'A3', 'B3', 'B4', 'E5']	['P8', 'P11', 'P12', 'P19', 'P22', 'P4', 'P5', 'P15', 'M2', 'M9']	[0, 2, 7]	[9, 11, 4]
44	3.5	0.25	0.25	['E2', 'D3', 'E3', 'G#3', 'B3', 'E5']	['m7', 'P8', 'M10', 'P12', 'P22', 'M2', 'A4', 'M6', 'M16', 'M3', 'P5', 'P15', 'm3', 'm13', 'P11']	[0, 2, 5, 8]	[8, 11, 2, 4]
44	3.75	0.125	0.25	['E2', 'D3', 'E3', 'G#3', 'B3', 'G#4']	['m7', 'P8', 'M10', 'P12', 'M17', 'M2', 'A4', 'M6', 'A11', 'M3', 'P5', 'm3']	[0, 2, 5, 8]	[8, 11, 2, 4]
45	1.0	1.0	0.5	['A1', 'A2', 'C#3', 'E3', 'A3', 'A4']	['P8', 'M10', 'P12', 'P15', 'P22', 'M3', 'P5', 'm3', 'm6', 'm13', 'P4', 'P11']	[0, 3, 7]	[9, 1, 4]
45	1.5	0.25	1.0	['A2', 'E3', 'A3', 'C#4', 'E4', 'A4']	['P5', 'P8', 'M10', 'P12', 'P15', 'P4', 'M6', 'P11', 'M3', 'm3', 'm6']	[0, 3, 7]	[9, 1, 4]
45	2.5	0.25	0.5	['A2', 'C#3', 'E3', 'A3', 'C#4', 'E4', 'C#5']	['M3', 'P5', 'P8', 'M10', 'P12', 'M17', 'm3', 'm6', 'm10', 'P15', 'P4', 'M6', 'M13']	[0, 3, 7]	[9, 1, 4]
45	3.0	0.5	0.5	['A2', 'B2', 'E3', 'G#3', 'D4', 'E4', 'D5']	['M2', 'P5', 'M7', 'P11', 'P12', 'P18', 'P4', 'M6', 'm10', 'm17', 'M3', 'm7', 'P8', 'm14', 'd5', 'm6', 'd12']	[0, 1, 3, 6, 8]	[8, 9, 11, 2, 4]
45	3.5	0.25	0.25	['A2', 'D3', 'E3', 'G#3', 'B3', 'E4', 'C#5']	['P4', 'P5', 'M7', 'M9', 'P12', 'M17', 'M2', 'A4', 'M6', 'M14', 'M3', 'P8', 'M13', 'm3', 'm6', 'P11']	[0, 1, 3, 5, 6, 8]	[8, 9, 11, 1, 2, 4]
45	3.75	0.125	0.25	['A2', 'D3', 'E3', 'G#3', 'B3', 'E4', 'B4']	['P4', 'P5', 'M7', 'M9', 'P12', 'M16', 'M2', 'A4', 'M6', 'M13', 'M3', 'P8', 'm3', 'm6', 'm10']	[0, 1, 3, 6, 8]	[8, 9, 11, 2, 4]
46	1.0	1.0	0.5	['A2', 'C#3', 'E3', 'A3', 'C#4', 'E4', 'C#5']	['M3', 'P5', 'P8', 'M10', 'P12', 'M17', 'm3', 'm6', 'm10', 'P15', 'P4', 'M6', 'M13']	[0, 3, 7]	[9, 1, 4]
46	1.5	0.25	0.5	['A2', 'E3', 'A3', 'C#4', 'A4', 'C#5']	['P5', 'P8', 'M10', 'P15', 'M17', 'P4', 'M6', 'P11', 'M13', 'M3', 'm6']	[0, 3, 7]	[9, 1, 4]
46	2.0	0.5	0.5	['A2', 'E3', 'A3', 'C#4', 'A4', 'E5']	['P5', 'P8', 'M10', 'P15', 'P19', 'P4', 'M6', 'P11', 'M3', 'P12', 'm6', 'm10']	[0, 3, 7]	[9, 1, 4]
46	2.5	0.25	0.5	['A2', 'C#3', 'E3', 'A3', 'C#4', 'E4', 'C#5']	['M3', 'P5', 'P8', 'M10', 'P12', 'M17', 'm3', 'm6', 'm10', 'P15', 'P4', 'M6', 'M13']	[0, 3, 7]	[9, 1, 4]
46	3.0	0.5	0.5	['A2', 'B2', 'E3', 'G#3', 'D4', 'E4', 'D5']	['M2', 'P5', 'M7', 'P11', 'P12', 'P18', 'P4', 'M6', 'm10', 'm17', 'M3', 'm7', 'P8', 'm14', 'd5', 'm6', 'd12']	[0, 1, 3, 6, 8]	[8, 9, 11, 2, 4]
46	3.5	0.25	0.25	['A2', 'D3', 'E3', 'G#3', 'B3', 'E4', 'C#5']	['P4', 'P5', 'M7', 'M9', 'P12', 'M17', 'M2', 'A4', 'M6', 'M14', 'M3', 'P8', 'M13', 'm3', 'm6', 'P11']	[0, 1, 3, 5, 6, 8]	[8, 9, 11, 1, 2, 4]
46	3.75	0.125	0.25	['A2', 'D3', 'E3', 'G#3', 'B3', 'E4', 'B4']	['P4', 'P5', 'M7', 'M9', 'P12', 'M16', 'M2', 'A4', 'M6', 'M13', 'M3', 'P8', 'm3', 'm6', 'm10']	[0, 1, 3, 6, 8]	[8, 9, 11, 2, 4]
47	1.0	1.0	0.5	['A2', 'C#3', 'E3', 'A3', 'C#4', 'E4', 'C#5']	['M3', 'P5', 'P8', 'M10', 'P12', 'M17', 'm3', 'm6', 'm10', 'P15', 'P4', 'M6', 'M13']	[0, 3, 7]	[9, 1, 4]
47	1.5	0.25	0.5	['A2', 'E3', 'A3', 'C#4', 'A4', 'C#5']	['P5', 'P8', 'M10', 'P15', 'M17', 'P4', 'M6', 'P11', 'M13', 'M3', 'm6']	[0, 3, 7]	[9, 1, 4]
47	2.0	0.5	0.5	['A2', 'E3', 'A3', 'C#4', 'A4', 'E5']	['P5', 'P8', 'M10', 'P15', 'P19', 'P4', 'M6', 'P11', 'M3', 'P12', 'm6', 'm10']	[0, 3, 7]	[9, 1, 4]
47	2.5	0.25	0.5	['A1', 'A2', 'A3', 'C#4', 'E4', 'C#5']	['P8', 'P15', 'M17', 'P19', 'M24', 'M10', 'P12', 'M3', 'P5', 'm3', 'M6']	[0, 3, 7]	[9, 1, 4]
47	3.0	0.5	0.5	['A1', 'A2', 'A3', 'C4', 'D#4', 'F#4', 'F#5']	['P8', 'P15', 'm17', 'A18', 'M20', 'M27', 'm10', 'A11', 'M13', 'm3', 'A4', 'M6', 'A2']	[0, 3, 6, 9]	[0, 3, 6, 9]
47	3.5	0.25	0.25	['A1', 'A2', 'A3', 'C4', 'D#4', 'F#4', 'F#5']	['P8', 'P15', 'm17', 'A18', 'M20', 'M27', 'm10', 'A11', 'M13', 'm3', 'A4', 'M6', 'A2']	[0, 3, 6, 9]	[0, 3, 6, 9]
47	3.75	0.125	0.25	['A1', 'A2', 'A3', 'C4', 'D#4', 'F#4', 'F#5']	['P8', 'P15', 'm17', 'A18', 'M20', 'M27', 'm10', 'A11', 'M13', 'm3', 'A4', 'M6', 'A2']	[0, 3, 6, 9]	[0, 3, 6, 9]
48	1.0	1.0	2.0	['G#1', 'B1', 'G#2', 'G#3', 'B#3', 'D#4', 'F#4', 'F#5']	['m3', 'P8', 'P15', 'M17', 'P19', 'm21', 'm28', 'M6', 'M13', 'A15', 'P26', 'M10', 'P12', 'm14', 'M3', 'P5', 'm7', 'd5', 'd12', 'm10']	[0, 1, 4, 6, 9]	[3, 6, 8, 11, 0]
48	3.0	0.5	0.5	['C#2', 'C#3', 'G#3', 'C#4', 'E4', 'E5']	['P8', 'P12', 'P15', 'm17', 'm24', 'P5', 'm10', 'P4', 'm6', 'm13', 'm3']	[0, 3, 7]	[1, 4, 8]
48	3.5	0.25	0.5	['D2', 'D3', 'F3', 'B3', 'D4', 'D5']	['P8', 'm10', 'M13', 'P15', 'P22', 'm3', 'M6', 'A4']	[0, 3, 6]	[11, 2, 5]
49	1.0	1.0	1.5	['E2', 'E3', 'A3', 'C#4', 'C#5']	['P8', 'P11', 'M13', 'M20', 'P4', 'M6', 'M3', 'M10']	[0, 3, 7]	[9, 1, 4]
49	2.5	0.25	0.5	['E2', 'E3', 'A3', 'C4', 'C5']	['P8', 'P11', 'm13', 'm20', 'P4', 'm6', 'm3', 'm10']	[0, 3, 7]	[9, 0, 4]
49	3.0	0.5	0.5	['E2', 'D3', 'E3', 'G#3', 'B3', 'B4', 'E5']	['m7', 'P8', 'M10', 'P12', 'P19', 'P22', 'M2', 'A4', 'M6', 'M13', 'M16', 'M3', 'P5', 'P15', 'm3', 'm10', 'm13', 'P11', 'P4']	[0, 2, 5, 8]	[8, 11, 2, 4]
49	3.5	0.25	0.5	['E2', 'C#3', 'E3', 'G3', 'A#3', 'E5']	['M6', 'P8', 'm10', 'A11', 'P22', 'm3', 'd5', 'm17', 'A4', 'P15', 'A2', 'M13', 'd12']	[0, 3, 6, 9]	[1, 4, 7, 10]
50	1.0	1.0	0.5	['E2', 'D3', 'E3', 'G#3', 'B3', 'E5']	['m7', 'P8', 'M10', 'P12', 'P22', 'M2', 'A4', 'M6', 'M16', 'M3', 'P5', 'P15', 'm3', 'm13', 'P11']	[0, 2, 5, 8]	[8, 11, 2, 4]
50	1.5	0.25	0.5	['E2', 'D3', 'E3', 'G#3', 'B3', 'D#5']	['m7', 'P8', 'M10', 'P12', 'M21', 'M2', 'A4', 'M6', 'A15', 'M3', 'P5', 'M14', 'm3']	[0, 1, 2, 5, 8]	[8, 11, 2, 3, 4]
50	2.0	0.5	0.5	['E2', 'D3', 'E3', 'G#3', 'B3', 'E5']	['m7', 'P8', 'M10', 'P12', 'P22', 'M2', 'A4', 'M6', 'M16', 'M3', 'P5', 'P15', 'm3', 'm13', 'P11']	[0, 2, 5, 8]	[8, 11, 2, 4]
50	2.5	0.25	0.5	['E2', 'C#3', 'E3', 'G3', 'A#3', 'E5']	['M6', 'P8', 'm10', 'A11', 'P22', 'm3', 'd5', 'm17', 'A4', 'P15', 'A2', 'M13', 'd12']	[0, 3, 6, 9]	[1, 4, 7, 10]
50	3.0	0.5	0.5	['E2', 'D3', 'E3', 'G#3', 'B3', 'E5']	['m7', 'P8', 'M10', 'P12', 'P22', 'M2', 'A4', 'M6', 'M16', 'M3', 'P5', 'P15', 'm3', 'm13', 'P11']	[0, 2, 5, 8]	[8, 11, 2, 4]
50	3.5	0.25	0.5	['E2', 'D3', 'E3', 'G#3', 'B3', 'F#5']	['m7', 'P8', 'M10', 'P12', 'M23', 'M2', 'A4', 'M6', 'M17', 'M3', 'P5', 'M16', 'm3', 'm14']	[0, 2, 4, 6, 9]	[2, 4, 6, 8, 11]
51	1.0	1.0	0.5	['E2', 'D3', 'E3', 'G#3', 'B3', 'E5']	['m7', 'P8', 'M10', 'P12', 'P22', 'M2', 'A4', 'M6', 'M16', 'M3', 'P5', 'P15', 'm3', 'm13', 'P11']	[0, 2, 5, 8]	[8, 11, 2, 4]
51	1.5	0.25	0.5	['E2', 'C#3', 'E3', 'G3', 'A#3', 'E5']	['M6', 'P8', 'm10', 'A11', 'P22', 'm3', 'd5', 'm17', 'A4', 'P15', 'A2', 'M13', 'd12']	[0, 3, 6, 9]	[1, 4, 7, 10]
51	2.0	0.5	0.5	['E2', 'D3', 'E3', 'G#3', 'B3', 'E5']	['m7', 'P8', 'M10', 'P12', 'P22', 'M2', 'A4', 'M6', 'M16', 'M3', 'P5', 'P15', 'm3', 'm13', 'P11']	[0, 2, 5, 8]	[8, 11, 2, 4]
51	2.5	0.25	0.5	['E2', 'D3', 'E3', 'G#3', 'B3', 'F#5']	['m7', 'P8', 'M10', 'P12', 'M23', 'M2', 'A4', 'M6', 'M17', 'M3', 'P5', 'M16', 'm3', 'm14']	[0, 2, 4, 6, 9]	[2, 4, 6, 8, 11]
51	3.0	0.5	0.75	['E2', 'D3', 'E3', 'G#3', 'B3', 'E5']	['m7', 'P8', 'M10', 'P12', 'P22', 'M2', 'A4', 'M6', 'M16', 'M3', 'P5', 'P15', 'm3', 'm13', 'P11']	[0, 2, 5, 8]	[8, 11, 2, 4]
51	3.75	0.125	0.25	['E2', 'D3', 'E3', 'G#3', 'B3', 'G#4']	['m7', 'P8', 'M10', 'P12', 'M17', 'M2', 'A4', 'M6', 'A11', 'M3', 'P5', 'm3']	[0, 2, 5, 8]	[8, 11, 2, 4]
52	1.0	1.0	0.5	['A1', 'A2', 'C#3', 'E3', 'A3', 'A4']	['P8', 'M10', 'P12', 'P15', 'P22', 'M3', 'P5', 'm3', 'm6', 'm13', 'P4', 'P11']	[0, 3, 7]	[9, 1, 4]
52	1.5	0.25	1.0	['A2', 'A3', 'A4']	['P8', 'P15']	[0]	[9]
52	2.5	0.25	0.5	['A2', 'A3', 'A4']	['P8', 'P15']	[0]	[9]
52	3.0	0.5	0.5	['A2', 'A3']	['P8']	[0]	[9]
52	3.5	0.25	0.5	['A2', 'A3', 'B3']	['P8', 'M9', 'M2']	[0, 2]	[9, 11]
53	1.0	1.0	1.0	['A2', 'E3', 'A3', 'C4']	['P5', 'P8', 'm10', 'P4', 'm6', 'm3']	[0, 3, 7]	[9, 0, 4]
53	2.0	0.5	2.0	['A2', 'C3', 'A3', 'E4']	['m3', 'P8', 'P12', 'M6', 'M10', 'P5']	[0, 3, 7]	[9, 0, 4]
54	1.0	1.0	1.5	['F2', 'C3', 'A3', 'G4']	['P5', 'M10', 'M16', 'M6', 'P12', 'm7']	[0, 2, 4, 7]	[5, 7, 9, 0]
54	2.5	0.25	0.5	['F2', 'C3', 'A3', 'F4']	['P5', 'M10', 'P15', 'M6', 'P11', 'm6']	[0, 3, 7]	[5, 9, 0]
54	3.0	0.5	0.5	['F2', 'C3', 'A3', 'C4']	['P5', 'M10', 'P12', 'M6', 'P8', 'm3']	[0, 3, 7]	[5, 9, 0]
54	3.5	0.25	0.5	['F2', 'A2', 'A3', 'D4']	['M3', 'M10', 'M13', 'P8', 'P11', 'P4']	[0, 3, 7]	[2, 5, 9]
55	1.0	1.0	3.0	['E2', 'B2', 'G#3', 'E4']	['P5', 'M10', 'P15', 'M6', 'P11', 'm6']	[0, 3, 7]	[4, 8, 11]
56	1.0	1.0	3.0	['A1', 'A2', 'E3', 'A3', 'C4']	['P8', 'P12', 'P15', 'm17', 'P5', 'm10', 'P4', 'm6', 'm3']	[0, 3, 7]	[9, 0, 4]
